"id";"name";"imoUviNumber";"uviType";"flagCode";"typeId";"typeScaleId";"sunkScrapped";"updated";"created";"flag";"type";"typeScale";"uviIssfCompliant";"authorizedRfmos";"activeRegionAuthorized";"flagRfmo";"noIuu";"sharkFinningPolicy";"observer";"fullTunaRetention";"skipperEdu";"driftnet";"sharkBestPractice";"fadManagementPolicy"
"15431";"ABRAR";"i7001982";"TUVI/ISSF";"ID";"Handline";"Handline";"B";"07/23/2025 17:40:52";"07/01/2025 14:34:02";"Indonesia";"Handline";"Handline";"IP";"";"NA";"IP";"IP";"IP";"D";"D";"D";"IP";"D";"D"
"15635";"ALZIQRA 1";"i7002126";"TUVI/ISSF";"ID";"Handline";"Handline";"B";"07/02/2026 16:52:35";"07/02/2026 16:51:57";"Indonesia";"Handline";"Handline";"IP";"";"NA";"IP";"IP";"IP";"D";"D";"D";"IP";"D";"D"
"14147";"ANEUK DROE";"i7001653";"TUVI/ISSF";"ID";"Handline";"Handline";"B";"06/04/2026 12:34:09";"07/21/2025 21:32:52";"Indonesia";"Handline";"Handline";"IP";"";"NA";"IP";"IP";"IP";"D";"D";"D";"IP";"D";"D"
"13120";"ANEUK SARI AYU 1";"i7001337";"TUVI/ISSF";"ID";"Handline";"Handline";"B";"07/21/2025 21:53:45";"07/21/2025 21:50:37";"Indonesia";"Handline";"Handline";"Y";"NA(EEZ)";"NA";"Y";"Y";"Y";"D";"D";"D";"Y";"D";"D"
"15626";"ANEUK SARI AYU 2";"i7002117";"TUVI/ISSF";"ID";"Handline";"Handline";"B";"07/31/2025 12:56:18";"07/31/2025 12:56:08";"Indonesia";"Handline";"Handline";"Y";"NA(EEZ)";"NA";"Y";"Y";"Y";"D";"D";"D";"Y";"D";"D"
"15433";"ATA LOEN 1";"i7001984";"TUVI/ISSF";"ID";"Handline";"Handline";"B";"06/04/2026 12:34:38";"07/21/2025 22:04:29";"Indonesia";"Handline";"Handline";"IP";"NA(EEZ)";"NA";"IP";"IP";"IP";"D";"D";"D";"IP";"D";"D"
"15434";"ATA LOEN 2";"i7001985";"TUVI/ISSF";"ID";"Handline";"Handline";"B";"06/04/2026 12:35:07";"07/22/2025 16:31:26";"Indonesia";"Handline";"Handline";"IP";"NA(EEZ)";"NA";"IP";"IP";"IP";"D";"D";"D";"IP";"D";"D"
"15435";"ATA LOEN 3";"i7001986";"TUVI/ISSF";"ID";"Handline";"Handline";"B";"06/04/2026 12:36:02";"07/22/2025 16:33:09";"Indonesia";"Handline";"Handline";"IP";"NA(EEZ)";"NA";"IP";"IP";"IP";"D";"D";"D";"IP";"D";"D"
"15436";"ATA LOEN 4";"i7001987";"TUVI/ISSF";"ID";"Handline";"Handline";"B";"06/04/2026 12:36:32";"07/22/2025 16:35:02";"Indonesia";"Handline";"Handline";"IP";"NA(EEZ)";"NA";"IP";"IP";"IP";"D";"D";"D";"IP";"D";"D"
"15627";"BALAKOSA";"i7002118";"TUVI/ISSF";"ID";"Handline";"Handline";"B";"10/24/2025 09:25:28";"07/08/2024 15:34:33";"Indonesia";"Handline";"Handline";"Y";"NA(EEZ)";"NA";"Y";"Y";"Y";"D";"D";"D";"Y";"D";"D"
"18841";"BALAKOSA 2";"i7003253";"TUVI/ISSF";"ID";"Handline";"Handline";"B";"07/03/2025 11:29:25";"05/22/2025 03:38:49";"Indonesia";"Handline";"Handline";"Y";"NA(EEZ)";"NA";"Y";"Y";"Y";"D";"D";"D";"Y";"D";"D"
"15637";"BAN TIMOH";"i7002128";"TUVI/ISSF";"ID";"Handline";"Handline";"B";"06/04/2026 12:38:04";"07/22/2025 17:31:12";"Indonesia";"Handline";"Handline";"IP";"NA(EEZ)";"NA";"IP";"IP";"IP";"D";"D";"D";"IP";"D";"D"
"15438";"BARCA JUNIOR";"i7001989";"TUVI/ISSF";"ID";"Handline";"Handline";"B";"06/04/2026 12:38:26";"07/22/2025 17:32:37";"Indonesia";"Handline";"Handline";"IP";"NA(EEZ)";"NA";"IP";"IP";"IP";"D";"D";"D";"IP";"D";"D"
"14135";"BARRAKA";"i7001641";"TUVI/ISSF";"ID";"Handline";"Handline";"B";"07/23/2025 11:27:03";"07/22/2025 17:35:28";"Indonesia";"Handline";"Handline";"IP";"";"NA";"IP";"IP";"IP";"D";"D";"D";"IP";"D";"D"
"14292";"BAUGENVILE";"i7001732";"TUVI/ISSF";"ID";"Handline";"Handline";"B";"06/04/2026 12:38:49";"07/22/2025 17:45:55";"Indonesia";"Handline";"Handline";"IP";"NA(EEZ)";"NA";"IP";"IP";"IP";"D";"D";"D";"IP";"D";"D"
"15630";"BERCAHAYA";"i7002121";"TUVI/ISSF";"ID";"Handline";"Handline";"B";"06/23/2026 16:36:27";"07/08/2024 15:23:11";"Indonesia";"Handline";"Handline";"IP";"";"NA";"IP";"IP";"IP";"D";"D";"D";"IP";"D";"D"
"15443";"BIDADARI 2";"i7001994";"TUVI/ISSF";"ID";"Handline";"Handline";"B";"06/04/2026 12:39:14";"07/23/2025 11:39:08";"Indonesia";"Handline";"Handline";"IP";"NA(EEZ)";"NA";"IP";"IP";"IP";"D";"D";"D";"IP";"D";"D"
"15636";"BINTANG BARAT 2";"i7002127";"TUVI/ISSF";"ID";"Handline";"Handline";"B";"06/04/2026 12:40:50";"07/23/2025 17:29:00";"Indonesia";"Handline";"Handline";"IP";"NA(EEZ)";"NA";"IP";"IP";"IP";"D";"D";"D";"IP";"D";"D"
"15442";"DARA BARONA";"i7001993";"TUVI/ISSF";"ID";"Handline";"Handline";"B";"06/04/2026 12:44:03";"08/01/2025 17:32:56";"Indonesia";"Handline";"Handline";"IP";"NA(EEZ)";"NA";"IP";"IP";"IP";"D";"D";"D";"IP";"D";"D"
"14293";"ELANG LAUT";"i7001733";"TUVI/ISSF";"ID";"Handline";"Handline";"B";"06/04/2026 12:44:59";"08/03/2025 17:48:43";"Indonesia";"Handline";"Handline";"IP";"NA(EEZ)";"NA";"IP";"IP";"IP";"D";"D";"D";"IP";"D";"D"
"15614";"ELANG LAUT 9";"i7002104";"TUVI/ISSF";"ID";"Handline";"Handline";"B";"06/04/2026 12:45:21";"08/03/2025 17:53:11";"Indonesia";"Handline";"Handline";"IP";"NA(EEZ)";"NA";"IP";"IP";"IP";"D";"D";"D";"IP";"D";"D"
"13213";"G YOU KOU";"i7001388";"TUVI/ISSF";"ID";"Handline";"Handline";"B";"08/03/2025 18:26:17";"08/03/2025 18:26:07";"Indonesia";"Handline";"Handline";"IP";"";"NA";"IP";"IP";"IP";"D";"D";"D";"IP";"D";"D"
"13230";"IDAMAN PHOEN";"i7001405";"TUVI/ISSF";"ID";"Handline";"Handline";"B";"08/07/2025 16:27:05";"08/07/2025 16:26:56";"Indonesia";"Handline";"Handline";"IP";"";"NA";"IP";"IP";"IP";"D";"D";"D";"IP";"D";"D"
"14144";"JASA IBUNDA";"i7001650";"TUVI/ISSF";"ID";"Handline";"Handline";"B";"08/07/2025 16:37:13";"08/07/2025 16:37:04";"Indonesia";"Handline";"Handline";"IP";"";"NA";"IP";"IP";"IP";"D";"D";"D";"IP";"D";"D"
"15633";"JAYA ABABIL";"i7002124";"TUVI/ISSF";"ID";"Handline";"Handline";"B";"05/26/2025 19:41:07";"07/14/2024 10:31:13";"Indonesia";"Handline";"Handline";"Y";"NA(EEZ)";"NA";"Y";"Y";"Y";"D";"D";"D";"Y";"D";"D"
"15632";"KAPTEN";"i7002123";"TUVI/ISSF";"ID";"Handline";"Handline";"B";"05/26/2025 19:32:27";"07/14/2024 10:29:49";"Indonesia";"Handline";"Handline";"Y";"NA(EEZ)";"NA";"Y";"Y";"Y";"D";"D";"D";"Y";"D";"D"
"19886";"KILAT MAJU JAYA 6";"8585501";"IMO#";"ID";"Handline";"Handline";"B";"07/08/2026 14:56:51";"07/08/2026 14:53:16";"Indonesia";"Handline";"Handline";"Y";"IOTC";"Y";"Y";"Y";"Y";"D";"D";"D";"Y";"D";"D"
"19887";"KILAT MAJU JAYA 7";"8439831";"IMO#";"ID";"Handline";"Handline";"B";"07/08/2026 15:17:38";"07/08/2026 15:13:53";"Indonesia";"Handline";"Handline";"Y";"IOTC";"Y";"Y";"Y";"Y";"D";"D";"D";"Y";"D";"D"
"19909";"KILAT MUDAH JAYA 20";"1037505";"IMO#";"ID";"Handline";"Handline";"B";"07/15/2026 16:02:53";"07/15/2026 15:58:24";"Indonesia";"Handline";"Handline";"Y";"IOTC";"Y";"Y";"Y";"Y";"D";"D";"D";"Y";"D";"D"
"19910";"KILAT MUDAH JAYA 22";"1031769";"IMO#";"ID";"Handline";"Handline";"B";"07/15/2026 16:19:20";"07/15/2026 16:16:37";"Indonesia";"Handline";"Handline";"Y";"IOTC";"Y";"Y";"Y";"Y";"D";"D";"D";"Y";"D";"D"
"19888";"KILAT MUDAH JAYA 5";"1026192";"IMO#";"ID";"Handline";"Handline";"B";"07/08/2026 16:16:18";"07/08/2026 16:13:03";"Indonesia";"Handline";"Handline";"Y";"IOTC";"Y";"Y";"Y";"Y";"D";"D";"D";"Y";"D";"D"
"17746";"KILAT SAMUDERA 2";"8567937";"IMO#";"ID";"Handline";"Handline";"B";"07/15/2026 16:37:17";"06/27/2026 10:18:57";"Indonesia";"Handline";"Handline";"Y";"IOTC";"Y";"Y";"Y";"Y";"D";"D";"D";"Y";"D";"D"
"15612";"KOBOY JUNIOR";"i7002102";"TUVI/ISSF";"ID";"Handline";"Handline";"B";"05/28/2026 10:38:25";"08/09/2025 08:50:47";"Indonesia";"Handline";"Handline";"Y";"NA(EEZ)";"NA";"Y";"Y";"Y";"D";"D";"D";"Y";"D";"D"
"6669";"LABUANG BARAT 8";"NA";"B";"ID";"Handline";"Handline";"N";"08/07/2025 10:53:31";"08/20/2024 09:06:40";"Indonesia";"Handline";"Handline";"IP";"";"NA";"IP";"IP";"IP";"D";"D";"D";"IP";"D";"D"
"15616";"LAMPINEUNG UTAMA";"i7002106";"TUVI/ISSF";"ID";"Handline";"Handline";"B";"11/12/2025 11:09:19";"07/14/2024 09:11:44";"Indonesia";"Handline";"Handline";"IP";"";"NA";"IP";"IP";"IP";"D";"D";"D";"IP";"D";"D"
"6600";"LEISELA INDAH 3";"NA";"B";"ID";"Handline";"Handline";"N";"12/05/2025 11:15:58";"08/09/2025 11:17:39";"Indonesia";"Handline";"Handline";"Y";"NA(EEZ)";"NA";"Y";"Y";"Y";"D";"D";"D";"Y";"D";"D"
"6601";"LEISELA INDAH 4";"NA";"B";"ID";"Handline";"Handline";"N";"08/09/2025 11:26:13";"08/09/2025 11:19:48";"Indonesia";"Handline";"Handline";"NA";"NA(EEZ)";"NA";"Y";"Y";"N";"D";"D";"D";"Y";"D";"D"
"19911";"MAKIN JAYA 2";"8440036";"IMO#";"ID";"Handline";"Handline";"B";"07/15/2026 16:51:08";"07/15/2026 16:47:34";"Indonesia";"Handline";"Handline";"Y";"IOTC";"Y";"Y";"Y";"Y";"D";"D";"D";"Y";"D";"D"
"19921";"MAKMUR JAYA 20";"8440000";"IMO#";"ID";"Handline";"Handline";"B";"07/17/2026 09:42:14";"07/17/2026 09:38:08";"Indonesia";"Handline";"Handline";"Y";"IOTC";"Y";"Y";"Y";"Y";"D";"D";"D";"Y";"D";"D"
"15432";"MERPATI PUTIH";"i7001983";"TUVI/ISSF";"ID";"Handline";"Handline";"B";"05/28/2026 10:45:47";"08/11/2025 16:16:48";"Indonesia";"Handline";"Handline";"IP";"NA(EEZ)";"NA";"IP";"IP";"IP";"D";"D";"D";"IP";"D";"D"
"15622";"MEUTUAH JAROE";"i7002113";"TUVI/ISSF";"ID";"Handline";"Handline";"B";"08/11/2025 16:19:18";"08/11/2025 16:19:05";"Indonesia";"Handline";"Handline";"IP";"NA(EEZ)";"NA";"IP";"IP";"IP";"D";"D";"D";"IP";"D";"D"
"14136";"MITA REZKI";"i7001642";"TUVI/ISSF";"ID";"Handline";"Handline";"B";"08/11/2025 16:21:42";"08/11/2025 16:21:11";"Indonesia";"Handline";"Handline";"IP";"";"NA";"IP";"IP";"IP";"D";"D";"D";"IP";"D";"D"
"15615";"MIYAZAKI";"i7002105";"TUVI/ISSF";"ID";"Handline";"Handline";"B";"05/26/2025 19:33:17";"07/14/2024 15:31:25";"Indonesia";"Handline";"Handline";"Y";"NA(EEZ)";"NA";"Y";"Y";"Y";"D";"D";"D";"Y";"D";"D"
"13224";"OKAZAKI";"i7001399";"TUVI/ISSF";"ID";"Handline";"Handline";"B";"08/14/2025 06:44:45";"08/14/2025 06:44:31";"Indonesia";"Handline";"Handline";"IP";"NA(EEZ)";"NA";"IP";"IP";"IP";"D";"D";"D";"IP";"D";"D"
"15634";"PEUSANGAN INDAH";"i7002125";"TUVI/ISSF";"ID";"Handline";"Handline";"B";"05/26/2025 19:40:25";"07/14/2024 14:34:57";"Indonesia";"Handline";"Handline";"Y";"NA(EEZ)";"NA";"Y";"Y";"Y";"D";"D";"D";"Y";"D";"D"
"15437";"RAHMAT REZEKI 3";"i7001988";"TUVI/ISSF";"ID";"Handline";"Handline";"B";"08/17/2025 10:50:05";"08/17/2025 10:49:56";"Indonesia";"Handline";"Handline";"IP";"NA(EEZ)";"NA";"IP";"IP";"IP";"D";"D";"D";"IP";"D";"D"
"14142";"RAJAS 1";"i7001648";"TUVI/ISSF";"ID";"Handline";"Handline";"B";"08/18/2025 09:25:24";"08/18/2025 09:25:14";"Indonesia";"Handline";"Handline";"IP";"NA(EEZ)";"NA";"IP";"IP";"IP";"D";"D";"D";"IP";"D";"D"
"14138";"RAJAS 3";"i7001644";"TUVI/ISSF";"ID";"Handline";"Handline";"B";"08/18/2025 09:27:11";"08/18/2025 09:27:02";"Indonesia";"Handline";"Handline";"IP";"NA(EEZ)";"NA";"IP";"IP";"IP";"D";"D";"D";"IP";"D";"D"
"15440";"RAYHAN";"i7001991";"TUVI/ISSF";"ID";"Handline";"Handline";"B";"06/23/2026 16:31:35";"08/17/2025 11:08:51";"Indonesia";"Handline";"Handline";"IP";"";"NA";"IP";"IP";"IP";"D";"D";"D";"IP";"D";"D"
"13229";"RAZIQ";"i7001404";"TUVI/ISSF";"ID";"Handline";"Handline";"B";"06/19/2026 02:01:54";"08/17/2025 11:16:06";"Indonesia";"Handline";"Handline";"IP";"";"NA";"IP";"IP";"IP";"D";"D";"D";"IP";"D";"D"
"15623";"RAZIQ 2";"i7002114";"TUVI/ISSF";"ID";"Handline";"Handline";"B";"05/26/2025 19:45:26";"07/15/2024 16:56:25";"Indonesia";"Handline";"Handline";"Y";"NA(EEZ)";"NA";"Y";"Y";"Y";"D";"D";"D";"Y";"D";"D"
"15611";"RENCONG MAS";"i7002101";"TUVI/ISSF";"ID";"Handline";"Handline";"B";"06/19/2026 02:01:00";"08/18/2025 09:39:20";"Indonesia";"Handline";"Handline";"IP";"";"NA";"IP";"IP";"IP";"D";"D";"D";"IP";"D";"D"
"15629";"RISKA BOH HATE";"i7002120";"TUVI/ISSF";"ID";"Handline";"Handline";"B";"05/26/2025 19:30:55";"07/15/2024 16:58:26";"Indonesia";"Handline";"Handline";"Y";"NA(EEZ)";"NA";"Y";"Y";"Y";"D";"D";"D";"Y";"D";"D"
"14139";"SABENA 2";"i7001645";"TUVI/ISSF";"ID";"Handline";"Handline";"B";"08/17/2025 11:18:54";"08/17/2025 11:18:45";"Indonesia";"Handline";"Handline";"IP";"NA(EEZ)";"NA";"IP";"IP";"IP";"D";"D";"D";"IP";"D";"D"
"13126";"SAMPURNA";"i7001343";"TUVI/ISSF";"ID";"Handline";"Handline";"B";"08/17/2025 11:20:09";"08/17/2025 11:20:00";"Indonesia";"Handline";"Handline";"IP";"";"NA";"IP";"IP";"IP";"D";"D";"D";"IP";"D";"D"
"14134";"SAMUDRA BARU";"i7001640";"TUVI/ISSF";"ID";"Handline";"Handline";"B";"08/17/2025 11:22:12";"08/17/2025 11:22:03";"Indonesia";"Handline";"Handline";"IP";"";"NA";"IP";"IP";"IP";"D";"D";"D";"IP";"D";"D"
"13216";"SINAR MELATI";"i7001391";"TUVI/ISSF";"ID";"Handline";"Handline";"B";"08/17/2025 11:24:24";"08/17/2025 11:24:14";"Indonesia";"Handline";"Handline";"IP";"";"NA";"IP";"IP";"IP";"D";"D";"D";"IP";"D";"D"
"15429";"SPORTI";"i7001980";"TUVI/ISSF";"ID";"Handline";"Handline";"B";"08/17/2025 11:41:49";"08/17/2025 11:41:39";"Indonesia";"Handline";"Handline";"IP";"NA(EEZ)";"NA";"IP";"IP";"IP";"D";"D";"D";"IP";"D";"D"
"14133";"STAR ONE";"i7001639";"TUVI/ISSF";"ID";"Handline";"Handline";"B";"08/18/2025 08:44:28";"08/18/2025 08:44:19";"Indonesia";"Handline";"Handline";"IP";"";"NA";"IP";"IP";"IP";"D";"D";"D";"IP";"D";"D"
"14140";"TUAH LAOT";"i7001646";"TUVI/ISSF";"ID";"Handline";"Handline";"B";"07/23/2025 18:11:29";"06/30/2023 20:42:55";"Indonesia";"Handline";"Handline";"IP";"";"NA";"IP";"IP";"IP";"D";"D";"D";"IP";"D";"D"
"14290";"VINCENT JAYA 3";"i7001730";"TUVI/ISSF";"ID";"Handline";"Handline";"B";"05/28/2026 11:02:35";"08/18/2025 10:28:23";"Indonesia";"Handline";"Handline";"IP";"";"NA";"IP";"IP";"IP";"D";"D";"D";"IP";"D";"D"
"14137";"ZIKRA";"i7001643";"TUVI/ISSF";"ID";"Handline";"Handline";"B";"07/02/2026 17:22:54";"07/02/2026 17:22:37";"Indonesia";"Handline";"Handline";"IP";"";"NA";"IP";"IP";"IP";"D";"D";"D";"IP";"D";"D"
"1685";"55 SHIN YUNG";"8815724";"IMO#";"KR";"Longline";"Longline";"N";"07/07/2026 16:36:30";"07/07/2026 13:58:15";"Korea, Republic of";"Longline";"Longline";"Y";"WCPFC";"Y";"Y";"Y";"Y";"D";"D";"Y";"Y";"Y";"D"
"2190";"ADELITA";"8976982";"IMO#";"US";"Longline";"Longline";"N";"11/29/2024 12:25:46";"08/02/2024 02:08:07";"United States of America";"Longline";"Longline";"Y";"WCPFC";"Y";"Y";"Y";"Y";"D";"D";"Y";"Y";"N";"D"
"2192";"AGNES 82";"8714061";"IMO#";"KR";"Longline";"Longline";"N";"10/24/2025 08:55:33";"02/09/2023 23:23:00";"Korea, Republic of";"Longline";"Longline";"N";"";"N";"N";"N";"N";"D";"D";"N";"N";"N";"D"
"2193";"AGNES 90";"9042025";"IMO#";"KR";"Longline";"Longline";"N";"10/24/2025 08:56:00";"06/02/2023 01:15:49";"Korea, Republic of";"Longline";"Longline";"N";"";"N";"N";"N";"N";"D";"D";"N";"N";"N";"D"
"694";"ALTAR 10";"8803977";"IMO#";"EC";"Longline";"Longline";"N";"09/10/2025 06:33:11";"06/25/2024 11:04:11";"Ecuador";"Longline";"Longline";"Y";"IATTC";"Y";"Y";"Y";"Y";"D";"D";"Y";"Y";"N";"D"
"695";"ALTAR 11";"8904082";"IMO#";"EC";"Longline";"Longline";"N";"06/25/2024 13:52:48";"06/25/2024 13:52:28";"Ecuador";"Longline";"Longline";"Y";"IATTC";"Y";"Y";"Y";"Y";"D";"D";"Y";"Y";"N";"D"
"693";"ALTAR 8";"8520068";"IMO#";"EC";"Longline";"Longline";"N";"06/25/2024 14:45:07";"06/25/2024 14:44:48";"Ecuador";"Longline";"Longline";"Y";"IATTC";"Y";"Y";"Y";"Y";"D";"D";"Y";"Y";"N";"D"
"11844";"AN SHUN FA 66";"8547157";"IMO#";"TW";"Longline";"Longline";"B";"06/25/2026 15:49:20";"03/26/2026 08:55:07";"Chinese Taipei";"Longline";"Longline";"Y";"WCPFC";"Y";"Y";"Y";"Y";"D";"D";"Y";"Y";"Y";"D"
"10556";"AN WEN FA 1";"8782525";"IMO#";"TW";"Longline";"Longline";"B";"06/04/2026 12:17:36";"06/04/2026 12:17:22";"Chinese Taipei";"Longline";"Longline";"Y";"IOTC";"NA";"Y";"Y";"Y";"D";"D";"Y";"Y";"Y";"D"
"8010";"AN WEN FA 16";"8786985";"IMO#";"TW";"Longline";"Longline";"B";"06/24/2026 10:46:47";"05/06/2025 12:35:06";"Chinese Taipei";"Longline";"Longline";"Y";"IOTC";"NA";"Y";"Y";"Y";"D";"D";"Y";"Y";"Y";"D"
"7777";"AN WEN FA 188";"8781571";"IMO#";"TW";"Longline";"Longline";"N";"06/24/2026 10:46:15";"05/05/2025 18:35:22";"Chinese Taipei";"Longline";"Longline";"Y";"IOTC";"NA";"Y";"Y";"Y";"D";"D";"Y";"Y";"Y";"D"
"7775";"AN WEN FA 2";"8781533";"IMO#";"TW";"Longline";"Longline";"N";"06/24/2026 10:47:47";"06/04/2026 12:14:35";"Chinese Taipei";"Longline";"Longline";"Y";"IOTC";"NA";"Y";"Y";"Y";"D";"D";"Y";"Y";"Y";"D"
"11911";"AN WEN FA 22";"8551926";"IMO#";"TW";"Longline";"Longline";"B";"04/15/2026 07:33:31";"03/24/2026 04:24:42";"Chinese Taipei";"Longline";"Longline";"Y";"WCPFC";"Y";"Y";"Y";"Y";"D";"D";"Y";"Y";"N";"D"
"7776";"AN WEN FA 26";"8781569";"IMO#";"TW";"Longline";"Longline";"N";"06/17/2026 02:15:57";"05/05/2025 18:34:15";"Chinese Taipei";"Longline";"Longline";"Y";"IOTC";"NA";"Y";"Y";"Y";"D";"D";"Y";"Y";"Y";"D"
"7778";"AN WEN FA 3";"8781545";"IMO#";"TW";"Longline";"Longline";"N";"06/17/2026 02:14:32";"05/05/2025 18:44:03";"Chinese Taipei";"Longline";"Longline";"Y";"IOTC";"NA";"Y";"Y";"Y";"D";"D";"Y";"Y";"Y";"D"
"11270";"AN WEN FA 36";"8537126";"IMO#";"TW";"Longline";"Longline";"B";"06/17/2026 02:19:17";"05/06/2025 12:51:57";"Chinese Taipei";"Longline";"Longline";"Y";"IOTC";"NA";"Y";"Y";"Y";"D";"D";"Y";"Y";"Y";"D"
"7779";"AN WEN FA 6";"8781557";"IMO#";"TW";"Longline";"Longline";"N";"12/03/2025 18:21:12";"04/28/2023 08:01:13";"Chinese Taipei";"Longline";"Longline";"Y";"IOTC";"NA";"Y";"Y";"Y";"D";"D";"Y";"Y";"N";"D"
"17839";"ANTA BAHAGIA";"8571158";"IMO#";"ID";"Longline";"Longline";"B";"08/02/2026 15:32:43";"07/01/2026 06:31:00";"Indonesia";"Longline";"Longline";"Y";"IOTC";"Y";"Y";"Y";"Y";"D";"D";"Y";"Y";"Y";"D"
"17206";"ARISTOTLE 68";"9971587";"IMO#";"VU";"Longline";"Longline";"B";"03/06/2026 17:41:38";"11/28/2025 06:36:29";"Vanuatu";"Longline";"Longline";"Y";"IOTC";"Y";"Y";"Y";"Y";"D";"D";"Y";"Y";"Y";"D"
"9535";"ARISTOTLE 69";"9693226";"IMO#";"SC";"Longline";"Longline";"N";"03/06/2026 17:43:43";"11/28/2025 06:36:29";"Seychelles";"Longline";"Longline";"Y";"IOTC";"Y";"Y";"Y";"Y";"D";"D";"Y";"Y";"Y";"D"
"3017";"ARWA";"9230581";"IMO#";"OM";"Longline";"Longline";"N";"10/21/2025 11:26:26";"06/29/2023 05:36:39";"Oman";"Longline";"Longline";"Y";"IOTC";"Y";"Y";"Y";"Y";"D";"D";"Y";"Y";"Y";"D"
"2211";"ATUN TRES";"8821553";"IMO#";"KR";"Longline";"Longline";"N";"01/23/2026 10:35:18";"06/25/2024 15:05:02";"Korea, Republic of";"Longline";"Longline";"Y";"IATTC, WCPFC";"Y";"Y";"Y";"Y";"D";"D";"Y";"Y";"N";"D"
"12119";"BEN 10";"8988832";"IMO#";"FJ";"Longline";"Longline";"B";"06/03/2026 18:01:20";"06/03/2026 18:01:09";"Fiji";"Longline";"Longline";"Y";"WCPFC";"Y";"Y";"Y";"Y";"D";"D";"Y";"Y";"Y";"D"
"15513";"BESTGOGO 101";"9893981";"IMO#";"VU";"Longline";"Longline";"B";"06/17/2026 15:07:29";"06/02/2026 11:06:57";"Vanuatu";"Longline";"Longline";"Y";"WCPFC";"Y";"Y";"Y";"Y";"D";"D";"Y";"Y";"Y";"D"
"15514";"BESTGOGO 202";"9910791";"IMO#";"VU";"Longline";"Longline";"B";"06/17/2026 13:07:57";"06/02/2026 11:02:01";"Vanuatu";"Longline";"Longline";"Y";"WCPFC";"Y";"Y";"Y";"Y";"D";"D";"Y";"Y";"Y";"D"
"3607";"BESTGOGO 303";"9715103";"IMO#";"VU";"Longline";"Longline";"N";"06/18/2026 08:20:07";"06/02/2026 11:16:04";"Vanuatu";"Longline";"Longline";"Y";"WCPFC";"Y";"Y";"Y";"Y";"D";"D";"Y";"Y";"Y";"D"
"3608";"BESTGOGO 505";"9715646";"IMO#";"VU";"Longline";"Longline";"N";"06/18/2026 08:00:30";"06/02/2026 11:11:02";"Vanuatu";"Longline";"Longline";"Y";"WCPFC";"Y";"Y";"Y";"Y";"D";"D";"Y";"Y";"Y";"D"
"2237";"CHANG YI 368";"8748804";"IMO#";"TW";"Longline";"Longline";"N";"07/02/2026 16:19:49";"07/02/2026 16:19:34";"Chinese Taipei";"Longline";"Longline";"N";"";"N";"N";"N";"N";"D";"D";"N";"N";"N";"D"
"11127";"CHANG YI 38";"8540185";"IMO#";"TW";"Longline";"Longline";"B";"06/05/2026 16:33:08";"04/29/2026 09:34:15";"Chinese Taipei";"Longline";"Longline";"Y";"WCPFC";"Y";"Y";"Y";"Y";"D";"D";"Y";"Y";"Y";"D"
"15981";"CHANG YI 868";"8748799";"IMO#";"TW";"Longline";"Longline";"B";"05/03/2026 18:15:05";"05/24/2024 10:38:12";"Chinese Taipei";"Longline";"Longline";"N";"";"N";"N";"N";"N";"D";"D";"N";"N";"N";"D"
"11757";"CHAO FA 368";"8530661";"IMO#";"TW";"Longline";"Longline";"B";"05/09/2026 06:54:12";"07/26/2024 04:29:26";"Chinese Taipei";"Longline";"Longline";"Y";"WCPFC";"Y";"Y";"Y";"Y";"D";"D";"Y";"Y";"Y";"D"
"10664";"CHAO FA 6";"8539095";"IMO#";"TW";"Longline";"Longline";"B";"06/25/2026 11:41:54";"08/12/2024 01:43:12";"Chinese Taipei";"Longline";"Longline";"Y";"WCPFC";"Y";"Y";"Y";"Y";"D";"D";"Y";"Y";"Y";"D"
"11824";"CHAO YI 188";"8541581";"IMO#";"TW";"Longline";"Longline";"B";"05/03/2026 18:16:55";"08/09/2024 11:18:30";"Chinese Taipei";"Longline";"Longline";"IP";"";"IP";"IP";"IP";"IP";"D";"D";"IP";"IP";"IP";"D"
"11708";"CHAO YI 368";"8341319";"IMO#";"TW";"Longline";"Longline";"B";"05/09/2026 10:47:41";"08/09/2024 11:13:09";"Chinese Taipei";"Longline";"Longline";"IP";"";"IP";"IP";"IP";"IP";"D";"D";"IP";"IP";"IP";"D"
"11747";"CHAO YI 76";"8524296";"IMO#";"TW";"Longline";"Longline";"B";"03/07/2026 17:50:59";"11/25/2025 04:26:54";"Chinese Taipei";"Longline";"Longline";"Y";"WCPFC";"Y";"Y";"Y";"Y";"D";"D";"Y";"Y";"N";"D"
"19392";"CHARNG FU HUNG 116";"1023334";"IMO#";"TW";"Longline";"Longline";"B";"06/12/2026 18:24:13";"05/29/2026 10:52:34";"Chinese Taipei";"Longline";"Longline";"Y";"IATTC, WCPFC";"Y";"Y";"Y";"Y";"D";"D";"Y";"Y";"Y";"D"
"2241";"CHEN HSING 1";"8648248";"IMO#";"TW";"Longline";"Longline";"B";"06/07/2026 03:31:26";"06/07/2026 03:31:12";"Chinese Taipei";"Longline";"Longline";"Y";"ICCAT";"Y";"Y";"Y";"Y";"D";"D";"Y";"Y";"Y";"D"
"11269";"CHENG QING FENG 168";"8789286";"IMO#";"TW";"Longline";"Longline";"B";"06/23/2026 20:45:12";"05/06/2025 12:50:57";"Chinese Taipei";"Longline";"Longline";"Y";"IOTC";"NA";"Y";"Y";"Y";"D";"D";"Y";"Y";"Y";"D"
"7830";"CHENG QING FENG 268";"8781612";"IMO#";"TW";"Longline";"Longline";"N";"06/23/2026 20:56:32";"05/05/2025 18:45:30";"Chinese Taipei";"Longline";"Longline";"Y";"";"NA";"Y";"Y";"Y";"D";"D";"Y";"Y";"Y";"D"
"7780";"CHENG QING FENG 568";"8781595";"IMO#";"TW";"Longline";"Longline";"N";"06/23/2026 20:58:54";"05/05/2025 18:44:47";"Chinese Taipei";"Longline";"Longline";"Y";"IOTC";"NA";"Y";"Y";"Y";"D";"D";"Y";"Y";"Y";"D"
"10550";"CHENG QING FENG 6";"8789327";"IMO#";"TW";"Longline";"Longline";"B";"06/23/2026 20:44:12";"05/06/2025 12:40:25";"Chinese Taipei";"Longline";"Longline";"Y";"IOTC";"NA";"Y";"Y";"Y";"D";"D";"Y";"Y";"Y";"D"
"11268";"CHENG QING FENG 8";"8789303";"IMO#";"TW";"Longline";"Longline";"B";"06/07/2026 03:32:53";"06/07/2026 03:32:39";"Chinese Taipei";"Longline";"Longline";"Y";"IOTC";"NA";"Y";"Y";"Y";"D";"D";"Y";"Y";"Y";"D"
"12076";"CHI FA 1888";"9876232";"IMO#";"TW";"Longline";"Longline";"B";"08/17/2026 14:52:40";"08/17/2026 14:52:25";"Chinese Taipei";"Longline";"Longline";"Y";"IATTC, WCPFC";"Y";"Y";"Y";"Y";"D";"D";"Y";"Y";"Y";"D"
"8443";"CHI HONG 899";"8667311";"IMO#";"TW";"Longline";"Longline";"N";"07/02/2026 17:07:16";"07/02/2026 17:06:58";"Chinese Taipei";"Longline";"Longline";"Y";"WCPFC";"Y";"Y";"Y";"Y";"D";"D";"Y";"Y";"Y";"D"
"8444";"CHI HSIANG 889";"9700108";"IMO#";"TW";"Longline";"Longline";"N";"07/02/2026 17:07:52";"07/02/2026 17:07:36";"Chinese Taipei";"Longline";"Longline";"Y";"WCPFC";"Y";"Y";"Y";"Y";"D";"D";"Y";"Y";"Y";"D"
"7782";"CHI TSAI 988";"8777300";"IMO#";"TW";"Longline";"Longline";"N";"07/02/2026 17:08:31";"07/02/2026 17:08:16";"Chinese Taipei";"Longline";"Longline";"Y";"WCPFC";"Y";"Y";"Y";"Y";"D";"D";"Y";"Y";"Y";"D"
"8445";"CHI WIN 1688";"9807621";"IMO#";"TW";"Longline";"Longline";"N";"07/02/2026 17:15:07";"07/02/2026 17:14:51";"Chinese Taipei";"Longline";"Longline";"Y";"WCPFC";"Y";"Y";"Y";"Y";"D";"D";"Y";"Y";"Y";"D"
"11762";"CHIA CHI HSING 10";"8530855";"IMO#";"TW";"Longline";"Longline";"B";"05/22/2024 09:59:01";"05/07/2024 08:44:30";"Chinese Taipei";"Longline";"Longline";"Y";"WCPFC";"Y";"Y";"Y";"Y";"D";"D";"Y";"Y";"Y";"D"
"1349";"CHIEN JUI 102";"8417065";"IMO#";"TW";"Longline";"Longline";"B";"06/23/2026 14:30:10";"06/07/2026 03:33:59";"Chinese Taipei";"Longline";"Longline";"Y";"ICCAT";"Y";"Y";"Y";"Y";"D";"D";"Y";"Y";"Y";"D"
"10651";"CHIEN TE FA 8";"8787953";"IMO#";"TW";"Longline";"Longline";"B";"06/12/2026 21:43:40";"08/12/2024 01:38:07";"Chinese Taipei";"Longline";"Longline";"Y";"WCPFC";"Y";"Y";"Y";"Y";"D";"D";"Y";"Y";"Y";"D"
"1350";"CHIEN TSAO 322";"8417077";"IMO#";"TW";"Longline";"Longline";"B";"06/23/2026 14:31:27";"06/07/2026 03:35:24";"Chinese Taipei";"Longline";"Longline";"Y";"ICCAT";"Y";"Y";"Y";"Y";"D";"D";"Y";"Y";"Y";"D"
"16882";"CHIEN YUAN MING";"8564715";"IMO#";"TW";"Longline";"Longline";"B";"08/18/2026 04:43:02";"08/18/2026 04:42:49";"Chinese Taipei";"Longline";"Longline";"Y";"WCPFC";"Y";"Y";"Y";"Y";"D";"D";"Y";"Y";"N";"D"
"11908";"CHIH CHI HSING 1";"8551897";"IMO#";"TW";"Longline";"Longline";"B";"03/28/2026 20:37:33";"03/16/2026 09:11:01";"Chinese Taipei";"Longline";"Longline";"Y";"WCPFC";"Y";"Y";"Y";"Y";"D";"D";"Y";"Y";"N";"D"
"1352";"CHILSUNG 1";"8717855";"IMO#";"KR";"Longline";"Longline";"N";"08/21/2025 19:11:29";"07/16/2025 00:28:14";"Korea, Republic of";"Longline";"Longline";"Y";"IATTC, WCPFC";"Y";"Y";"Y";"Y";"D";"D";"Y";"Y";"N";"D"
"1353";"CHIN CHANG LONG";"8648212";"IMO#";"TW";"Longline";"Longline";"N";"03/04/2026 18:33:02";"07/31/2025 16:00:08";"Chinese Taipei";"Longline";"Longline";"Y";"ICCAT";"Y";"Y";"Y";"Y";"D";"D";"Y";"Y";"Y";"D"
"10610";"CHIN CHI HSING 2";"8530271";"IMO#";"TW";"Longline";"Longline";"B";"05/21/2024 13:34:31";"05/07/2024 08:35:46";"Chinese Taipei";"Longline";"Longline";"Y";"WCPFC";"Y";"Y";"Y";"Y";"D";"D";"Y";"Y";"Y";"D"
"11879";"CHIN DONG FA 6";"8550817";"IMO#";"TW";"Longline";"Longline";"B";"04/21/2026 10:21:26";"03/24/2026 07:20:02";"Chinese Taipei";"Longline";"Longline";"Y";"WCPFC";"Y";"Y";"Y";"Y";"D";"D";"Y";"Y";"N";"D"
"1357";"CHIN LIANG MEI";"8648262";"IMO#";"TW";"Longline";"Longline";"N";"03/04/2026 18:33:37";"08/12/2024 11:45:10";"Chinese Taipei";"Longline";"Longline";"Y";"ICCAT";"Y";"Y";"Y";"Y";"D";"D";"Y";"Y";"Y";"D"
"10540";"CHIN TE CHENG 166";"8530233";"IMO#";"TW";"Longline";"Longline";"B";"05/09/2026 06:56:27";"08/12/2024 01:36:56";"Chinese Taipei";"Longline";"Longline";"Y";"WCPFC";"Y";"Y";"Y";"Y";"D";"D";"Y";"Y";"Y";"D"
"11923";"CHIN YU CHENG 168";"8552463";"IMO#";"TW";"Longline";"Longline";"B";"06/25/2026 15:50:45";"03/17/2026 07:16:03";"Chinese Taipei";"Longline";"Longline";"Y";"WCPFC";"Y";"Y";"Y";"Y";"D";"D";"Y";"Y";"N";"D"
"10341";"CHING CHENG FU 66";"8795479";"IMO#";"TW";"Longline";"Longline";"N";"07/31/2025 16:21:43";"07/31/2025 16:21:29";"Chinese Taipei";"Longline";"Longline";"Y";"WCPFC";"Y";"Y";"Y";"Y";"D";"D";"Y";"Y";"Y";"D"
"16940";"CHING CHUEN FA 10";"8546206";"IMO#";"TW";"Longline";"Longline";"B";"03/23/2026 15:48:43";"03/16/2026 09:34:18";"Chinese Taipei";"Longline";"Longline";"Y";"WCPFC";"Y";"Y";"Y";"Y";"D";"D";"Y";"Y";"N";"D"
"7783";"CHING KUO YU FA HAO";"8780735";"IMO#";"TW";"Longline";"Longline";"N";"03/06/2026 17:13:13";"11/24/2025 03:27:42";"Chinese Taipei";"Longline";"Longline";"Y";"IOTC";"NA";"Y";"Y";"Y";"D";"D";"Y";"Y";"Y";"D"
"7784";"CHU HUAI 368";"8777312";"IMO#";"TW";"Longline";"Longline";"N";"06/10/2026 16:06:47";"08/21/2024 07:34:14";"Chinese Taipei";"Longline";"Longline";"IP";"";"IP";"IP";"IP";"IP";"D";"D";"IP";"IP";"IP";"D"
"10571";"CHU HUAI 628";"8782886";"IMO#";"TW";"Longline";"Longline";"B";"06/10/2026 16:07:17";"08/21/2024 07:36:08";"Chinese Taipei";"Longline";"Longline";"IP";"";"IP";"IP";"IP";"IP";"D";"D";"IP";"IP";"IP";"D"
"7785";"CHU HUAI 668";"8777324";"IMO#";"TW";"Longline";"Longline";"N";"06/10/2026 16:07:38";"08/21/2024 07:41:36";"Chinese Taipei";"Longline";"Longline";"IP";"";"IP";"IP";"IP";"IP";"D";"D";"IP";"IP";"IP";"D"
"7787";"CHU HUAI 886";"8777348";"IMO#";"TW";"Longline";"Longline";"N";"06/10/2026 16:08:31";"08/20/2024 14:48:55";"Chinese Taipei";"Longline";"Longline";"IP";"";"IP";"IP";"IP";"IP";"D";"D";"IP";"IP";"IP";"D"
"7788";"CHU HUAI 888";"8777350";"IMO#";"TW";"Longline";"Longline";"N";"06/10/2026 16:08:53";"08/20/2024 14:41:42";"Chinese Taipei";"Longline";"Longline";"IP";"";"IP";"IP";"IP";"IP";"D";"D";"IP";"IP";"IP";"D"
"10278";"CHUAN FA SHIAN 88";"8792946";"IMO#";"TW";"Longline";"Longline";"N";"06/14/2026 12:47:35";"08/12/2024 01:32:50";"Chinese Taipei";"Longline";"Longline";"Y";"IATTC, WCPFC";"Y";"Y";"Y";"Y";"D";"D";"Y";"Y";"Y";"D"
"7790";"CHUAN HSIANG 368";"8777374";"IMO#";"TW";"Longline";"Longline";"N";"06/14/2026 12:58:16";"08/12/2024 01:32:56";"Chinese Taipei";"Longline";"Longline";"Y";"IATTC, WCPFC";"Y";"Y";"Y";"Y";"D";"D";"Y";"Y";"Y";"D"
"11825";"CHUAN HSIANG 866";"8542262";"IMO#";"TW";"Longline";"Longline";"B";"07/10/2026 16:02:09";"08/12/2024 01:27:20";"Chinese Taipei";"Longline";"Longline";"Y";"IATTC, WCPFC";"Y";"Y";"Y";"Y";"D";"D";"Y";"Y";"Y";"D"
"7791";"CHUAN HSIN 128";"8777386";"IMO#";"TW";"Longline";"Longline";"N";"06/23/2026 16:50:31";"08/12/2024 01:28:20";"Chinese Taipei";"Longline";"Longline";"Y";"WCPFC";"Y";"Y";"Y";"Y";"D";"D";"Y";"Y";"Y";"D"
"10653";"CHUAN SHYANG 22";"8534904";"IMO#";"TW";"Longline";"Longline";"B";"05/25/2026 09:39:26";"08/12/2024 01:22:20";"Chinese Taipei";"Longline";"Longline";"Y";"WCPFC";"Y";"Y";"Y";"Y";"D";"D";"Y";"Y";"Y";"D"
"7792";"CHUAN SHYANG 98";"8777398";"IMO#";"TW";"Longline";"Longline";"N";"07/10/2026 16:00:35";"08/12/2024 01:21:15";"Chinese Taipei";"Longline";"Longline";"Y";"IATTC, WCPFC";"Y";"Y";"Y";"Y";"D";"D";"N";"Y";"Y";"D"
"8454";"CHUN I 11";"9817688";"IMO#";"TW";"Longline";"Longline";"N";"07/02/2026 17:09:16";"07/02/2026 17:08:50";"Chinese Taipei";"Longline";"Longline";"Y";"WCPFC";"Y";"Y";"Y";"Y";"D";"D";"Y";"Y";"N";"D"
"8455";"CHUN I 12";"9819791";"IMO#";"TW";"Longline";"Longline";"N";"07/02/2026 17:10:51";"07/02/2026 17:10:29";"Chinese Taipei";"Longline";"Longline";"Y";"WCPFC";"Y";"Y";"Y";"Y";"D";"D";"Y";"Y";"N";"D"
"2273";"CHUN I 206";"8746856";"IMO#";"TW";"Longline";"Longline";"N";"07/02/2026 17:13:12";"07/02/2026 17:12:53";"Chinese Taipei";"Longline";"Longline";"Y";"WCPFC";"Y";"Y";"Y";"Y";"D";"D";"Y";"Y";"N";"D"
"2275";"CHUN I 218";"8746959";"IMO#";"TW";"Longline";"Longline";"N";"07/02/2026 17:13:55";"07/02/2026 17:13:32";"Chinese Taipei";"Longline";"Longline";"Y";"WCPFC";"Y";"Y";"Y";"Y";"D";"D";"Y";"Y";"N";"D"
"12298";"CHUNG KUO 21";"2555499";"IMO#";"SR";"Longline";"Longline";"B";"10/24/2024 14:24:34";"01/14/2020 09:55:24";"Suriname";"Longline";"Longline";"Y";"ICCAT";"Y";"Y";"Y";"Y";"D";"D";"Y";"Y";"Y";"D"
"8456";"CHUNG KUO 212";"8662036";"IMO#";"BZ";"Longline";"Longline";"N";"06/10/2026 15:31:41";"06/10/2026 15:31:19";"Belize";"Longline";"Longline";"Y";"ICCAT";"Y";"Y";"Y";"Y";"D";"D";"Y";"Y";"Y";"D"
"8457";"CHUNG KUO 222";"8662048";"IMO#";"BZ";"Longline";"Longline";"N";"06/10/2026 15:34:24";"06/10/2026 15:34:02";"Belize";"Longline";"Longline";"Y";"ICCAT";"Y";"Y";"Y";"Y";"D";"D";"Y";"Y";"Y";"D"
"12297";"CHUNG KUO 23";"2555487";"IMO#";"SR";"Longline";"Longline";"B";"10/24/2024 14:21:28";"01/14/2020 09:55:24";"Suriname";"Longline";"Longline";"Y";"ICCAT";"Y";"Y";"Y";"Y";"D";"D";"Y";"Y";"Y";"D"
"12301";"CHUNG KUO 24";"2560303";"IMO#";"SR";"Longline";"Longline";"B";"10/24/2024 13:57:54";"01/14/2020 09:55:25";"Suriname";"Longline";"Longline";"Y";"ICCAT";"Y";"Y";"Y";"Y";"D";"D";"Y";"Y";"Y";"D"
"12302";"CHUNG KUO 25";"2560315";"IMO#";"SR";"Longline";"Longline";"B";"06/13/2025 07:08:48";"01/14/2020 09:55:25";"Suriname";"Longline";"Longline";"Y";"ICCAT";"Y";"Y";"Y";"Y";"D";"D";"Y";"Y";"Y";"D"
"12304";"CHUNG KUO 27";"2582648";"IMO#";"SR";"Longline";"Longline";"B";"10/24/2024 14:56:12";"01/14/2020 09:55:25";"Suriname";"Longline";"Longline";"Y";"ICCAT";"Y";"Y";"Y";"Y";"D";"D";"Y";"Y";"Y";"D"
"12312";"CHUNG KUO 281";"2723761";"IMO#";"SR";"Longline";"Longline";"B";"06/10/2026 15:37:44";"06/10/2026 15:37:23";"Suriname";"Longline";"Longline";"Y";"ICCAT";"Y";"Y";"Y";"Y";"D";"D";"Y";"Y";"Y";"D"
"12313";"CHUNG KUO 282";"2723773";"IMO#";"SR";"Longline";"Longline";"B";"08/15/2026 14:05:54";"08/15/2026 14:05:38";"Suriname";"Longline";"Longline";"Y";"ICCAT";"Y";"Y";"Y";"Y";"D";"D";"Y";"Y";"Y";"D"
"12325";"CHUNG KUO 283";"8525197";"IMO#";"SR";"Longline";"Longline";"B";"08/15/2026 14:07:41";"08/15/2026 14:07:29";"Suriname";"Longline";"Longline";"Y";"ICCAT";"Y";"Y";"Y";"Y";"D";"D";"Y";"Y";"Y";"D"
"12314";"CHUNG KUO 285";"2723785";"IMO#";"SR";"Longline";"Longline";"B";"08/15/2026 14:08:52";"08/15/2026 14:08:35";"Suriname";"Longline";"Longline";"Y";"ICCAT";"Y";"Y";"Y";"Y";"D";"D";"Y";"Y";"Y";"D"
"12315";"CHUNG KUO 286";"2723797";"IMO#";"SR";"Longline";"Longline";"B";"08/17/2026 12:56:44";"08/17/2026 12:56:27";"Suriname";"Longline";"Longline";"Y";"ICCAT";"Y";"Y";"Y";"Y";"D";"D";"Y";"Y";"Y";"D"
"12316";"CHUNG KUO 287";"2723802";"IMO#";"SR";"Longline";"Longline";"B";"08/17/2026 12:57:54";"08/17/2026 12:57:40";"Suriname";"Longline";"Longline";"Y";"ICCAT";"Y";"Y";"Y";"Y";"D";"D";"Y";"Y";"Y";"D"
"8460";"CHUNG KUO 288";"8662074";"IMO#";"BZ";"Longline";"Longline";"N";"07/31/2025 16:24:28";"07/31/2025 16:24:13";"Belize";"Longline";"Longline";"Y";"ICCAT";"Y";"Y";"Y";"Y";"D";"D";"Y";"Y";"Y";"D"
"8461";"CHUNG KUO 289";"8662086";"IMO#";"BZ";"Longline";"Longline";"N";"07/31/2025 16:31:56";"07/31/2025 16:31:36";"Belize";"Longline";"Longline";"Y";"ICCAT";"Y";"Y";"Y";"Y";"D";"D";"Y";"Y";"Y";"D"
"12303";"CHUNG KUO 29";"2582612";"IMO#";"SR";"Longline";"Longline";"B";"10/24/2024 15:02:30";"01/14/2020 09:55:25";"Suriname";"Longline";"Longline";"Y";"ICCAT";"Y";"Y";"Y";"Y";"D";"D";"Y";"Y";"Y";"D"
"8462";"CHUNG KUO 31";"8661939";"IMO#";"BZ";"Longline";"Longline";"N";"08/18/2026 04:45:45";"08/18/2026 04:45:31";"Belize";"Longline";"Longline";"Y";"ICCAT";"Y";"Y";"Y";"Y";"D";"D";"Y";"Y";"Y";"D"
"8463";"CHUNG KUO 32";"8661941";"IMO#";"BZ";"Longline";"Longline";"N";"07/31/2025 16:32:24";"07/31/2025 16:31:59";"Belize";"Longline";"Longline";"Y";"ICCAT";"Y";"Y";"Y";"Y";"D";"D";"Y";"Y";"Y";"D"
"12326";"CHUNG KUO 33";"8661953";"IMO#";"SR";"Longline";"Longline";"B";"08/17/2026 12:59:27";"08/17/2026 12:59:07";"Suriname";"Longline";"Longline";"Y";"ICCAT";"Y";"Y";"Y";"Y";"D";"D";"Y";"Y";"Y";"D"
"12327";"CHUNG KUO 35";"8661965";"IMO#";"SR";"Longline";"Longline";"B";"08/17/2026 13:01:43";"08/17/2026 13:01:23";"Suriname";"Longline";"Longline";"Y";"ICCAT";"Y";"Y";"Y";"Y";"D";"D";"Y";"Y";"Y";"D"
"8464";"CHUNG KUO 37";"8661977";"IMO#";"BZ";"Longline";"Longline";"N";"06/10/2026 15:29:31";"06/10/2026 15:29:16";"Belize";"Longline";"Longline";"Y";"ICCAT";"Y";"Y";"Y";"Y";"D";"D";"Y";"Y";"Y";"D"
"8465";"CHUNG KUO 39";"8661989";"IMO#";"BZ";"Longline";"Longline";"N";"07/31/2025 16:33:48";"07/31/2025 16:33:28";"Belize";"Longline";"Longline";"Y";"ICCAT";"Y";"Y";"Y";"Y";"D";"D";"Y";"Y";"Y";"D"
"3563";"CHUNG KUO 818";"8652809";"IMO#";"PA";"Longline";"Longline";"N";"02/06/2025 08:43:11";"06/07/2021 12:23:52";"Panama";"Longline";"Longline";"Y";"IATTC";"Y";"Y";"Y";"Y";"D";"D";"Y";"Y";"Y";"D"
"3564";"CHUNG KUO 828";"8652811";"IMO#";"PA";"Longline";"Longline";"N";"08/25/2026 03:17:36";"08/25/2026 03:17:18";"Panama";"Longline";"Longline";"Y";"IATTC";"Y";"Y";"Y";"Y";"D";"D";"Y";"Y";"Y";"D"
"3565";"CHUNG KUO 838";"8652471";"IMO#";"PA";"Longline";"Longline";"N";"02/20/2025 10:51:05";"06/07/2021 12:23:52";"Panama";"Longline";"Longline";"Y";"IATTC";"Y";"Y";"Y";"Y";"D";"D";"Y";"Y";"Y";"D"
"3566";"CHUNG KUO 858";"8652483";"IMO#";"PA";"Longline";"Longline";"N";"08/25/2026 03:18:49";"08/25/2026 03:18:33";"Panama";"Longline";"Longline";"Y";"IATTC";"Y";"Y";"Y";"Y";"D";"D";"Y";"Y";"Y";"D"
"2287";"CHUNG KUO 86";"8970639";"IMO#";"PA";"Longline";"Longline";"N";"05/10/2024 13:49:40";"06/07/2021 12:23:52";"Panama";"Longline";"Longline";"IP";"";"IP";"IP";"IP";"IP";"D";"D";"IP";"IP";"IP";"D"
"2288";"CHUNG KUO 91";"8967943";"IMO#";"PA";"Longline";"Longline";"N";"05/10/2024 13:50:01";"06/07/2021 12:23:52";"Panama";"Longline";"Longline";"IP";"";"IP";"IP";"IP";"IP";"D";"D";"IP";"IP";"IP";"D"
"2289";"CHUNG KUO 95";"8968492";"IMO#";"PA";"Longline";"Longline";"N";"08/25/2026 03:20:03";"08/25/2026 03:19:47";"Panama";"Longline";"Longline";"Y";"IATTC";"Y";"Y";"Y";"Y";"D";"D";"Y";"Y";"Y";"D"
"12329";"CHUNG KUO 96";"9723198";"IMO#";"PA";"Longline";"Longline";"B";"08/25/2026 03:20:50";"08/25/2026 03:20:38";"Panama";"Longline";"Longline";"Y";"IATTC";"Y";"Y";"Y";"Y";"D";"D";"Y";"Y";"Y";"D"
"11778";"CING YI WANG 3";"8534435";"IMO#";"TW";"Longline";"Longline";"B";"03/28/2026 20:16:30";"03/16/2026 04:34:14";"Chinese Taipei";"Longline";"Longline";"Y";"WCPFC";"Y";"Y";"Y";"Y";"D";"D";"Y";"Y";"N";"D"
"1386";"DAE HWA 201";"8911293";"IMO#";"KR";"Longline";"Longline";"N";"06/10/2026 15:25:26";"06/10/2026 15:25:11";"Korea, Republic of";"Longline";"Longline";"Y";"IATTC, WCPFC";"Y";"Y";"Y";"Y";"D";"D";"Y";"Y";"N";"D"
"1387";"DAE HWA 202";"8911308";"IMO#";"KR";"Longline";"Longline";"N";"06/10/2026 15:26:39";"06/10/2026 15:26:25";"Korea, Republic of";"Longline";"Longline";"Y";"IATTC, WCPFC";"Y";"Y";"Y";"Y";"D";"D";"Y";"Y";"N";"D"
"1389";"DAE HWA 302";"8811120";"IMO#";"KR";"Longline";"Longline";"N";"06/10/2026 15:19:27";"06/10/2026 15:19:12";"Korea, Republic of";"Longline";"Longline";"Y";"IATTC, WCPFC";"Y";"Y";"Y";"Y";"D";"D";"Y";"Y";"N";"D"
"1390";"DAE HWA 303";"8714047";"IMO#";"KR";"Longline";"Longline";"N";"06/10/2026 15:21:01";"06/10/2026 15:20:47";"Korea, Republic of";"Longline";"Longline";"Y";"IATTC, WCPFC";"Y";"Y";"Y";"Y";"D";"D";"Y";"Y";"N";"D"
"2308";"DAE HWA 306";"8709054";"IMO#";"KR";"Longline";"Longline";"N";"06/10/2026 15:14:54";"06/10/2026 15:13:50";"Korea, Republic of";"Longline";"Longline";"Y";"IATTC, WCPFC";"Y";"Y";"Y";"Y";"D";"D";"Y";"Y";"N";"D"
"2309";"DAE HWA 308";"8805327";"IMO#";"KR";"Longline";"Longline";"N";"06/10/2026 15:24:05";"06/10/2026 15:23:50";"Korea, Republic of";"Longline";"Longline";"Y";"IATTC, WCPFC";"Y";"Y";"Y";"Y";"D";"D";"Y";"Y";"N";"D"
"2310";"DAE HWA 309";"8605052";"IMO#";"KR";"Longline";"Longline";"N";"06/10/2026 15:17:18";"10/11/2024 07:58:18";"Korea, Republic of";"Longline";"Longline";"Y";"IATTC, WCPFC";"Y";"Y";"Y";"Y";"D";"D";"Y";"Y";"N";"D"
"1744";"DAE HWA 313";"9031868";"IMO#";"KR";"Longline";"Longline";"N";"06/29/2025 09:05:14";"10/11/2024 08:14:13";"Korea, Republic of";"Longline";"Longline";"Y";"IATTC, WCPFC";"Y";"Y";"Y";"Y";"D";"D";"Y";"Y";"N";"D"
"1405";"DAI HO";"8947527";"IMO#";"TW";"Longline";"Longline";"N";"08/26/2025 10:51:02";"08/07/2025 08:30:25";"Chinese Taipei";"Longline";"Longline";"Y";"ICCAT";"Y";"Y";"Y";"Y";"D";"D";"Y";"Y";"Y";"D"
"10349";"DE CHAN";"8795338";"IMO#";"TW";"Longline";"Longline";"N";"06/05/2024 07:27:12";"05/07/2024 11:09:17";"Chinese Taipei";"Longline";"Longline";"Y";"IATTC, WCPFC";"Y";"Y";"Y";"Y";"D";"D";"Y";"Y";"Y";"D"
"8533";"DE CHAN 116";"9826029";"IMO#";"TW";"Longline";"Longline";"N";"06/05/2024 07:26:51";"05/07/2024 11:29:32";"Chinese Taipei";"Longline";"Longline";"Y";"IATTC, WCPFC";"Y";"Y";"Y";"Y";"D";"D";"Y";"Y";"Y";"D"
"10350";"DE CHAN 26";"8795443";"IMO#";"TW";"Longline";"Longline";"N";"07/02/2026 17:15:49";"07/02/2026 17:15:30";"Chinese Taipei";"Longline";"Longline";"Y";"IATTC, WCPFC";"Y";"Y";"Y";"Y";"D";"D";"Y";"Y";"Y";"D"
"11802";"DE FU 2";"8540135";"IMO#";"TW";"Longline";"Longline";"B";"08/17/2026 13:32:28";"08/17/2026 13:32:14";"Chinese Taipei";"Longline";"Longline";"Y";"IOTC";"NA";"Y";"Y";"Y";"D";"D";"Y";"Y";"Y";"D"
"7793";"DE HAI 12";"8780668";"IMO#";"TW";"Longline";"Longline";"N";"08/17/2026 13:33:24";"08/17/2026 13:33:11";"Chinese Taipei";"Longline";"Longline";"Y";"IOTC";"NA";"Y";"Y";"Y";"D";"D";"Y";"Y";"Y";"D"
"7794";"DE HAI 16";"8780656";"IMO#";"TW";"Longline";"Longline";"N";"08/17/2026 13:34:09";"08/17/2026 13:33:56";"Chinese Taipei";"Longline";"Longline";"Y";"IOTC";"NA";"Y";"Y";"Y";"D";"D";"Y";"Y";"Y";"D"
"8534";"DE HAI 26";"9806598";"IMO#";"TW";"Longline";"Longline";"N";"08/17/2026 13:34:54";"08/17/2026 13:34:41";"Chinese Taipei";"Longline";"Longline";"Y";"IOTC";"NA";"Y";"Y";"Y";"D";"D";"Y";"Y";"Y";"D"
"7795";"DE HAI 6";"8780670";"IMO#";"TW";"Longline";"Longline";"N";"08/17/2026 13:35:31";"08/17/2026 13:35:16";"Chinese Taipei";"Longline";"Longline";"Y";"IOTC";"NA";"Y";"Y";"Y";"D";"D";"Y";"Y";"Y";"D"
"11783";"DE YANG 36";"8535489";"IMO#";"TW";"Longline";"Longline";"B";"03/06/2026 17:14:51";"11/24/2025 07:31:38";"Chinese Taipei";"Longline";"Longline";"Y";"IOTC";"NA";"Y";"Y";"Y";"D";"D";"Y";"Y";"Y";"D"
"8009";"DE YANG 8";"8782472";"IMO#";"TW";"Longline";"Longline";"B";"03/06/2026 17:16:52";"11/24/2025 07:26:56";"Chinese Taipei";"Longline";"Longline";"Y";"IOTC";"NA";"Y";"Y";"Y";"D";"D";"Y";"Y";"Y";"D"
"7797";"DE YI 16";"8780606";"IMO#";"TW";"Longline";"Longline";"N";"03/06/2026 17:17:44";"11/24/2025 01:09:19";"Chinese Taipei";"Longline";"Longline";"Y";"IOTC";"NA";"Y";"Y";"Y";"D";"D";"Y";"Y";"Y";"D"
"12071";"DE YI 66";"9865661";"IMO#";"TW";"Longline";"Longline";"B";"03/06/2026 17:18:26";"11/24/2025 01:22:33";"Chinese Taipei";"Longline";"Longline";"Y";"IOTC";"NA";"Y";"Y";"Y";"D";"D";"Y";"Y";"Y";"D"
"2901";"DE YU 26";"8651142";"IMO#";"TW";"Longline";"Longline";"N";"08/17/2026 13:47:54";"08/17/2026 13:47:29";"Chinese Taipei";"Longline";"Longline";"Y";"IATTC, WCPFC";"Y";"Y";"Y";"Y";"D";"D";"Y";"Y";"Y";"D"
"10654";"DER CHENG";"8535116";"IMO#";"TW";"Longline";"Longline";"B";"06/14/2026 13:01:59";"08/12/2024 01:14:55";"Chinese Taipei";"Longline";"Longline";"Y";"WCPFC";"Y";"Y";"Y";"Y";"D";"D";"Y";"Y";"Y";"D"
"7799";"DER HAE 2";"8780620";"IMO#";"TW";"Longline";"Longline";"N";"08/17/2026 13:36:02";"08/17/2026 13:35:49";"Chinese Taipei";"Longline";"Longline";"Y";"IOTC";"NA";"Y";"Y";"Y";"D";"D";"Y";"Y";"Y";"D"
"7802";"DER YUEN 33";"8780888";"IMO#";"TW";"Longline";"Longline";"N";"03/06/2026 17:19:45";"11/25/2025 00:42:54";"Chinese Taipei";"Longline";"Longline";"Y";"IOTC";"NA";"Y";"Y";"Y";"D";"D";"Y";"Y";"Y";"D"
"2327";"DONG WON 618";"8815669";"IMO#";"KR";"Longline";"Longline";"N";"08/17/2026 13:15:00";"08/17/2026 13:14:41";"Korea, Republic of";"Longline";"Longline";"Y";"IATTC, WCPFC";"Y";"Y";"Y";"Y";"D";"D";"Y";"Y";"N";"D"
"1418";"DONG WON 619";"8815671";"IMO#";"KR";"Longline";"Longline";"N";"08/17/2026 13:15:58";"08/17/2026 13:15:43";"Korea, Republic of";"Longline";"Longline";"Y";"IATTC, WCPFC";"Y";"Y";"Y";"Y";"D";"D";"Y";"Y";"N";"D"
"1419";"DONG WON 620";"8821498";"IMO#";"KR";"Longline";"Longline";"N";"05/20/2026 14:23:30";"11/08/2024 04:56:49";"Korea, Republic of";"Longline";"Longline";"IP";"";"IP";"IP";"IP";"IP";"D";"D";"IP";"IP";"IP";"D"
"1420";"DONG WON 621";"8905567";"IMO#";"KR";"Longline";"Longline";"N";"06/27/2026 14:05:59";"11/08/2024 04:56:49";"Korea, Republic of";"Longline";"Longline";"Y";"IATTC, WCPFC";"Y";"Y";"Y";"Y";"D";"D";"Y";"Y";"N";"D"
"1421";"DONG WON 622";"8905579";"IMO#";"KR";"Longline";"Longline";"N";"06/27/2026 14:12:15";"11/08/2024 04:56:49";"Korea, Republic of";"Longline";"Longline";"Y";"IATTC, WCPFC";"Y";"Y";"Y";"Y";"D";"D";"Y";"Y";"N";"D"
"1422";"DONG WON 623";"8905581";"IMO#";"KR";"Longline";"Longline";"N";"06/27/2026 14:20:05";"11/08/2024 04:56:49";"Korea, Republic of";"Longline";"Longline";"Y";"IATTC, WCPFC";"Y";"Y";"Y";"Y";"D";"D";"Y";"Y";"N";"D"
"2329";"DONG WON 631";"8911310";"IMO#";"KR";"Longline";"Longline";"N";"08/17/2026 13:16:54";"08/17/2026 13:16:38";"Korea, Republic of";"Longline";"Longline";"Y";"IATTC, WCPFC";"Y";"Y";"Y";"Y";"D";"D";"Y";"Y";"N";"D"
"1424";"DONG WON 632";"8911322";"IMO#";"KR";"Longline";"Longline";"N";"06/27/2026 14:01:46";"11/08/2024 04:56:49";"Korea, Republic of";"Longline";"Longline";"Y";"IATTC, WCPFC";"Y";"Y";"Y";"Y";"D";"D";"Y";"Y";"N";"D"
"2330";"DONG WON 633";"8911334";"IMO#";"KR";"Longline";"Longline";"N";"08/17/2026 13:19:49";"08/17/2026 13:19:06";"Korea, Republic of";"Longline";"Longline";"Y";"IATTC, WCPFC";"Y";"Y";"Y";"Y";"D";"D";"Y";"Y";"N";"D"
"1425";"DONG WON 637";"9032991";"IMO#";"KR";"Longline";"Longline";"N";"06/27/2026 14:05:02";"11/08/2024 04:56:49";"Korea, Republic of";"Longline";"Longline";"Y";"ICCAT, IOTC";"Y";"Y";"Y";"Y";"D";"D";"Y";"Y";"N";"D"
"1426";"DONG WON 638";"9016399";"IMO#";"KR";"Longline";"Longline";"N";"06/17/2026 02:45:30";"06/17/2026 02:45:14";"Korea, Republic of";"Longline";"Longline";"Y";"IOTC";"Y";"Y";"Y";"Y";"D";"D";"Y";"Y";"N";"D"
"2332";"DONG WON 639";"9011167";"IMO#";"KR";"Longline";"Longline";"N";"08/17/2026 13:21:00";"08/17/2026 13:20:39";"Korea, Republic of";"Longline";"Longline";"Y";"IOTC";"Y";"Y";"Y";"Y";"D";"D";"Y";"Y";"N";"D"
"1694";"DONG WON 650";"9036715";"IMO#";"KR";"Longline";"Longline";"N";"08/17/2026 13:22:26";"08/17/2026 13:22:08";"Korea, Republic of";"Longline";"Longline";"Y";"IATTC, WCPFC";"Y";"Y";"Y";"Y";"D";"D";"Y";"Y";"N";"D"
"1449";"DONG WON 651";"9042740";"IMO#";"KR";"Longline";"Longline";"N";"08/17/2026 13:23:31";"08/17/2026 13:23:12";"Korea, Republic of";"Longline";"Longline";"Y";"IATTC, WCPFC";"Y";"Y";"Y";"Y";"D";"D";"Y";"Y";"N";"D"
"8562";"DONG YU 1518";"8668523";"IMO#";"CN";"Longline";"Longline";"N";"12/02/2025 16:59:07";"09/20/2024 03:24:31";"China, People's Republic of";"Longline";"Longline";"Y";"WCPFC";"Y";"Y";"Y";"Y";"D";"D";"Y";"Y";"Y";"D"
"10231";"DONG YU 1521";"8683145";"IMO#";"CN";"Longline";"Longline";"N";"12/02/2025 16:59:54";"09/20/2024 03:24:31";"China, People's Republic of";"Longline";"Longline";"Y";"WCPFC";"Y";"Y";"Y";"Y";"D";"D";"Y";"Y";"Y";"D"
"3382";"DONG YU 1527";"9755799";"IMO#";"CN";"Longline";"Longline";"N";"12/02/2025 16:50:38";"09/20/2024 03:24:31";"China, People's Republic of";"Longline";"Longline";"Y";"WCPFC";"Y";"Y";"Y";"Y";"D";"D";"Y";"Y";"Y";"D"
"3380";"DONG YU 1530";"8672249";"IMO#";"CN";"Longline";"Longline";"N";"08/17/2026 13:12:19";"08/17/2026 13:12:07";"China, People's Republic of";"Longline";"Longline";"Y";"WCPFC";"Y";"Y";"Y";"Y";"D";"D";"Y";"Y";"Y";"D"
"17208";"DONG YU 1535";"9927378";"IMO#";"CN";"Longline";"Longline";"B";"12/02/2025 17:01:00";"09/20/2024 03:24:31";"China, People's Republic of";"Longline";"Longline";"Y";"WCPFC";"Y";"Y";"Y";"Y";"D";"D";"Y";"Y";"Y";"D"
"17314";"DONG YU 1536";"9927380";"IMO#";"CN";"Longline";"Longline";"B";"12/02/2025 17:01:28";"09/20/2024 03:24:31";"China, People's Republic of";"Longline";"Longline";"Y";"WCPFC";"Y";"Y";"Y";"Y";"D";"D";"Y";"Y";"Y";"D"
"17207";"DONG YU 1537";"9927392";"IMO#";"CN";"Longline";"Longline";"B";"12/02/2025 17:00:27";"09/20/2024 03:24:31";"China, People's Republic of";"Longline";"Longline";"Y";"WCPFC";"Y";"Y";"Y";"Y";"D";"D";"Y";"Y";"Y";"D"
"10710";"DONGWON 203";"8717805";"IMO#";"KR";"Longline";"Longline";"N";"01/23/2026 10:33:39";"05/06/2025 12:47:21";"Korea, Republic of";"Longline";"Longline";"Y";"IATTC, WCPFC";"Y";"Y";"Y";"Y";"D";"D";"Y";"Y";"N";"D"
"2325";"DONGWON 208";"9042013";"IMO#";"KR";"Longline";"Longline";"N";"01/23/2026 10:34:11";"08/21/2024 08:01:34";"Korea, Republic of";"Longline";"Longline";"Y";"IATTC, WCPFC";"Y";"Y";"Y";"Y";"D";"D";"Y";"Y";"N";"D"
"10703";"DONGWON 211";"8821541";"IMO#";"KR";"Longline";"Longline";"N";"11/24/2025 09:54:42";"08/01/2025 17:42:49";"Korea, Republic of";"Longline";"Longline";"Y";"ICCAT, IOTC";"Y";"Y";"Y";"Y";"D";"D";"Y";"Y";"N";"D"
"1415";"DONGWON 212";"8843111";"IMO#";"KR";"Longline";"Longline";"N";"01/23/2026 10:34:48";"05/05/2025 17:57:26";"Korea, Republic of";"Longline";"Longline";"Y";"IATTC, WCPFC";"Y";"Y";"Y";"Y";"D";"D";"Y";"Y";"N";"D"
"10706";"DONGWON 216";"8843094";"IMO#";"KR";"Longline";"Longline";"N";"11/24/2025 09:54:48";"08/01/2025 17:43:22";"Korea, Republic of";"Longline";"Longline";"Y";"ICCAT, IOTC";"Y";"Y";"Y";"Y";"D";"D";"Y";"Y";"N";"D"
"7819";"EAGLE";"8780814";"IMO#";"TW";"Longline";"Longline";"N";"03/06/2026 17:20:43";"11/28/2025 09:31:54";"Chinese Taipei";"Longline";"Longline";"Y";"IOTC";"NA";"Y";"Y";"Y";"D";"D";"Y";"Y";"Y";"D"
"8660";"ESSIEN";"8664838";"IMO#";"TW";"Longline";"Longline";"N";"06/12/2026 17:57:40";"05/28/2026 06:36:03";"Chinese Taipei";"Longline";"Longline";"Y";"WCPFC";"Y";"Y";"Y";"Y";"D";"D";"Y";"Y";"Y";"D"
"3405";"FALCON I";"8668717";"IMO#";"BZ";"Longline";"Longline";"N";"05/07/2025 08:35:30";"06/25/2023 19:40:08";"Belize";"Longline";"Longline";"Y";"ICCAT";"Y";"Y";"Y";"Y";"D";"D";"Y";"Y";"Y";"D"
"3403";"FALCON II";"8668729";"IMO#";"BZ";"Longline";"Longline";"N";"05/07/2025 08:35:43";"06/25/2023 19:49:13";"Belize";"Longline";"Longline";"Y";"ICCAT";"Y";"Y";"Y";"Y";"D";"D";"Y";"Y";"Y";"D"
"3404";"FALCON III";"8668731";"IMO#";"BZ";"Longline";"Longline";"N";"05/07/2025 08:35:54";"06/25/2023 19:35:00";"Belize";"Longline";"Longline";"Y";"ICCAT";"Y";"Y";"Y";"Y";"D";"D";"Y";"Y";"Y";"D"
"3409";"FALCON V";"8668743";"IMO#";"BZ";"Longline";"Longline";"N";"05/07/2025 08:36:04";"06/25/2023 20:30:32";"Belize";"Longline";"Longline";"Y";"ICCAT";"Y";"Y";"Y";"Y";"D";"D";"Y";"Y";"Y";"D"
"8468";"FALCON VI";"8668755";"IMO#";"BZ";"Longline";"Longline";"N";"08/03/2025 18:00:58";"08/03/2025 18:00:33";"Belize";"Longline";"Longline";"Y";"ICCAT";"Y";"Y";"Y";"Y";"D";"D";"Y";"Y";"Y";"D"
"3406";"FALCON VII";"8668767";"IMO#";"BZ";"Longline";"Longline";"N";"08/03/2025 18:16:03";"08/03/2025 18:15:38";"Belize";"Longline";"Longline";"Y";"ICCAT";"Y";"Y";"Y";"Y";"D";"D";"Y";"Y";"Y";"D"
"7804";"FENG GUO 168";"8780723";"IMO#";"TW";"Longline";"Longline";"N";"08/17/2026 13:40:05";"08/17/2026 13:39:50";"Chinese Taipei";"Longline";"Longline";"Y";"IOTC";"NA";"Y";"Y";"Y";"D";"D";"Y";"Y";"Y";"D"
"12065";"FENG HAI 6";"8798067";"IMO#";"TW";"Longline";"Longline";"B";"08/17/2026 13:36:34";"08/17/2026 13:36:19";"Chinese Taipei";"Longline";"Longline";"Y";"IOTC";"NA";"Y";"Y";"Y";"D";"D";"Y";"Y";"Y";"D"
"8691";"FENG HUI 17";"8668664";"IMO#";"CN";"Longline";"Longline";"N";"08/21/2026 02:07:03";"08/21/2026 02:06:50";"China, People's Republic of";"Longline";"Longline";"Y";"IATTC, WCPFC";"Y";"Y";"Y";"Y";"D";"D";"Y";"Y";"Y";"D"
"8692";"FENG HUI 18";"8668676";"IMO#";"CN";"Longline";"Longline";"N";"08/21/2026 03:14:40";"08/21/2026 03:14:27";"China, People's Republic of";"Longline";"Longline";"Y";"IATTC, WCPFC";"Y";"Y";"Y";"Y";"D";"D";"Y";"Y";"Y";"D"
"8693";"FENG HUI 5";"8668626";"IMO#";"CN";"Longline";"Longline";"N";"11/13/2024 11:37:32";"11/04/2024 05:57:09";"China, People's Republic of";"Longline";"Longline";"Y";"WCPFC";"Y";"Y";"Y";"Y";"D";"D";"Y";"Y";"Y";"D"
"8694";"FENG HUI 6";"8668638";"IMO#";"CN";"Longline";"Longline";"N";"08/18/2026 04:41:49";"08/18/2026 04:41:36";"China, People's Republic of";"Longline";"Longline";"Y";"IATTC, WCPFC";"Y";"Y";"Y";"Y";"D";"D";"Y";"Y";"Y";"D"
"8695";"FENG HUI 7";"8668640";"IMO#";"CN";"Longline";"Longline";"N";"08/21/2026 03:17:14";"08/21/2026 03:17:02";"China, People's Republic of";"Longline";"Longline";"Y";"IATTC, WCPFC";"Y";"Y";"Y";"Y";"D";"D";"Y";"Y";"Y";"D"
"8696";"FENG HUI 8";"8668652";"IMO#";"CN";"Longline";"Longline";"N";"08/21/2026 03:18:09";"08/21/2026 03:17:55";"China, People's Republic of";"Longline";"Longline";"Y";"IATTC, WCPFC";"Y";"Y";"Y";"Y";"D";"D";"Y";"Y";"Y";"D"
"2930";"FENG KUO 186";"8974532";"IMO#";"TW";"Longline";"Longline";"N";"08/17/2026 13:52:05";"08/17/2026 13:51:46";"Chinese Taipei";"Longline";"Longline";"Y";"IOTC";"NA";"Y";"Y";"Y";"D";"D";"Y";"Y";"Y";"D"
"10647";"FENG KUO 616";"9838280";"IMO#";"TW";"Longline";"Longline";"B";"08/17/2026 13:52:39";"08/17/2026 13:52:22";"Chinese Taipei";"Longline";"Longline";"Y";"IOTC";"NA";"Y";"Y";"Y";"D";"D";"Y";"Y";"Y";"D"
"7807";"FENG KUO 666";"8780694";"IMO#";"TW";"Longline";"Longline";"N";"08/17/2026 13:41:01";"08/17/2026 13:40:45";"Chinese Taipei";"Longline";"Longline";"Y";"IOTC";"NA";"Y";"Y";"Y";"D";"D";"Y";"Y";"Y";"D"
"8697";"FENG KUO 669";"9805556";"IMO#";"TW";"Longline";"Longline";"N";"08/17/2026 13:41:56";"08/17/2026 13:41:41";"Chinese Taipei";"Longline";"Longline";"Y";"IOTC";"NA";"Y";"Y";"Y";"D";"D";"Y";"Y";"Y";"D"
"17955";"FENG KUO 689";"9925485";"IMO#";"TW";"Longline";"Longline";"B";"08/17/2026 13:53:12";"08/17/2026 13:52:57";"Chinese Taipei";"Longline";"Longline";"Y";"IOTC";"NA";"Y";"Y";"Y";"D";"D";"Y";"Y";"Y";"D"
"3586";"FENG KUO 888";"8670019";"IMO#";"TW";"Longline";"Longline";"N";"08/17/2026 13:42:50";"08/17/2026 13:42:36";"Chinese Taipei";"Longline";"Longline";"Y";"IOTC";"NA";"Y";"Y";"Y";"D";"D";"Y";"Y";"Y";"D"
"1435";"FENG YA 11";"8947266";"IMO#";"TW";"Longline";"Longline";"N";"03/27/2026 13:08:35";"01/30/2024 08:09:16";"Chinese Taipei";"Longline";"Longline";"Y";"ICCAT";"Y";"Y";"Y";"Y";"D";"D";"Y";"Y";"Y";"D"
"1974";"FENG YA 18";"9718399";"IMO#";"TW";"Longline";"Longline";"N";"11/29/2024 20:04:11";"08/03/2023 03:32:42";"Chinese Taipei";"Longline";"Longline";"Y";"ICCAT";"Y";"Y";"Y";"Y";"D";"D";"Y";"Y";"Y";"D"
"2349";"FENGYUH 6";"8628456";"IMO#";"FJ";"Longline";"Longline";"N";"08/09/2025 08:30:31";"07/17/2024 15:26:28";"Fiji";"Longline";"Longline";"Y";"WCPFC";"Y";"Y";"Y";"Y";"D";"D";"N";"Y";"Y";"D"
"19362";"FONG YU 26";"1045942";"IMO#";"TW";"Longline";"Longline";"B";"03/06/2026 17:21:26";"11/26/2025 05:51:35";"Chinese Taipei";"Longline";"Longline";"Y";"IOTC";"NA";"Y";"Y";"Y";"D";"D";"Y";"Y";"Y";"D"
"18900";"FU HAI FU";"1038054";"IMO#";"TW";"Longline";"Longline";"B";"01/23/2026 14:54:29";"04/25/2025 10:28:07";"Chinese Taipei";"Longline";"Longline";"N";"IOTC";"NA";"N";"N";"N";"D";"D";"N";"N";"N";"D"
"19435";"FU HAI SHUN";"9948176";"IMO#";"TW";"Longline";"Longline";"B";"01/23/2026 14:55:25";"11/25/2025 17:08:25";"Chinese Taipei";"Longline";"Longline";"Y";"IOTC";"NA";"Y";"Y";"Y";"D";"D";"Y";"Y";"N";"D"
"2989";"FU KUAN YU 1";"8994350";"IMO#";"VU";"Longline";"Longline";"N";"07/14/2024 10:55:29";"07/14/2024 10:55:14";"Vanuatu";"Longline";"Longline";"IP";"";"IP";"IP";"IP";"IP";"D";"D";"IP";"IP";"IP";"D"
"12085";"FU KUAN YU 6";"8524064";"IMO#";"VU";"Longline";"Longline";"B";"09/20/2022 17:08:38";"04/08/2022 18:17:24";"Vanuatu";"Longline";"Longline";"N";"";"N";"N";"N";"N";"D";"D";"N";"N";"N";"D"
"11124";"FU KUO 10";"8782513";"IMO#";"TW";"Longline";"Longline";"N";"05/08/2026 16:53:03";"06/24/2024 11:21:30";"Chinese Taipei";"Longline";"Longline";"Y";"IOTC";"NA";"Y";"Y";"Y";"D";"D";"Y";"Y";"Y";"D"
"7873";"FU LONG SHUN";"8778421";"IMO#";"TW";"Longline";"Longline";"N";"07/25/2026 17:23:35";"06/17/2026 12:25:23";"Chinese Taipei";"Longline";"Longline";"Y";"IATTC, WCPFC";"Y";"Y";"Y";"Y";"D";"D";"Y";"Y";"Y";"D"
"7877";"FU MAN SHUN";"8778469";"IMO#";"TW";"Longline";"Longline";"N";"06/24/2026 07:44:17";"06/17/2026 12:25:23";"Chinese Taipei";"Longline";"Longline";"Y";"IATTC, WCPFC";"Y";"Y";"Y";"Y";"D";"D";"Y";"Y";"Y";"D"
"1773";"FU MAO 268";"9395812";"IMO#";"TW";"Longline";"Longline";"N";"06/07/2026 03:54:51";"06/07/2026 03:54:41";"Chinese Taipei";"Longline";"Longline";"Y";"ICCAT";"Y";"Y";"Y";"Y";"D";"D";"Y";"Y";"Y";"D"
"3005";"FU YO YU 8";"8664424";"IMO#";"VU";"Longline";"Longline";"N";"05/10/2024 13:42:35";"04/08/2022 18:17:24";"Vanuatu";"Longline";"Longline";"N";"";"N";"N";"N";"N";"D";"D";"N";"N";"N";"D"
"15461";"FU YUAN YU 7852";"9928310";"IMO#";"CN";"Longline";"Longline";"B";"06/07/2026 03:56:47";"06/07/2026 03:56:30";"China, People's Republic of";"Longline";"Longline";"Y";"ICCAT";"Y";"Y";"Y";"Y";"D";"D";"Y";"Y";"N";"D"
"15462";"FU YUAN YU 7853";"9928308";"IMO#";"CN";"Longline";"Longline";"B";"06/07/2026 03:58:09";"06/07/2026 03:57:55";"China, People's Republic of";"Longline";"Longline";"Y";"ICCAT";"Y";"Y";"Y";"Y";"D";"D";"Y";"Y";"N";"D"
"15463";"FU YUAN YU 7855";"9940265";"IMO#";"CN";"Longline";"Longline";"B";"06/07/2026 03:59:50";"06/07/2026 03:59:39";"China, People's Republic of";"Longline";"Longline";"Y";"ICCAT";"Y";"Y";"Y";"Y";"D";"D";"Y";"Y";"N";"D"
"15464";"FU YUAN YU 7856";"9940277";"IMO#";"CN";"Longline";"Longline";"B";"06/07/2026 04:00:57";"06/07/2026 04:00:43";"China, People's Republic of";"Longline";"Longline";"Y";"ICCAT";"Y";"Y";"Y";"Y";"D";"D";"N";"Y";"N";"D"
"15465";"FU YUAN YU 7857";"9940289";"IMO#";"CN";"Longline";"Longline";"B";"10/09/2024 07:04:37";"06/29/2023 19:55:37";"China, People's Republic of";"Longline";"Longline";"Y";"ICCAT";"Y";"Y";"Y";"Y";"D";"D";"Y";"Y";"N";"D"
"15466";"FU YUAN YU 7858";"9921037";"IMO#";"CN";"Longline";"Longline";"B";"10/09/2024 07:05:57";"06/29/2023 19:56:26";"China, People's Republic of";"Longline";"Longline";"Y";"ICCAT";"Y";"Y";"Y";"Y";"D";"D";"N";"Y";"N";"D"
"15467";"FU YUAN YU 7859";"9921049";"IMO#";"CN";"Longline";"Longline";"B";"10/09/2024 07:07:21";"06/29/2023 19:57:00";"China, People's Republic of";"Longline";"Longline";"Y";"ICCAT";"Y";"Y";"Y";"Y";"D";"D";"Y";"Y";"N";"D"
"11794";"FUH SHYANG 2";"8539928";"IMO#";"TW";"Longline";"Longline";"B";"06/25/2026 15:53:44";"03/16/2026 09:25:08";"Chinese Taipei";"Longline";"Longline";"Y";"WCPFC";"Y";"Y";"Y";"IP";"D";"D";"Y";"Y";"N";"D"
"2271";"FULL ALWAYS";"8648133";"IMO#";"TW";"Longline";"Longline";"B";"06/09/2026 11:24:22";"06/09/2026 11:24:09";"Chinese Taipei";"Longline";"Longline";"Y";"ICCAT";"Y";"Y";"Y";"Y";"D";"D";"Y";"Y";"Y";"D"
"11901";"FURE MAAN CHYUN 56";"8551433";"IMO#";"TW";"Longline";"Longline";"B";"03/21/2026 08:32:55";"03/16/2026 04:19:53";"Chinese Taipei";"Longline";"Longline";"Y";"WCPFC";"Y";"Y";"Y";"Y";"D";"D";"Y";"Y";"N";"D"
"7809";"FWU FA YI 8";"8780759";"IMO#";"TW";"Longline";"Longline";"N";"08/17/2026 13:44:01";"08/17/2026 13:43:49";"Chinese Taipei";"Longline";"Longline";"Y";"IOTC";"NA";"Y";"Y";"Y";"D";"D";"Y";"Y";"Y";"D"
"11853";"FWU TSAIR YIH 1";"8547949";"IMO#";"TW";"Longline";"Longline";"B";"05/09/2026 07:00:28";"03/17/2026 07:03:07";"Chinese Taipei";"Longline";"Longline";"Y";"WCPFC";"Y";"Y";"Y";"Y";"D";"D";"Y";"Y";"Y";"D"
"7810";"FWU TSAIR YIH 2";"8781600";"IMO#";"TW";"Longline";"Longline";"N";"08/17/2026 13:54:17";"08/17/2026 13:54:03";"Chinese Taipei";"Longline";"Longline";"Y";"IOTC";"NA";"Y";"Y";"Y";"D";"D";"Y";"Y";"Y";"D"
"12295";"GILONTAS 230";"2403361";"IMO#";"SR";"Longline";"Longline";"B";"08/17/2026 13:03:48";"08/17/2026 13:03:29";"Suriname";"Longline";"Longline";"Y";"ICCAT";"Y";"Y";"Y";"Y";"D";"D";"Y";"Y";"Y";"D"
"12296";"GILONTAS 232";"2403373";"IMO#";"SR";"Longline";"Longline";"B";"08/17/2026 13:05:54";"08/17/2026 13:05:38";"Suriname";"Longline";"Longline";"Y";"ICCAT";"Y";"Y";"Y";"Y";"D";"D";"Y";"Y";"Y";"D"
"3410";"GILONTAS 313";"8668781";"IMO#";"BZ";"Longline";"Longline";"N";"08/18/2026 04:57:22";"08/18/2026 04:57:07";"Belize";"Longline";"Longline";"Y";"ICCAT";"Y";"Y";"Y";"Y";"D";"D";"Y";"Y";"Y";"D"
"3411";"GILONTAS 323";"8668793";"IMO#";"BZ";"Longline";"Longline";"N";"08/21/2026 13:03:38";"08/21/2026 13:03:25";"Belize";"Longline";"Longline";"Y";"ICCAT";"Y";"Y";"Y";"Y";"D";"D";"Y";"Y";"Y";"D"
"8807";"GILONTAS 363";"8668822";"IMO#";"BZ";"Longline";"Longline";"N";"08/21/2026 13:04:50";"08/21/2026 13:04:34";"Belize";"Longline";"Longline";"Y";"ICCAT";"Y";"Y";"Y";"Y";"D";"D";"Y";"Y";"Y";"D"
"3402";"GILONTAS 386";"8668779";"IMO#";"BZ";"Longline";"Longline";"N";"08/04/2025 07:15:05";"08/04/2025 07:14:44";"Belize";"Longline";"Longline";"Y";"ICCAT";"Y";"Y";"Y";"Y";"D";"D";"Y";"Y";"Y";"D"
"8808";"GILONTAS 393";"8668834";"IMO#";"BZ";"Longline";"Longline";"N";"02/14/2025 13:43:22";"02/07/2025 20:46:32";"Belize";"Longline";"Longline";"Y";"ICCAT";"Y";"Y";"Y";"Y";"D";"D";"Y";"Y";"Y";"D"
"8819";"GLORY";"8664814";"IMO#";"TW";"Longline";"Longline";"N";"06/12/2026 17:43:44";"05/28/2026 06:30:57";"Chinese Taipei";"Longline";"Longline";"Y";"WCPFC";"Y";"Y";"Y";"Y";"D";"D";"Y";"Y";"Y";"D"
"2576";"GLORY 1";"8717013";"IMO#";"VU";"Longline";"Longline";"N";"04/24/2026 09:00:25";"04/13/2026 03:32:11";"Vanuatu";"Longline";"Longline";"Y";"WCPFC";"Y";"Y";"Y";"Y";"D";"D";"Y";"Y";"Y";"D"
"2579";"GLORY 8";"8520056";"IMO#";"VU";"Longline";"Longline";"N";"07/28/2026 17:17:31";"07/01/2026 08:03:33";"Vanuatu";"Longline";"Longline";"Y";"WCPFC";"Y";"Y";"Y";"Y";"D";"D";"Y";"Y";"Y";"D"
"12305";"GOLDEN STAR 2";"2649721";"IMO#";"NI";"Longline";"Longline";"B";"06/11/2026 15:05:53";"06/07/2021 12:23:52";"Nicaragua";"Longline";"Longline";"IP";"";"IP";"IP";"IP";"IP";"D";"D";"IP";"IP";"IP";"D"
"12299";"GOLDEN STAR 3";"2555877";"IMO#";"NI";"Longline";"Longline";"B";"06/11/2026 15:08:01";"06/07/2021 12:23:52";"Nicaragua";"Longline";"Longline";"IP";"";"IP";"IP";"IP";"IP";"D";"D";"IP";"IP";"IP";"D"
"1518";"GRAND EAST";"8821072";"IMO#";"VU";"Longline";"Longline";"N";"05/25/2026 16:37:33";"06/26/2024 12:04:43";"Vanuatu";"Longline";"Longline";"Y";"IATTC, WCPFC";"Y";"Y";"Y";"Y";"D";"D";"Y";"Y";"N";"D"
"7812";"GUAN WANG 21";"8780773";"IMO#";"TW";"Longline";"Longline";"N";"03/06/2026 17:22:04";"11/19/2025 05:35:45";"Chinese Taipei";"Longline";"Longline";"Y";"IOTC";"NA";"Y";"Y";"Y";"D";"D";"Y";"Y";"Y";"D"
"7872";"GUANG YANG";"8778419";"IMO#";"TW";"Longline";"Longline";"N";"05/19/2026 07:08:18";"05/18/2026 02:43:29";"Chinese Taipei";"Longline";"Longline";"Y";"IOTC";"NA";"Y";"Y";"Y";"D";"D";"Y";"Y";"Y";"D"
"1379";"HAE CHEON 101";"8815645";"IMO#";"KR";"Longline";"Longline";"N";"02/02/2026 18:12:15";"02/20/2023 03:06:19";"Korea, Republic of";"Longline";"Longline";"Y";"";"N";"Y";"Y";"N";"D";"D";"N";"Y";"N";"D"
"1591";"HAE CHEON 11";"8921250";"IMO#";"KR";"Longline";"Longline";"N";"07/14/2026 03:12:26";"02/20/2023 03:06:19";"Korea, Republic of";"Longline";"Longline";"Y";"IATTC, WCPFC";"Y";"Y";"Y";"Y";"D";"D";"N";"Y";"Y";"D"
"1600";"HAE CHEON 202";"8714176";"IMO#";"KR";"Longline";"Longline";"N";"07/14/2026 03:26:57";"02/20/2023 04:00:45";"Korea, Republic of";"Longline";"Longline";"Y";"IATTC, WCPFC";"Y";"Y";"Y";"Y";"D";"D";"N";"Y";"Y";"D"
"1741";"HAE CHEON 22";"8808159";"IMO#";"KR";"Longline";"Longline";"N";"07/14/2026 03:26:14";"02/20/2023 03:06:19";"Korea, Republic of";"Longline";"Longline";"Y";"IATTC, WCPFC";"Y";"Y";"Y";"Y";"D";"D";"N";"Y";"Y";"D"
"1598";"HAE CHEON 303";"8703892";"IMO#";"KR";"Longline";"Longline";"N";"07/14/2026 03:27:32";"02/20/2023 04:00:45";"Korea, Republic of";"Longline";"Longline";"Y";"IATTC, WCPFC";"Y";"Y";"Y";"Y";"D";"D";"N";"Y";"Y";"D"
"1384";"HAE CHEON 707";"8821503";"IMO#";"KR";"Longline";"Longline";"N";"07/14/2026 03:28:47";"02/20/2023 04:00:45";"Korea, Republic of";"Longline";"Longline";"Y";"IATTC, WCPFC";"Y";"Y";"Y";"Y";"D";"D";"N";"Y";"Y";"D"
"1363";"HAE CHEON 808";"9020118";"IMO#";"KR";"Longline";"Longline";"N";"02/02/2026 18:09:53";"02/20/2023 04:00:45";"Korea, Republic of";"Longline";"Longline";"Y";"";"N";"Y";"Y";"N";"D";"D";"N";"Y";"N";"D"
"7813";"HAI CHIEN HSING";"8777726";"IMO#";"TW";"Longline";"Longline";"N";"08/06/2026 14:34:16";"08/12/2024 00:52:19";"Chinese Taipei";"Longline";"Longline";"Y";"WCPFC";"Y";"Y";"Y";"Y";"D";"D";"N";"Y";"Y";"D"
"2428";"HAI XING 615";"9727780";"IMO#";"CN";"Longline";"Longline";"N";"05/08/2026 17:37:10";"04/30/2026 06:07:17";"China, People's Republic of";"Longline";"Longline";"Y";"WCPFC";"Y";"Y";"Y";"Y";"D";"D";"Y";"Y";"Y";"D"
"2394";"HAI XING 616";"9727792";"IMO#";"CN";"Longline";"Longline";"N";"08/13/2026 20:31:45";"08/11/2026 07:30:29";"China, People's Republic of";"Longline";"Longline";"Y";"WCPFC";"Y";"Y";"Y";"Y";"D";"D";"Y";"Y";"Y";"D"
"2395";"HAI XING 715";"8654170";"IMO#";"CN";"Longline";"Longline";"N";"11/27/2025 12:01:04";"08/06/2024 07:02:58";"China, People's Republic of";"Longline";"Longline";"Y";"IATTC, WCPFC";"Y";"Y";"Y";"Y";"D";"D";"Y";"Y";"Y";"D"
"2396";"HAI XING 716";"8654182";"IMO#";"CN";"Longline";"Longline";"N";"01/27/2026 17:56:33";"08/06/2024 07:21:43";"China, People's Republic of";"Longline";"Longline";"Y";"IATTC, WCPFC";"Y";"Y";"Y";"Y";"D";"D";"Y";"Y";"Y";"D"
"2397";"HAI XING 717";"8654194";"IMO#";"CN";"Longline";"Longline";"N";"11/27/2025 12:02:26";"08/06/2024 07:32:23";"China, People's Republic of";"Longline";"Longline";"Y";"IATTC, WCPFC";"Y";"Y";"Y";"Y";"D";"D";"Y";"Y";"Y";"D"
"2398";"HAI XING 718";"8654209";"IMO#";"CN";"Longline";"Longline";"N";"01/27/2026 17:58:17";"08/06/2024 07:41:10";"China, People's Republic of";"Longline";"Longline";"Y";"IATTC, WCPFC";"Y";"Y";"Y";"Y";"D";"D";"Y";"Y";"Y";"D"
"2399";"HAI XING 815";"9702912";"IMO#";"CN";"Longline";"Longline";"N";"01/27/2026 17:59:52";"08/06/2024 07:50:52";"China, People's Republic of";"Longline";"Longline";"Y";"IATTC, WCPFC";"Y";"Y";"Y";"Y";"D";"D";"Y";"Y";"Y";"D"
"2401";"HAI XING 817";"9702936";"IMO#";"CN";"Longline";"Longline";"N";"01/27/2026 18:00:59";"08/06/2024 07:59:41";"China, People's Republic of";"Longline";"Longline";"Y";"IATTC, WCPFC";"Y";"Y";"Y";"Y";"D";"D";"Y";"Y";"Y";"D"
"10605";"HANGTON 111";"9850381";"IMO#";"FJ";"Longline";"Longline";"N";"01/10/2025 10:22:52";"12/17/2018 21:15:48";"Fiji";"Longline";"Longline";"Y";"WCPFC";"Y";"Y";"Y";"Y";"D";"D";"Y";"Y";"Y";"D"
"10606";"HANGTON 112";"9850393";"IMO#";"FJ";"Longline";"Longline";"N";"01/10/2025 10:24:07";"03/31/2022 16:23:00";"Fiji";"Longline";"Longline";"Y";"WCPFC";"Y";"Y";"Y";"Y";"D";"D";"Y";"Y";"N";"D"
"10607";"HANGTON 115";"9850408";"IMO#";"FJ";"Longline";"Longline";"N";"01/20/2025 17:00:27";"12/17/2018 21:42:17";"Fiji";"Longline";"Longline";"Y";"WCPFC";"Y";"Y";"Y";"Y";"D";"D";"Y";"Y";"Y";"D"
"10608";"HANGTON 116";"9850410";"IMO#";"FJ";"Longline";"Longline";"N";"01/10/2025 10:24:50";"03/31/2022 16:23:55";"Fiji";"Longline";"Longline";"Y";"WCPFC";"Y";"Y";"Y";"Y";"D";"D";"Y";"Y";"Y";"D"
"1469";"HANSUNG 36";"8619388";"IMO#";"KR";"Longline";"Longline";"N";"08/21/2025 19:15:13";"07/10/2025 04:42:27";"Korea, Republic of";"Longline";"Longline";"Y";"IATTC, WCPFC";"Y";"Y";"Y";"Y";"D";"D";"Y";"Y";"N";"D"
"1470";"HANSUNG 38";"8717843";"IMO#";"KR";"Longline";"Longline";"N";"08/21/2025 19:12:45";"07/15/2025 23:46:47";"Korea, Republic of";"Longline";"Longline";"Y";"IATTC, WCPFC";"Y";"Y";"Y";"Y";"D";"D";"Y";"Y";"N";"D"
"1471";"HANSUNG 39";"9046409";"IMO#";"KR";"Longline";"Longline";"N";"08/21/2025 19:14:02";"07/16/2025 00:04:32";"Korea, Republic of";"Longline";"Longline";"Y";"IATTC, WCPFC";"Y";"Y";"Y";"Y";"D";"D";"Y";"Y";"N";"D"
"3590";"HO HSIN HSING 601";"9723576";"IMO#";"TW";"Longline";"Longline";"N";"03/06/2026 17:45:06";"12/01/2025 05:33:22";"Chinese Taipei";"Longline";"Longline";"Y";"IOTC";"NA";"Y";"Y";"Y";"D";"D";"Y";"Y";"Y";"D"
"16241";"HO HSIN HSING 603";"9919876";"IMO#";"TW";"Longline";"Longline";"B";"03/06/2026 17:45:46";"12/01/2025 05:41:54";"Chinese Taipei";"Longline";"Longline";"Y";"IOTC";"NA";"Y";"Y";"Y";"D";"D";"Y";"Y";"Y";"D"
"2434";"HONG IU 313";"8648418";"IMO#";"TW";"Longline";"Longline";"N";"06/29/2025 09:15:51";"03/23/2023 19:38:22";"Chinese Taipei";"Longline";"Longline";"Y";"IOTC";"NA";"Y";"Y";"Y";"D";"D";"Y";"Y";"N";"D"
"10652";"HONG RONG";"8787941";"IMO#";"TW";"Longline";"Longline";"B";"12/03/2025 18:28:11";"07/17/2024 15:23:08";"Chinese Taipei";"Longline";"Longline";"Y";"IOTC";"NA";"Y";"Y";"Y";"D";"D";"Y";"Y";"Y";"D"
"10274";"HONG RONG 168";"8787927";"IMO#";"TW";"Longline";"Longline";"N";"03/05/2026 17:12:52";"05/08/2023 03:48:38";"Chinese Taipei";"Longline";"Longline";"N";"";"NA";"N";"N";"N";"D";"D";"N";"N";"N";"D"
"3381";"HONG YANG 11";"8672251";"IMO#";"CN";"Longline";"Longline";"N";"01/27/2026 18:02:02";"08/06/2024 08:31:01";"China, People's Republic of";"Longline";"Longline";"Y";"IATTC, WCPFC";"Y";"Y";"Y";"Y";"D";"D";"Y";"Y";"Y";"D"
"2442";"HONG YANG 8";"9649574";"IMO#";"CN";"Longline";"Longline";"N";"06/05/2026 09:50:01";"06/11/2024 10:11:03";"China, People's Republic of";"Longline";"Longline";"Y";"IATTC, WCPFC";"Y";"Y";"Y";"Y";"D";"D";"Y";"Y";"Y";"D"
"2436";"HONG YANG 88";"9666948";"IMO#";"CN";"Longline";"Longline";"N";"06/05/2026 09:50:58";"08/12/2024 00:50:18";"China, People's Republic of";"Longline";"Longline";"Y";"IATTC, WCPFC";"Y";"Y";"Y";"N";"D";"D";"N";"Y";"N";"D"
"3384";"HONG YANG 88";"8670552";"IMO#";"CN";"Longline";"Longline";"N";"11/27/2025 12:07:40";"08/06/2024 08:21:34";"China, People's Republic of";"Longline";"Longline";"Y";"IATTC, WCPFC";"Y";"Y";"Y";"Y";"D";"D";"Y";"Y";"Y";"D"
"2443";"HONG YANG 9";"9649586";"IMO#";"CN";"Longline";"Longline";"N";"07/02/2026 17:16:44";"07/02/2026 17:16:27";"China, People's Republic of";"Longline";"Longline";"Y";"IATTC, WCPFC";"Y";"Y";"Y";"Y";"D";"D";"Y";"Y";"Y";"D"
"3383";"HONGYANG 8";"8670540";"IMO#";"CN";"Longline";"Longline";"N";"06/17/2026 01:04:06";"06/17/2026 01:03:54";"China, People's Republic of";"Longline";"Longline";"Y";"IATTC, WCPFC";"Y";"Y";"Y";"Y";"D";"D";"Y";"Y";"Y";"D"
"11885";"HORNG YIH FWU 168";"8550879";"IMO#";"TW";"Longline";"Longline";"B";"04/16/2026 14:29:12";"03/24/2026 05:59:36";"Chinese Taipei";"Longline";"Longline";"Y";"WCPFC";"Y";"Y";"Y";"Y";"D";"D";"Y";"Y";"N";"D"
"2707";"HSIANG FU 1";"8649797";"IMO#";"TW";"Longline";"Longline";"N";"03/21/2026 18:49:28";"03/16/2026 06:13:50";"Chinese Taipei";"Longline";"Longline";"Y";"IOTC";"NA";"Y";"Y";"Y";"D";"D";"B";"Y";"N";"D"
"2705";"HSIEH TA";"8961494";"IMO#";"TW";"Longline";"Longline";"N";"05/31/2026 18:12:44";"09/11/2025 01:02:55";"Chinese Taipei";"Longline";"Longline";"Y";"WCPFC";"Y";"Y";"Y";"Y";"D";"D";"Y";"Y";"Y";"D"
"11856";"HSIN MING TSAI 6";"8549583";"IMO#";"TW";"Longline";"Longline";"B";"08/06/2026 14:34:43";"08/12/2024 00:40:36";"Chinese Taipei";"Longline";"Longline";"Y";"WCPFC";"Y";"Y";"Y";"Y";"D";"D";"N";"Y";"Y";"D"
"15502";"HSING FA CHENG 10";"8793536";"IMO#";"TW";"Longline";"Longline";"B";"04/15/2026 19:23:57";"11/28/2025 06:41:02";"Chinese Taipei";"Longline";"Longline";"Y";"WCPFC";"Y";"Y";"Y";"Y";"D";"D";"Y";"Y";"Y";"D"
"2464";"HSINLONG 1";"9627241";"IMO#";"FJ";"Longline";"Longline";"N";"08/07/2025 16:07:35";"08/07/2025 16:07:21";"Fiji";"Longline";"Longline";"Y";"WCPFC";"Y";"Y";"Y";"Y";"D";"D";"Y";"Y";"Y";"D"
"2465";"HSINLONG 6";"9627265";"IMO#";"FJ";"Longline";"Longline";"N";"08/07/2025 16:09:29";"08/07/2025 16:09:11";"Fiji";"Longline";"Longline";"IP";"";"IP";"IP";"IP";"IP";"D";"D";"IP";"IP";"IP";"D"
"8936";"HUA NAN YU 702";"9829021";"IMO#";"CN";"Longline";"Longline";"N";"05/13/2026 17:40:56";"05/15/2025 15:33:40";"China, People's Republic of";"Longline";"Longline";"Y";"WCPFC";"Y";"Y";"Y";"Y";"D";"D";"Y";"Y";"Y";"D"
"8937";"HUA NAN YU 703";"9829057";"IMO#";"CN";"Longline";"Longline";"N";"05/13/2026 17:44:54";"05/15/2025 15:35:31";"China, People's Republic of";"Longline";"Longline";"Y";"WCPFC";"Y";"Y";"Y";"Y";"D";"D";"Y";"Y";"Y";"D"
"14149";"HUA NAN YU 705";"9896878";"IMO#";"CN";"Longline";"Longline";"B";"05/13/2026 17:45:49";"05/15/2025 15:38:44";"China, People's Republic of";"Longline";"Longline";"Y";"WCPFC";"Y";"Y";"Y";"Y";"D";"D";"Y";"Y";"Y";"D"
"2475";"HUA NAN YU 711";"8628676";"IMO#";"CN";"Longline";"Longline";"N";"05/13/2026 17:47:36";"05/15/2025 15:15:55";"China, People's Republic of";"Longline";"Longline";"Y";"IATTC, WCPFC";"Y";"Y";"Y";"Y";"D";"D";"Y";"Y";"Y";"D"
"2476";"HUA NAN YU 712";"8628688";"IMO#";"CN";"Longline";"Longline";"N";"05/13/2026 17:48:46";"08/07/2025 16:10:21";"China, People's Republic of";"Longline";"Longline";"Y";"IATTC, WCPFC";"Y";"Y";"Y";"Y";"D";"D";"Y";"Y";"Y";"D"
"2477";"HUA NAN YU 716";"8654924";"IMO#";"CN";"Longline";"Longline";"N";"05/13/2026 17:49:31";"08/07/2025 16:10:52";"China, People's Republic of";"Longline";"Longline";"Y";"IATTC, WCPFC";"Y";"Y";"Y";"Y";"D";"D";"Y";"Y";"Y";"D"
"2478";"HUA NAN YU 717";"8654936";"IMO#";"CN";"Longline";"Longline";"N";"05/13/2026 17:50:07";"08/07/2025 16:13:39";"China, People's Republic of";"Longline";"Longline";"Y";"IATTC, WCPFC";"Y";"Y";"Y";"Y";"D";"D";"Y";"Y";"Y";"D"
"2479";"HUA NAN YU 718";"8654948";"IMO#";"CN";"Longline";"Longline";"N";"05/13/2026 17:50:41";"08/07/2025 16:16:09";"China, People's Republic of";"Longline";"Longline";"Y";"IATTC, WCPFC";"Y";"Y";"Y";"Y";"D";"D";"Y";"Y";"Y";"D"
"2480";"HUA NAN YU 719";"8654950";"IMO#";"CN";"Longline";"Longline";"N";"05/13/2026 17:51:14";"05/15/2025 15:17:33";"China, People's Republic of";"Longline";"Longline";"Y";"IATTC, WCPFC";"Y";"Y";"Y";"Y";"D";"D";"Y";"Y";"Y";"D"
"2481";"HUA NAN YU 721";"8654962";"IMO#";"CN";"Longline";"Longline";"N";"05/13/2026 17:51:42";"08/07/2025 16:17:07";"China, People's Republic of";"Longline";"Longline";"Y";"IATTC, WCPFC";"Y";"Y";"Y";"Y";"D";"D";"Y";"Y";"Y";"D"
"2482";"HUA NAN YU 722";"8654974";"IMO#";"CN";"Longline";"Longline";"N";"05/13/2026 17:52:22";"08/07/2025 16:17:40";"China, People's Republic of";"Longline";"Longline";"Y";"IATTC, WCPFC";"Y";"Y";"Y";"Y";"D";"D";"Y";"Y";"Y";"D"
"2483";"HUA NAN YU 723";"8654986";"IMO#";"CN";"Longline";"Longline";"N";"05/13/2026 17:53:02";"08/07/2025 16:18:36";"China, People's Republic of";"Longline";"Longline";"Y";"IATTC, WCPFC";"Y";"Y";"Y";"Y";"D";"D";"Y";"Y";"Y";"D"
"2472";"HUA NAN YU 731";"9699139";"IMO#";"CN";"Longline";"Longline";"N";"05/13/2026 17:53:44";"08/20/2024 12:46:37";"China, People's Republic of";"Longline";"Longline";"Y";"IATTC, WCPFC";"Y";"Y";"Y";"Y";"D";"D";"Y";"Y";"Y";"D"
"2473";"HUA NAN YU 732";"9699141";"IMO#";"CN";"Longline";"Longline";"N";"05/13/2026 17:54:23";"06/28/2024 10:10:13";"China, People's Republic of";"Longline";"Longline";"Y";"IATTC, WCPFC";"Y";"Y";"Y";"Y";"D";"D";"Y";"Y";"Y";"D"
"2484";"HUA NAN YU 736";"9699153";"IMO#";"CN";"Longline";"Longline";"N";"05/13/2026 17:54:56";"06/28/2024 10:08:39";"China, People's Republic of";"Longline";"Longline";"Y";"IATTC, WCPFC";"Y";"Y";"Y";"Y";"D";"D";"Y";"Y";"Y";"D"
"2485";"HUA NAN YU 737";"9707596";"IMO#";"CN";"Longline";"Longline";"N";"05/13/2026 17:55:28";"08/20/2024 12:43:51";"China, People's Republic of";"Longline";"Longline";"Y";"IATTC, WCPFC";"Y";"Y";"Y";"Y";"D";"D";"Y";"Y";"Y";"D"
"2486";"HUA NAN YU 738";"9707601";"IMO#";"CN";"Longline";"Longline";"N";"05/13/2026 17:56:20";"06/28/2024 10:06:25";"China, People's Republic of";"Longline";"Longline";"Y";"IATTC, WCPFC";"Y";"Y";"Y";"Y";"D";"D";"Y";"Y";"Y";"D"
"2487";"HUA NAN YU 739";"9707613";"IMO#";"CN";"Longline";"Longline";"N";"05/13/2026 17:56:47";"08/20/2024 12:42:47";"China, People's Republic of";"Longline";"Longline";"Y";"IATTC, WCPFC";"Y";"Y";"Y";"Y";"D";"D";"Y";"Y";"Y";"D"
"8938";"HUA NAN YU 761";"9814375";"IMO#";"CN";"Longline";"Longline";"N";"07/25/2026 14:56:10";"08/20/2024 12:41:15";"China, People's Republic of";"Longline";"Longline";"Y";"WCPFC";"Y";"Y";"Y";"Y";"D";"D";"Y";"Y";"Y";"D"
"8939";"HUA NAN YU 762";"9814442";"IMO#";"CN";"Longline";"Longline";"N";"07/25/2026 14:56:37";"08/20/2024 12:40:17";"China, People's Republic of";"Longline";"Longline";"Y";"WCPFC";"Y";"Y";"Y";"Y";"D";"D";"Y";"Y";"Y";"D"
"8940";"HUA NAN YU 766";"9814454";"IMO#";"CN";"Longline";"Longline";"N";"07/25/2026 14:57:07";"08/20/2024 12:39:13";"China, People's Republic of";"Longline";"Longline";"Y";"WCPFC";"Y";"Y";"Y";"Y";"D";"D";"Y";"Y";"Y";"D"
"8941";"HUA NAN YU 767";"9814466";"IMO#";"CN";"Longline";"Longline";"N";"07/25/2026 14:57:35";"08/20/2024 11:26:29";"China, People's Republic of";"Longline";"Longline";"Y";"WCPFC";"Y";"Y";"Y";"Y";"D";"D";"Y";"Y";"Y";"D"
"8942";"HUA NAN YU 768";"9814478";"IMO#";"CN";"Longline";"Longline";"N";"07/25/2026 14:58:02";"08/20/2024 11:25:27";"China, People's Republic of";"Longline";"Longline";"Y";"WCPFC";"Y";"Y";"Y";"Y";"D";"D";"Y";"Y";"Y";"D"
"8943";"HUA NAN YU 769";"9814480";"IMO#";"CN";"Longline";"Longline";"N";"07/25/2026 14:58:26";"08/20/2024 11:23:50";"China, People's Republic of";"Longline";"Longline";"Y";"WCPFC";"Y";"Y";"Y";"Y";"D";"D";"Y";"Y";"Y";"D"
"3107";"HUANG YU";"8749585";"IMO#";"TW";"Longline";"Longline";"N";"06/05/2026 10:28:11";"08/14/2023 06:03:26";"Chinese Taipei";"Longline";"Longline";"Y";"ICCAT";"Y";"Y";"Y";"Y";"D";"D";"Y";"Y";"Y";"D"
"8946";"HUNG CHUAN 232";"8673475";"IMO#";"TW";"Longline";"Longline";"N";"09/04/2025 14:59:35";"08/07/2025 08:30:25";"Chinese Taipei";"Longline";"Longline";"Y";"ICCAT";"Y";"Y";"Y";"Y";"D";"D";"Y";"Y";"Y";"D"
"2240";"HUNG FU 88";"8947254";"IMO#";"TW";"Longline";"Longline";"N";"06/05/2026 15:45:19";"03/04/2026 06:36:52";"Chinese Taipei";"Longline";"Longline";"Y";"IOTC";"NA";"Y";"Y";"Y";"D";"D";"Y";"Y";"Y";"D"
"7816";"HUNG JIE WEI 21";"8780797";"IMO#";"TW";"Longline";"Longline";"N";"08/17/2026 15:05:56";"08/17/2026 15:05:38";"Chinese Taipei";"Longline";"Longline";"Y";"IOTC";"NA";"Y";"Y";"Y";"D";"D";"Y";"Y";"Y";"D"
"7817";"HUNG JIE WEI 36";"8780802";"IMO#";"TW";"Longline";"Longline";"N";"08/17/2026 15:07:02";"08/17/2026 15:06:46";"Chinese Taipei";"Longline";"Longline";"Y";"IOTC";"NA";"Y";"Y";"Y";"D";"D";"Y";"Y";"Y";"D"
"3591";"HUNG JIE WEI 668";"9740603";"IMO#";"TW";"Longline";"Longline";"N";"08/17/2026 13:57:54";"08/17/2026 13:57:40";"Chinese Taipei";"Longline";"Longline";"Y";"IOTC";"NA";"Y";"Y";"Y";"D";"D";"Y";"Y";"Y";"D"
"3603";"HUNG JIE WEI 669";"9759941";"IMO#";"TW";"Longline";"Longline";"N";"08/17/2026 13:58:43";"08/17/2026 13:58:29";"Chinese Taipei";"Longline";"Longline";"Y";"IOTC";"NA";"Y";"Y";"Y";"D";"D";"Y";"Y";"Y";"D"
"7818";"HUNG JIE WEI 8";"8780785";"IMO#";"TW";"Longline";"Longline";"N";"08/17/2026 15:07:41";"08/17/2026 15:07:25";"Chinese Taipei";"Longline";"Longline";"Y";"IOTC";"NA";"Y";"Y";"Y";"D";"D";"Y";"Y";"Y";"D"
"2572";"HUNG JUNG 68";"9102679";"IMO#";"TW";"Longline";"Longline";"N";"08/17/2026 13:37:12";"08/17/2026 13:36:53";"Chinese Taipei";"Longline";"Longline";"Y";"IOTC";"NA";"Y";"Y";"Y";"D";"D";"Y";"Y";"Y";"D"
"2500";"HUNG RUNG 2";"9676151";"IMO#";"TW";"Longline";"Longline";"N";"07/04/2025 07:31:08";"05/08/2023 03:48:38";"Chinese Taipei";"Longline";"Longline";"N";"";"NA";"N";"N";"N";"D";"D";"N";"N";"N";"D"
"16221";"HUNG RUNG 368";"9984807";"IMO#";"TW";"Longline";"Longline";"B";"07/04/2025 11:24:40";"08/22/2023 15:34:13";"Chinese Taipei";"Longline";"Longline";"N";"";"NA";"N";"N";"N";"D";"D";"N";"N";"N";"D"
"2502";"HUNG SHENG";"8652328";"IMO#";"TW";"Longline";"Longline";"N";"07/09/2025 09:17:11";"08/14/2023 06:03:26";"Chinese Taipei";"Longline";"Longline";"IP";"";"IP";"IP";"IP";"IP";"D";"D";"IP";"IP";"IP";"D"
"12081";"HUNG WEN 322";"9886665";"IMO#";"TW";"Longline";"Longline";"B";"04/24/2026 07:31:33";"04/09/2026 09:07:19";"Chinese Taipei";"Longline";"Longline";"Y";"WCPFC";"Y";"Y";"Y";"Y";"D";"D";"Y";"Y";"Y";"D"
"15988";"HUNG YANG LUN";"9989132";"IMO#";"TW";"Longline";"Longline";"B";"05/31/2026 15:49:37";"05/15/2023 01:33:14";"Chinese Taipei";"Longline";"Longline";"Y";"ICCAT";"Y";"Y";"Y";"Y";"D";"D";"Y";"Y";"Y";"D"
"18251";"HUNG YANG LUN 1";"1059383";"IMO#";"TW";"Longline";"Longline";"B";"06/09/2026 11:31:49";"06/09/2026 11:31:39";"Chinese Taipei";"Longline";"Longline";"Y";"ICCAT";"Y";"Y";"Y";"Y";"D";"D";"Y";"Y";"Y";"D"
"2458";"HUNG YI 2";"9225756";"IMO#";"TW";"Longline";"Longline";"N";"06/23/2026 14:48:04";"04/28/2026 03:59:30";"Chinese Taipei";"Longline";"Longline";"Y";"WCPFC";"Y";"Y";"Y";"Y";"D";"D";"Y";"Y";"Y";"D"
"7835";"HUNG YING 1";"8780943";"IMO#";"TW";"Longline";"Longline";"N";"03/06/2026 17:46:24";"11/24/2025 06:07:33";"Chinese Taipei";"Longline";"Longline";"Y";"IOTC";"NA";"Y";"Y";"Y";"D";"D";"Y";"Y";"Y";"D"
"7843";"HUNG YING 2";"8780955";"IMO#";"TW";"Longline";"Longline";"N";"03/06/2026 17:24:23";"11/24/2025 06:13:50";"Chinese Taipei";"Longline";"Longline";"Y";"IOTC";"NA";"Y";"Y";"Y";"D";"D";"Y";"Y";"Y";"D"
"7994";"HUNG YING 3";"8787745";"IMO#";"TW";"Longline";"Longline";"N";"06/25/2026 15:54:46";"03/12/2026 01:10:57";"Chinese Taipei";"Longline";"Longline";"Y";"WCPFC";"Y";"Y";"Y";"Y";"D";"D";"Y";"Y";"Y";"D"
"17520";"INDO PRINCE";"9928700";"IMO#";"SC";"Longline";"Longline";"B";"06/09/2026 11:33:32";"06/09/2026 11:33:20";"Seychelles";"Longline";"Longline";"Y";"IOTC";"Y";"Y";"Y";"Y";"D";"D";"Y";"Y";"Y";"D"
"17854";"JAYA WIJAYA 2";"8569935";"IMO#";"ID";"Longline";"Longline";"B";"07/16/2026 14:14:40";"06/30/2026 14:29:37";"Indonesia";"Longline";"Longline";"Y";"IOTC";"Y";"Y";"Y";"Y";"D";"D";"Y";"Y";"Y";"D"
"11914";"JENN FENG YI 1";"8552047";"IMO#";"TW";"Longline";"Longline";"B";"06/25/2026 15:47:32";"03/24/2026 05:45:14";"Chinese Taipei";"Longline";"Longline";"Y";"WCPFC";"Y";"Y";"Y";"Y";"D";"D";"Y";"Y";"N";"D"
"7820";"JENN MING YANG 20";"8778809";"IMO#";"TW";"Longline";"Longline";"N";"10/31/2022 18:38:06";"02/15/2019 21:14:41";"Chinese Taipei";"Longline";"Longline";"IP";"";"IP";"IP";"IP";"IP";"D";"D";"IP";"IP";"IP";"D"
"7821";"JENN MING YANG 33";"8778811";"IMO#";"TW";"Longline";"Longline";"N";"08/17/2026 13:59:42";"08/17/2026 13:59:27";"Chinese Taipei";"Longline";"Longline";"Y";"IOTC";"NA";"Y";"Y";"Y";"D";"D";"Y";"Y";"Y";"D"
"10165";"JI SIANG 68";"9819466";"IMO#";"TW";"Longline";"Longline";"N";"08/06/2026 09:00:23";"08/03/2026 05:30:41";"Chinese Taipei";"Longline";"Longline";"Y";"IOTC";"NA";"Y";"Y";"Y";"D";"D";"Y";"Y";"Y";"D"
"11977";"JIA SHUN LI 6";"8555491";"IMO#";"TW";"Longline";"Longline";"B";"06/25/2026 15:52:01";"03/16/2026 08:22:29";"Chinese Taipei";"Longline";"Longline";"Y";"WCPFC";"Y";"Y";"Y";"Y";"D";"D";"Y";"Y";"N";"D"
"18266";"JIA ZAI FA";"8530207";"IMO#";"TW";"Longline";"Longline";"B";"12/03/2025 18:29:20";"06/11/2024 11:46:53";"Chinese Taipei";"Longline";"Longline";"Y";"IOTC";"NA";"Y";"Y";"Y";"D";"D";"Y";"Y";"Y";"D"
"11992";"JIANN SHENG WANG 3";"8557243";"IMO#";"TW";"Longline";"Longline";"B";"03/23/2026 10:28:26";"03/16/2026 08:36:22";"Chinese Taipei";"Longline";"Longline";"Y";"WCPFC";"Y";"Y";"Y";"Y";"D";"D";"Y";"Y";"N";"D"
"10645";"JIN CHIN FU 36";"8782496";"IMO#";"TW";"Longline";"Longline";"B";"08/05/2026 15:09:30";"03/17/2026 08:06:57";"Chinese Taipei";"Longline";"Longline";"Y";"WCPFC";"Y";"Y";"Y";"Y";"D";"D";"Y";"Y";"Y";"D"
"10552";"JIN CHIN FU 68";"8790821";"IMO#";"TW";"Longline";"Longline";"B";"08/05/2026 15:09:05";"03/17/2026 08:11:28";"Chinese Taipei";"Longline";"Longline";"Y";"WCPFC";"Y";"Y";"Y";"Y";"D";"D";"Y";"Y";"Y";"D"
"15469";"JIN CHING FA 16";"8551005";"IMO#";"TW";"Longline";"Longline";"B";"05/10/2024 13:30:48";"03/01/2022 08:41:06";"Chinese Taipei";"Longline";"Longline";"IP";"";"IP";"IP";"IP";"IP";"D";"D";"IP";"IP";"IP";"D"
"17504";"JIN FENG 5";"9931032";"IMO#";"CN";"Longline";"Longline";"B";"06/05/2026 10:29:55";"05/16/2025 03:21:36";"China, People's Republic of";"Longline";"Longline";"Y";"IATTC, WCPFC, NA(EEZ)";"Y";"Y";"Y";"Y";"D";"D";"Y";"Y";"Y";"D"
"17503";"JIN FENG 6";"9931020";"IMO#";"CN";"Longline";"Longline";"B";"06/05/2026 10:30:34";"05/16/2025 03:21:36";"China, People's Republic of";"Longline";"Longline";"Y";"IATTC, WCPFC, NA(EEZ)";"Y";"Y";"Y";"Y";"D";"D";"Y";"Y";"Y";"D"
"15471";"JIN FU 68";"8555142";"IMO#";"TW";"Longline";"Longline";"B";"06/04/2025 13:43:56";"05/04/2024 05:56:46";"Chinese Taipei";"Longline";"Longline";"Y";"WCPFC";"Y";"Y";"Y";"Y";"D";"D";"Y";"Y";"Y";"D"
"11845";"JIN FU SHENG";"8547169";"IMO#";"TW";"Longline";"Longline";"B";"04/06/2026 16:01:29";"03/19/2026 06:50:08";"Chinese Taipei";"Longline";"Longline";"Y";"WCPFC";"Y";"Y";"Y";"Y";"D";"D";"Y";"Y";"N";"D"
"12008";"JIN FU SHIANG 36";"8782903";"IMO#";"TW";"Longline";"Longline";"B";"05/09/2026 07:02:30";"12/03/2025 06:58:12";"Chinese Taipei";"Longline";"Longline";"Y";"WCPFC";"Y";"Y";"Y";"Y";"D";"D";"Y";"Y";"Y";"D"
"16918";"JIN HO 33";"8551017";"IMO#";"TW";"Longline";"Longline";"B";"06/25/2026 15:52:53";"03/17/2026 06:53:59";"Chinese Taipei";"Longline";"Longline";"Y";"WCPFC";"Y";"Y";"Y";"IP";"D";"D";"Y";"Y";"Y";"D"
"7824";"JIN HSIANG FA";"8777740";"IMO#";"TW";"Longline";"Longline";"N";"08/17/2026 14:11:08";"08/17/2026 14:10:57";"Chinese Taipei";"Longline";"Longline";"Y";"WCPFC";"Y";"Y";"Y";"Y";"D";"D";"Y";"Y";"Y";"D"
"10346";"JIN HSIANG FA 268";"8794736";"IMO#";"TW";"Longline";"Longline";"N";"05/03/2026 18:18:22";"03/17/2026 08:12:13";"Chinese Taipei";"Longline";"Longline";"Y";"WCPFC";"Y";"Y";"Y";"Y";"D";"D";"Y";"Y";"Y";"D"
"10352";"JIN HSIANG MAN";"8794748";"IMO#";"TW";"Longline";"Longline";"N";"08/17/2026 14:11:47";"08/17/2026 14:11:30";"Chinese Taipei";"Longline";"Longline";"Y";"WCPFC";"Y";"Y";"Y";"Y";"D";"D";"Y";"Y";"Y";"D"
"8574";"JIN HSIANG WANG";"9772644";"IMO#";"TW";"Longline";"Longline";"N";"08/17/2026 14:12:28";"08/17/2026 14:12:12";"Chinese Taipei";"Longline";"Longline";"Y";"WCPFC";"Y";"Y";"Y";"Y";"D";"D";"Y";"Y";"Y";"D"
"11870";"JIN HUNG CHENG";"8550635";"IMO#";"TW";"Longline";"Longline";"B";"08/17/2026 14:12:55";"08/17/2026 14:12:45";"Chinese Taipei";"Longline";"Longline";"Y";"WCPFC";"Y";"Y";"Y";"Y";"D";"D";"Y";"Y";"Y";"D"
"11811";"JIN HUNG HSIAANG";"8540800";"IMO#";"TW";"Longline";"Longline";"B";"08/17/2026 14:13:42";"08/17/2026 14:13:30";"Chinese Taipei";"Longline";"Longline";"Y";"WCPFC";"Y";"Y";"Y";"Y";"D";"D";"Y";"Y";"Y";"D"
"8044";"JIN HUNG MAN";"8787757";"IMO#";"TW";"Longline";"Longline";"N";"06/26/2026 15:13:01";"05/28/2026 06:22:11";"Chinese Taipei";"Longline";"Longline";"Y";"WCPFC";"Y";"Y";"Y";"Y";"D";"D";"Y";"Y";"Y";"D"
"7825";"JIN JAAN SHYANG 268";"8780838";"IMO#";"TW";"Longline";"Longline";"N";"03/06/2026 17:25:02";"12/11/2025 00:56:16";"Chinese Taipei";"Longline";"Longline";"Y";"IOTC";"NA";"Y";"Y";"Y";"D";"D";"Y";"Y";"Y";"D"
"15470";"JIN JAAN SHYANG 8";"8539849";"IMO#";"TW";"Longline";"Longline";"B";"05/08/2023 11:05:07";"03/01/2022 09:48:40";"Chinese Taipei";"Longline";"Longline";"IP";"";"IP";"IP";"IP";"IP";"D";"D";"IP";"IP";"IP";"D"
"7811";"JIN JIN WANG";"8780761";"IMO#";"TW";"Longline";"Longline";"N";"03/06/2026 17:25:47";"11/19/2025 05:55:19";"Chinese Taipei";"Longline";"Longline";"Y";"IOTC";"NA";"Y";"Y";"Y";"D";"D";"Y";"Y";"Y";"D"
"11744";"JIN JINN YI 16";"8523955";"IMO#";"TW";"Longline";"Longline";"B";"04/15/2026 19:05:49";"07/21/2025 20:19:00";"Chinese Taipei";"Longline";"Longline";"Y";"WCPFC";"Y";"Y";"Y";"Y";"D";"D";"Y";"Y";"Y";"D"
"9030";"JIN JINN YI 168";"8661836";"IMO#";"TW";"Longline";"Longline";"N";"04/15/2026 19:10:48";"07/03/2025 16:29:30";"Chinese Taipei";"Longline";"Longline";"Y";"IATTC, WCPFC";"Y";"Y";"Y";"Y";"D";"D";"Y";"Y";"Y";"D"
"12055";"JIN JINN YI 26";"8792958";"IMO#";"TW";"Longline";"Longline";"B";"04/15/2026 19:06:28";"07/03/2025 16:24:58";"Chinese Taipei";"Longline";"Longline";"Y";"WCPFC";"Y";"Y";"Y";"Y";"D";"D";"Y";"Y";"Y";"D"
"12056";"JIN JINN YI 268";"8792960";"IMO#";"TW";"Longline";"Longline";"B";"04/15/2026 19:12:01";"07/03/2025 16:23:57";"Chinese Taipei";"Longline";"Longline";"Y";"WCPFC";"Y";"Y";"Y";"Y";"D";"D";"Y";"Y";"Y";"D"
"2529";"JIN JINN YI 36";"8749080";"IMO#";"TW";"Longline";"Longline";"N";"04/15/2026 19:08:00";"07/03/2025 16:15:41";"Chinese Taipei";"Longline";"Longline";"Y";"WCPFC";"Y";"Y";"Y";"Y";"D";"D";"Y";"Y";"Y";"D"
"16880";"JIN JINN YI 368";"9907146";"IMO#";"TW";"Longline";"Longline";"B";"04/15/2026 19:12:34";"08/03/2024 03:21:50";"Chinese Taipei";"Longline";"Longline";"Y";"WCPFC";"Y";"Y";"Y";"Y";"D";"D";"Y";"Y";"Y";"D"
"2921";"JIN JINN YI 626";"8629266";"IMO#";"TW";"Longline";"Longline";"N";"04/27/2026 09:39:16";"06/04/2025 16:55:00";"Chinese Taipei";"Longline";"Longline";"IP";"";"IP";"IP";"IP";"IP";"D";"D";"IP";"IP";"IP";"D"
"2530";"JIN JINN YI 66";"8749092";"IMO#";"TW";"Longline";"Longline";"N";"07/03/2025 15:31:32";"07/03/2025 15:31:21";"Chinese Taipei";"Longline";"Longline";"Y";"IATTC, WCPFC";"Y";"Y";"Y";"Y";"D";"D";"Y";"Y";"Y";"D"
"11746";"JIN JINN YI 668";"8524284";"IMO#";"TW";"Longline";"Longline";"B";"04/15/2026 19:14:00";"07/03/2025 15:24:32";"Chinese Taipei";"Longline";"Longline";"Y";"WCPFC";"Y";"Y";"Y";"Y";"D";"D";"Y";"Y";"Y";"D"
"18439";"JIN JINN YI 818";"1026116";"IMO#";"TW";"Longline";"Longline";"B";"06/24/2026 10:44:53";"08/03/2024 03:06:53";"Chinese Taipei";"Longline";"Longline";"Y";"WCPFC";"Y";"Y";"Y";"Y";"D";"D";"Y";"Y";"Y";"D"
"2536";"JIN JINN YI 828";"9639000";"IMO#";"TW";"Longline";"Longline";"N";"06/24/2026 10:45:35";"09/03/2024 06:02:02";"Chinese Taipei";"Longline";"Longline";"Y";"WCPFC";"Y";"Y";"Y";"Y";"D";"D";"Y";"Y";"Y";"D"
"16915";"JIN LIANG MAN 18";"8540056";"IMO#";"TW";"Longline";"Longline";"B";"04/06/2026 15:36:09";"03/18/2026 08:58:20";"Chinese Taipei";"Longline";"Longline";"Y";"WCPFC";"Y";"Y";"Y";"Y";"D";"D";"Y";"Y";"N";"D"
"16914";"JIN LONG YU 128";"8555075";"IMO#";"TW";"Longline";"Longline";"B";"06/05/2026 16:05:47";"04/21/2026 06:16:13";"Chinese Taipei";"Longline";"Longline";"Y";"WCPFC";"Y";"Y";"Y";"Y";"D";"D";"Y";"Y";"Y";"D"
"15468";"JIN MAAN SHYANG 12";"8550984";"IMO#";"TW";"Longline";"Longline";"B";"08/06/2026 14:35:31";"11/25/2025 06:00:21";"Chinese Taipei";"Longline";"Longline";"Y";"WCPFC";"Y";"Y";"Y";"Y";"D";"D";"N";"Y";"Y";"D"
"15026";"JIN MAN 66";"8558417";"IMO#";"TW";"Longline";"Longline";"B";"08/06/2026 14:36:15";"08/06/2024 13:40:47";"Chinese Taipei";"Longline";"Longline";"Y";"WCPFC";"Y";"Y";"Y";"Y";"D";"D";"N";"Y";"Y";"D"
"7881";"JIN MAN FU 10";"8777893";"IMO#";"TW";"Longline";"Longline";"N";"08/17/2026 14:16:29";"08/17/2026 14:16:17";"Chinese Taipei";"Longline";"Longline";"Y";"WCPFC";"Y";"Y";"Y";"Y";"D";"D";"Y";"Y";"Y";"D"
"9036";"JIN SHENG 3";"9146675";"IMO#";"CN";"Longline";"Longline";"N";"06/05/2026 10:40:28";"05/16/2025 03:21:36";"China, People's Republic of";"Longline";"Longline";"Y";"IATTC, WCPFC, NA(EEZ)";"Y";"Y";"Y";"Y";"D";"D";"Y";"Y";"Y";"D"
"2535";"JIN SHENG 8";"8652732";"IMO#";"CN";"Longline";"Longline";"N";"06/05/2026 10:31:13";"05/16/2025 03:21:36";"China, People's Republic of";"Longline";"Longline";"Y";"IATTC, WCPFC, NA(EEZ)";"Y";"Y";"Y";"Y";"D";"D";"Y";"Y";"Y";"D"
"10342";"JIN SHUN 88";"8795261";"IMO#";"TW";"Longline";"Longline";"N";"08/17/2026 14:20:08";"08/17/2026 14:19:47";"Chinese Taipei";"Longline";"Longline";"Y";"IATTC, WCPFC";"Y";"Y";"Y";"Y";"D";"D";"Y";"Y";"Y";"D"
"7826";"JIN SHYANG YIH";"8780840";"IMO#";"TW";"Longline";"Longline";"N";"03/06/2026 17:47:01";"12/01/2025 03:30:42";"Chinese Taipei";"Longline";"Longline";"Y";"IOTC";"NA";"Y";"Y";"Y";"D";"D";"Y";"Y";"Y";"D"
"7827";"JIN SHYANG YIH 168";"8780852";"IMO#";"TW";"Longline";"Longline";"N";"03/06/2026 17:47:40";"12/01/2025 03:40:34";"Chinese Taipei";"Longline";"Longline";"Y";"IOTC";"NA";"Y";"Y";"Y";"D";"D";"Y";"Y";"Y";"D"
"17928";"JIN SHYANG YIH 288";"9957385";"IMO#";"TW";"Longline";"Longline";"B";"03/06/2026 17:48:17";"12/01/2025 03:50:02";"Chinese Taipei";"Longline";"Longline";"Y";"IOTC";"NA";"Y";"Y";"Y";"D";"D";"Y";"Y";"Y";"D"
"10411";"JIN SING SHYANG 11";"8786997";"IMO#";"TW";"Longline";"Longline";"N";"08/17/2026 15:09:21";"08/17/2026 15:09:10";"Chinese Taipei";"Longline";"Longline";"Y";"WCPFC";"Y";"Y";"Y";"Y";"D";"D";"Y";"Y";"Y";"D"
"11806";"JIN SING SHYANG 13";"8540173";"IMO#";"TW";"Longline";"Longline";"B";"05/25/2024 20:15:18";"05/07/2024 10:08:46";"Chinese Taipei";"Longline";"Longline";"Y";"WCPFC";"Y";"Y";"Y";"Y";"D";"D";"Y";"Y";"Y";"D"
"11861";"JIN SING SHYANG 7";"8549844";"IMO#";"TW";"Longline";"Longline";"B";"08/17/2026 15:11:41";"08/17/2026 15:11:26";"Chinese Taipei";"Longline";"Longline";"Y";"WCPFC";"Y";"Y";"Y";"Y";"D";"D";"Y";"Y";"Y";"D"
"9040";"JIN XIANG 7";"9766279";"IMO#";"CN";"Longline";"Longline";"N";"11/27/2025 12:12:41";"07/06/2023 08:08:47";"China, People's Republic of";"Longline";"Longline";"Y";"WCPFC";"Y";"Y";"Y";"Y";"D";"D";"Y";"Y";"N";"D"
"2440";"JIN YANG 805";"8749913";"IMO#";"CN";"Longline";"Longline";"N";"08/17/2026 14:21:36";"08/17/2026 14:21:13";"China, People's Republic of";"Longline";"Longline";"Y";"WCPFC";"Y";"Y";"Y";"Y";"D";"D";"Y";"Y";"Y";"D"
"7689";"JIN YANG 808";"8749975";"IMO#";"CN";"Longline";"Longline";"N";"08/17/2026 14:36:40";"08/17/2026 14:36:23";"China, People's Republic of";"Longline";"Longline";"Y";"WCPFC";"Y";"Y";"Y";"Y";"D";"D";"Y";"Y";"Y";"D"
"7690";"JIN YANG 809";"8749999";"IMO#";"CN";"Longline";"Longline";"N";"08/17/2026 14:35:22";"08/17/2026 14:35:04";"China, People's Republic of";"Longline";"Longline";"Y";"IATTC, WCPFC";"Y";"Y";"Y";"Y";"D";"D";"Y";"Y";"Y";"D"
"10665";"JIN YI 88";"8539112";"IMO#";"TW";"Longline";"Longline";"B";"04/15/2026 19:24:21";"08/12/2024 01:11:23";"Chinese Taipei";"Longline";"Longline";"Y";"WCPFC";"Y";"Y";"Y";"Y";"D";"D";"Y";"Y";"Y";"D"
"15168";"JINN FWU TSAIR 66";"8541593";"IMO#";"TW";"Longline";"Longline";"B";"06/25/2026 11:43:22";"03/19/2026 08:30:15";"Chinese Taipei";"Longline";"Longline";"Y";"WCPFC";"Y";"Y";"Y";"Y";"D";"D";"Y";"Y";"N";"D"
"11271";"JINN JYI CHYUN 178";"8791227";"IMO#";"TW";"Longline";"Longline";"B";"01/23/2026 14:56:33";"07/03/2025 15:17:43";"Chinese Taipei";"Longline";"Longline";"N";"IOTC";"NA";"N";"N";"N";"D";"D";"N";"N";"N";"D"
"15987";"JINN JYI CHYUN 268";"8525460";"IMO#";"TW";"Longline";"Longline";"B";"08/06/2026 07:52:12";"05/02/2023 08:06:03";"Chinese Taipei";"Longline";"Longline";"Y";"WCPFC";"Y";"Y";"Y";"Y";"D";"D";"Y";"Y";"Y";"D"
"17926";"JINN JYI CHYUN 568";"9959292";"IMO#";"TW";"Longline";"Longline";"B";"01/23/2026 14:46:19";"03/28/2025 07:02:43";"Chinese Taipei";"Longline";"Longline";"N";"IOTC";"NA";"N";"N";"N";"D";"D";"N";"N";"N";"D"
"12027";"JINN JYI CHYUN 66";"8791083";"IMO#";"TW";"Longline";"Longline";"B";"01/23/2026 14:57:19";"05/02/2023 08:06:03";"Chinese Taipei";"Longline";"Longline";"Y";"IOTC";"NA";"Y";"Y";"Y";"D";"D";"Y";"Y";"N";"D"
"8028";"JINYANG 807";"9821378";"IMO#";"CN";"Longline";"Longline";"N";"08/17/2026 14:24:59";"08/17/2026 14:24:43";"China, People's Republic of";"Longline";"Longline";"Y";"WCPFC";"Y";"Y";"Y";"Y";"D";"D";"Y";"Y";"Y";"D"
"3595";"JO WEN";"9751482";"IMO#";"TW";"Longline";"Longline";"N";"07/15/2024 14:36:42";"06/18/2024 09:12:47";"Chinese Taipei";"Longline";"Longline";"Y";"IOTC";"NA";"Y";"Y";"Y";"D";"D";"Y";"Y";"Y";"D"
"7829";"KAI SHENG";"8777776";"IMO#";"TW";"Longline";"Longline";"N";"03/07/2026 17:33:51";"06/17/2022 07:26:54";"Chinese Taipei";"Longline";"Longline";"Y";"WCPFC";"Y";"Y";"Y";"Y";"D";"D";"Y";"Y";"Y";"D"
"1429";"KAKEHASHI 1";"8619261";"IMO#";"KR";"Longline";"Longline";"N";"06/18/2025 07:03:39";"05/28/2025 06:34:56";"Korea, Republic of";"Longline";"Longline";"Y";"IATTC, WCPFC";"Y";"Y";"Y";"Y";"D";"D";"Y";"Y";"N";"D"
"1485";"KAKEHASHI 2";"8827741";"IMO#";"KR";"Longline";"Longline";"N";"06/18/2025 07:41:00";"05/29/2025 00:53:14";"Korea, Republic of";"Longline";"Longline";"Y";"IATTC, WCPFC";"Y";"Y";"Y";"Y";"D";"D";"Y";"Y";"N";"D"
"1428";"KAKEHASHI 8";"8610631";"IMO#";"KR";"Longline";"Longline";"N";"01/21/2026 12:22:10";"12/23/2025 00:53:29";"Korea, Republic of";"Longline";"Longline";"Y";"IATTC, WCPFC";"Y";"Y";"Y";"Y";"D";"D";"Y";"Y";"N";"D"
"1552";"KAKEHASHI 9";"8909616";"IMO#";"KR";"Longline";"Longline";"N";"01/21/2026 12:34:00";"12/23/2025 01:37:01";"Korea, Republic of";"Longline";"Longline";"Y";"IATTC, WCPFC";"Y";"Y";"Y";"Y";"D";"D";"Y";"Y";"N";"D"
"1506";"KAO FENG 101";"8749420";"IMO#";"TW";"Longline";"Longline";"N";"09/15/2025 14:17:29";"08/03/2023 03:32:42";"Chinese Taipei";"Longline";"Longline";"IP";"";"IP";"IP";"IP";"IP";"D";"D";"IP";"IP";"IP";"D"
"1507";"KAO FONG 1";"8947371";"IMO#";"TW";"Longline";"Longline";"N";"11/29/2024 20:06:34";"08/03/2023 03:32:42";"Chinese Taipei";"Longline";"Longline";"Y";"ICCAT";"Y";"Y";"Y";"Y";"D";"D";"Y";"Y";"Y";"D"
"1508";"KAO FONG 372";"8749377";"IMO#";"TW";"Longline";"Longline";"N";"03/27/2026 13:13:39";"01/30/2024 08:09:16";"Chinese Taipei";"Longline";"Longline";"Y";"ICCAT";"Y";"Y";"Y";"Y";"D";"D";"Y";"Y";"Y";"D"
"1509";"KAO FONG 8";"8749303";"IMO#";"TW";"Longline";"Longline";"N";"11/29/2024 20:07:15";"08/03/2023 03:32:42";"Chinese Taipei";"Longline";"Longline";"Y";"ICCAT";"Y";"Y";"Y";"Y";"D";"D";"Y";"Y";"Y";"D"
"1510";"KAO FONG 817";"8749353";"IMO#";"TW";"Longline";"Longline";"N";"11/29/2024 20:07:59";"08/03/2023 03:32:42";"Chinese Taipei";"Longline";"Longline";"Y";"ICCAT";"Y";"Y";"Y";"Y";"D";"D";"Y";"Y";"Y";"D"
"9102";"KHA YANG 1";"8682749";"IMO#";"MY";"Longline";"Longline";"N";"12/03/2025 18:31:14";"05/06/2025 12:37:17";"Malaysia";"Longline";"Longline";"Y";"IOTC";"Y";"Y";"Y";"Y";"D";"D";"Y";"Y";"Y";"D"
"9103";"KHA YANG 3";"8682751";"IMO#";"MY";"Longline";"Longline";"N";"12/03/2025 18:31:44";"05/06/2025 12:37:53";"Malaysia";"Longline";"Longline";"Y";"IOTC";"Y";"Y";"Y";"Y";"D";"D";"Y";"Y";"Y";"D"
"9104";"KHA YANG 35";"8789547";"IMO#";"MY";"Longline";"Longline";"N";"12/03/2025 18:32:13";"05/06/2025 12:38:23";"Malaysia";"Longline";"Longline";"Y";"IOTC";"Y";"Y";"Y";"Y";"D";"D";"Y";"Y";"Y";"D"
"11154";"KHA YANG 39";"8531366";"IMO#";"MY";"Longline";"Longline";"B";"05/06/2025 12:49:40";"05/06/2025 12:49:29";"Malaysia";"Longline";"Longline";"Y";"IOTC";"Y";"Y";"Y";"Y";"D";"D";"Y";"Y";"N";"D"
"11153";"KHA YANG 399";"8789377";"IMO#";"MY";"Longline";"Longline";"N";"04/29/2026 11:02:06";"07/14/2024 10:22:54";"Malaysia";"Longline";"Longline";"Y";"IOTC";"Y";"Y";"Y";"Y";"D";"D";"Y";"Y";"Y";"D"
"9105";"KHA YANG 5";"8682763";"IMO#";"MY";"Longline";"Longline";"N";"04/29/2026 11:00:50";"07/14/2024 10:17:28";"Malaysia";"Longline";"Longline";"Y";"IOTC";"Y";"Y";"Y";"Y";"D";"D";"Y";"Y";"Y";"D"
"14208";"KHA YANG 59";"8556770";"IMO#";"MY";"Longline";"Longline";"B";"11/19/2024 08:47:26";"01/09/2024 16:00:12";"Malaysia";"Longline";"Longline";"Y";"IOTC";"Y";"Y";"Y";"Y";"D";"D";"Y";"Y";"Y";"D"
"9106";"KHA YANG 7";"8682775";"IMO#";"MY";"Longline";"Longline";"N";"04/29/2026 11:01:28";"07/14/2024 10:14:10";"Malaysia";"Longline";"Longline";"Y";"IOTC";"Y";"Y";"Y";"Y";"D";"D";"Y";"Y";"Y";"D"
"12015";"KHA YANG 93";"8790352";"IMO#";"MY";"Longline";"Longline";"B";"05/06/2025 12:52:45";"05/06/2025 12:52:32";"Malaysia";"Longline";"Longline";"Y";"IOTC";"Y";"Y";"Y";"Y";"D";"D";"Y";"Y";"Y";"D"
"12063";"KHA YANG 95";"8794047";"IMO#";"MY";"Longline";"Longline";"B";"08/09/2025 08:50:17";"08/09/2025 08:49:59";"Malaysia";"Longline";"Longline";"Y";"IOTC";"Y";"Y";"Y";"Y";"D";"D";"Y";"Y";"Y";"D"
"11155";"KHA YANG 969";"8789339";"IMO#";"MY";"Longline";"Longline";"N";"04/29/2026 11:02:49";"07/14/2024 09:29:23";"Malaysia";"Longline";"Longline";"Y";"IOTC";"Y";"Y";"Y";"Y";"D";"D";"Y";"Y";"Y";"D"
"17748";"KILAT MAJU JAYA 10";"8563503";"IMO#";"ID";"Longline";"Longline";"B";"07/24/2026 18:48:48";"07/01/2026 06:17:37";"Indonesia";"Longline";"Longline";"Y";"IOTC";"Y";"Y";"Y";"Y";"D";"D";"Y";"Y";"Y";"D"
"17747";"KILAT MAJU JAYA 12";"8563541";"IMO#";"ID";"Longline";"Longline";"B";"07/24/2026 18:58:06";"07/01/2026 06:17:37";"Indonesia";"Longline";"Longline";"Y";"IOTC";"Y";"Y";"Y";"Y";"D";"D";"Y";"Y";"Y";"D"
"17751";"KILAT MAJU JAYA 16";"8563527";"IMO#";"ID";"Longline";"Longline";"B";"07/16/2026 17:41:06";"06/30/2026 15:48:47";"Indonesia";"Longline";"Longline";"Y";"IOTC";"Y";"Y";"Y";"Y";"D";"D";"Y";"Y";"Y";"D"
"17576";"KILAT MAJU JAYA 17";"8563333";"IMO#";"ID";"Longline";"Longline";"B";"07/16/2026 17:55:22";"06/30/2026 15:48:47";"Indonesia";"Longline";"Longline";"Y";"IOTC";"Y";"Y";"Y";"Y";"D";"D";"Y";"Y";"Y";"D"
"17575";"KILAT MAJU JAYA 25";"8564997";"IMO#";"ID";"Longline";"Longline";"B";"07/24/2026 19:07:18";"07/01/2026 06:17:37";"Indonesia";"Longline";"Longline";"Y";"IOTC";"Y";"Y";"Y";"Y";"D";"D";"Y";"Y";"Y";"D"
"17574";"KILAT MAJU JAYA 27";"8563424";"IMO#";"ID";"Longline";"Longline";"B";"07/24/2026 19:26:39";"07/01/2026 06:17:37";"Indonesia";"Longline";"Longline";"Y";"IOTC";"Y";"Y";"Y";"Y";"D";"D";"Y";"Y";"Y";"D"
"17573";"KILAT MAJU JAYA 28";"8563553";"IMO#";"ID";"Longline";"Longline";"B";"07/24/2026 19:35:47";"07/01/2026 06:17:37";"Indonesia";"Longline";"Longline";"Y";"IOTC";"Y";"Y";"Y";"Y";"D";"D";"Y";"Y";"Y";"D"
"17572";"KILAT MAJU JAYA 30";"8563577";"IMO#";"ID";"Longline";"Longline";"B";"07/24/2026 19:44:13";"07/01/2026 06:17:37";"Indonesia";"Longline";"Longline";"Y";"IOTC";"Y";"Y";"Y";"Y";"D";"D";"Y";"Y";"Y";"D"
"17547";"KILAT MAJU JAYA 51";"8563474";"IMO#";"ID";"Longline";"Longline";"B";"07/07/2026 17:04:38";"06/27/2026 09:41:40";"Indonesia";"Longline";"Longline";"Y";"IOTC";"Y";"Y";"Y";"Y";"D";"D";"Y";"Y";"Y";"D"
"17546";"KILAT MAJU JAYA 52";"8563486";"IMO#";"ID";"Longline";"Longline";"B";"07/03/2026 16:05:16";"06/27/2026 09:41:40";"Indonesia";"Longline";"Longline";"Y";"IOTC";"Y";"Y";"Y";"Y";"D";"D";"Y";"Y";"Y";"D"
"17539";"KILAT MAJU JAYA 53";"8569686";"IMO#";"ID";"Longline";"Longline";"B";"07/07/2026 17:18:22";"06/27/2026 09:41:40";"Indonesia";"Longline";"Longline";"Y";"IOTC";"Y";"Y";"Y";"Y";"D";"D";"Y";"Y";"Y";"D"
"17512";"KILAT MAJU JAYA 55";"8579198";"IMO#";"ID";"Longline";"Longline";"B";"07/16/2026 15:26:34";"06/30/2026 15:07:26";"Indonesia";"Longline";"Longline";"Y";"IOTC";"Y";"Y";"Y";"Y";"D";"D";"Y";"Y";"Y";"D"
"17571";"KILAT MAJU JAYA 56";"8563591";"IMO#";"ID";"Longline";"Longline";"B";"07/03/2026 16:24:10";"06/27/2026 09:41:40";"Indonesia";"Longline";"Longline";"Y";"IOTC";"Y";"Y";"Y";"Y";"D";"D";"Y";"Y";"Y";"D"
"17538";"KILAT MAJU JAYA 57";"8569038";"IMO#";"ID";"Longline";"Longline";"B";"07/07/2026 17:33:00";"06/27/2026 09:41:40";"Indonesia";"Longline";"Longline";"Y";"IOTC";"Y";"Y";"Y";"Y";"D";"D";"Y";"Y";"Y";"D"
"17537";"KILAT MAJU JAYA 58";"8569040";"IMO#";"ID";"Longline";"Longline";"B";"07/03/2026 16:37:03";"06/27/2026 09:41:40";"Indonesia";"Longline";"Longline";"Y";"IOTC";"Y";"Y";"Y";"Y";"D";"D";"Y";"Y";"Y";"D"
"17554";"KILAT MAJU JAYA 59";"8563606";"IMO#";"ID";"Longline";"Longline";"B";"07/07/2026 17:43:55";"06/27/2026 09:41:40";"Indonesia";"Longline";"Longline";"Y";"IOTC";"Y";"Y";"Y";"Y";"D";"D";"Y";"Y";"Y";"D"
"17570";"KILAT MAJU JAYA 60";"8563618";"IMO#";"ID";"Longline";"Longline";"B";"07/08/2026 13:47:21";"06/27/2026 09:41:40";"Indonesia";"Longline";"Longline";"Y";"IOTC";"Y";"Y";"Y";"Y";"D";"D";"Y";"Y";"Y";"D"
"17490";"KILAT MAJU JAYA 61";"8582999";"IMO#";"ID";"Longline";"Longline";"B";"07/16/2026 16:51:57";"06/30/2026 15:07:26";"Indonesia";"Longline";"Longline";"Y";"IOTC";"Y";"Y";"Y";"Y";"D";"D";"Y";"Y";"Y";"D"
"17530";"KILAT MAJU JAYA 63";"8571392";"IMO#";"ID";"Longline";"Longline";"B";"07/03/2026 16:52:43";"06/27/2026 09:41:40";"Indonesia";"Longline";"Longline";"Y";"IOTC";"Y";"Y";"Y";"Y";"D";"D";"Y";"Y";"Y";"D"
"17569";"KILAT MAJU JAYA 66";"8563620";"IMO#";"ID";"Longline";"Longline";"B";"07/08/2026 14:24:09";"06/27/2026 09:41:40";"Indonesia";"Longline";"Longline";"Y";"IOTC";"Y";"Y";"Y";"Y";"D";"D";"Y";"Y";"Y";"D"
"17514";"KILAT MAJU JAYA 67";"8579019";"IMO#";"ID";"Longline";"Longline";"B";"07/16/2026 17:09:34";"06/30/2026 15:07:26";"Indonesia";"Longline";"Longline";"Y";"IOTC";"Y";"Y";"Y";"Y";"D";"D";"Y";"Y";"Y";"D"
"17836";"KILAT MAJU JAYA 8";"8563448";"IMO#";"ID";"Longline";"Longline";"B";"07/07/2026 16:49:37";"06/27/2026 09:41:40";"Indonesia";"Longline";"Longline";"Y";"IOTC";"Y";"Y";"Y";"Y";"D";"D";"Y";"Y";"Y";"D"
"17749";"KILAT MAJU JAYA 9";"8563498";"IMO#";"ID";"Longline";"Longline";"B";"07/24/2026 18:38:29";"07/01/2026 06:17:37";"Indonesia";"Longline";"Longline";"Y";"IOTC";"Y";"Y";"Y";"Y";"D";"D";"Y";"Y";"Y";"D"
"17745";"KILAT SAMUDERA 1";"8570623";"IMO#";"ID";"Longline";"Longline";"B";"08/06/2026 08:10:17";"07/01/2026 06:31:00";"Indonesia";"Longline";"Longline";"Y";"IOTC";"Y";"Y";"Y";"Y";"D";"D";"Y";"Y";"Y";"D"
"17744";"KILAT SAMUDERA 3";"8569064";"IMO#";"ID";"Longline";"Longline";"B";"07/22/2026 09:45:08";"06/30/2026 14:29:37";"Indonesia";"Longline";"Longline";"Y";"IOTC";"Y";"Y";"Y";"Y";"D";"D";"Y";"Y";"Y";"D"
"17549";"KITA MAKIN JAYA 1";"9919292";"IMO#";"ID";"Longline";"Longline";"B";"07/16/2026 14:45:24";"06/30/2026 14:41:21";"Indonesia";"Longline";"Longline";"Y";"IOTC";"Y";"Y";"Y";"Y";"D";"D";"Y";"Y";"Y";"D"
"17550";"KITA MAKIN JAYA 3";"9919345";"IMO#";"ID";"Longline";"Longline";"B";"07/16/2026 15:02:58";"06/30/2026 14:41:21";"Indonesia";"Longline";"Longline";"Y";"IOTC";"Y";"Y";"Y";"Y";"D";"D";"Y";"Y";"Y";"D"
"17551";"KITA MUDAH JAYA 32";"9919369";"IMO#";"ID";"Longline";"Longline";"B";"08/02/2026 16:35:23";"07/01/2026 06:41:35";"Indonesia";"Longline";"Longline";"Y";"IOTC";"Y";"Y";"Y";"Y";"D";"D";"Y";"Y";"Y";"D"
"17536";"KITA MUDAH JAYA 36";"9919400";"IMO#";"ID";"Longline";"Longline";"B";"08/06/2026 08:16:18";"07/01/2026 06:41:35";"Indonesia";"Longline";"Longline";"Y";"IOTC";"Y";"Y";"Y";"Y";"D";"D";"Y";"Y";"Y";"D"
"19849";"KUANG SHENG 12";"1167623";"IMO#";"TW";"Longline";"Longline";"B";"07/03/2026 15:07:46";"06/23/2026 07:17:48";"Chinese Taipei";"Longline";"Longline";"Y";"ICCAT";"Y";"Y";"Y";"Y";"D";"D";"Y";"Y";"Y";"D"
"18624";"KUANG SHENG 3";"1038834";"IMO#";"TW";"Longline";"Longline";"B";"03/04/2026 18:37:02";"12/04/2025 07:09:07";"Chinese Taipei";"Longline";"Longline";"Y";"ICCAT";"Y";"Y";"Y";"Y";"D";"D";"Y";"Y";"Y";"D"
"12080";"KUANG YING 12";"9880087";"IMO#";"TW";"Longline";"Longline";"B";"04/29/2026 10:54:16";"07/01/2024 15:58:39";"Chinese Taipei";"Longline";"Longline";"Y";"ICCAT";"Y";"Y";"Y";"Y";"D";"D";"Y";"Y";"Y";"D"
"9143";"KUANG YING 3";"9806548";"IMO#";"TW";"Longline";"Longline";"N";"06/21/2026 21:11:58";"06/21/2026 21:11:42";"Chinese Taipei";"Longline";"Longline";"Y";"ICCAT";"Y";"Y";"Y";"Y";"D";"D";"Y";"Y";"Y";"D"
"1569";"KYUNG YANG 2";"8805315";"IMO#";"KR";"Longline";"Longline";"N";"07/17/2026 15:32:28";"08/07/2025 07:06:00";"Korea, Republic of";"Longline";"Longline";"Y";"IATTC, WCPFC";"Y";"Y";"Y";"Y";"D";"D";"Y";"Y";"N";"D"
"1684";"KYUNG YANG 21";"8815712";"IMO#";"KR";"Longline";"Longline";"N";"07/17/2026 15:36:37";"08/07/2025 07:06:00";"Korea, Republic of";"Longline";"Longline";"Y";"IATTC, WCPFC";"Y";"Y";"Y";"Y";"D";"D";"Y";"Y";"N";"D"
"2594";"KYUNG YANG 3";"9020106";"IMO#";"KR";"Longline";"Longline";"N";"07/17/2026 15:33:32";"08/07/2025 07:06:00";"Korea, Republic of";"Longline";"Longline";"Y";"IATTC, WCPFC";"Y";"Y";"Y";"Y";"D";"D";"Y";"Y";"N";"D"
"2595";"KYUNG YANG 5";"8703464";"IMO#";"KR";"Longline";"Longline";"N";"07/17/2026 15:34:19";"08/07/2025 07:06:00";"Korea, Republic of";"Longline";"Longline";"Y";"IATTC, WCPFC";"Y";"Y";"Y";"Y";"D";"D";"Y";"Y";"N";"D"
"2596";"KYUNG YANG 6";"8734255";"IMO#";"KR";"Longline";"Longline";"N";"07/17/2026 15:34:55";"08/07/2025 07:06:00";"Korea, Republic of";"Longline";"Longline";"Y";"IATTC, WCPFC";"Y";"Y";"Y";"Y";"D";"D";"Y";"Y";"N";"D"
"1642";"KYUNG YANG 8";"9005297";"IMO#";"KR";"Longline";"Longline";"N";"07/17/2026 15:35:34";"08/07/2025 07:06:00";"Korea, Republic of";"Longline";"Longline";"Y";"IATTC, WCPFC";"Y";"Y";"Y";"Y";"D";"D";"Y";"Y";"N";"D"
"1427";"KYUNG YANG 9";"8610629";"IMO#";"KR";"Longline";"Longline";"N";"07/17/2026 15:38:55";"08/07/2025 07:06:00";"Korea, Republic of";"Longline";"Longline";"Y";"IATTC, WCPFC";"Y";"Y";"Y";"Y";"D";"D";"Y";"Y";"N";"D"
"10365";"LI CHENG 28";"8782915";"IMO#";"TW";"Longline";"Longline";"N";"11/04/2025 09:51:45";"08/10/2025 17:26:23";"Chinese Taipei";"Longline";"Longline";"Y";"WCPFC";"Y";"Y";"Y";"Y";"D";"D";"Y";"Y";"N";"D"
"10366";"LI HUNG 666";"8792659";"IMO#";"TW";"Longline";"Longline";"N";"08/10/2025 17:29:20";"08/10/2025 17:29:04";"Chinese Taipei";"Longline";"Longline";"Y";"WCPFC";"Y";"Y";"Y";"Y";"D";"D";"Y";"Y";"Y";"D"
"10368";"LI HUNG 868";"8782927";"IMO#";"TW";"Longline";"Longline";"N";"08/10/2025 17:31:25";"08/10/2025 17:31:13";"Chinese Taipei";"Longline";"Longline";"Y";"WCPFC";"Y";"Y";"Y";"Y";"D";"D";"N";"Y";"Y";"D"
"9682";"LI SHENG 33";"9803314";"IMO#";"TW";"Longline";"Longline";"N";"06/21/2026 21:37:01";"06/21/2026 21:36:49";"Chinese Taipei";"Longline";"Longline";"Y";"IOTC";"NA";"Y";"Y";"Y";"D";"D";"Y";"Y";"Y";"D"
"2380";"LI SIANG 66";"8970782";"IMO#";"TW";"Longline";"Longline";"N";"08/17/2026 13:37:37";"08/17/2026 13:37:23";"Chinese Taipei";"Longline";"Longline";"Y";"IOTC";"NA";"Y";"Y";"Y";"D";"D";"Y";"Y";"Y";"D"
"2607";"LIAN HORNG 67";"8749133";"IMO#";"TW";"Longline";"Longline";"N";"08/17/2026 14:38:18";"08/17/2026 14:37:59";"Chinese Taipei";"Longline";"Longline";"Y";"IATTC, WCPFC";"Y";"Y";"Y";"Y";"D";"D";"Y";"Y";"Y";"D"
"2608";"LIAN HORNG 777";"8947383";"IMO#";"TW";"Longline";"Longline";"N";"08/17/2026 14:38:44";"08/17/2026 14:38:29";"Chinese Taipei";"Longline";"Longline";"Y";"IATTC, WCPFC";"Y";"Y";"Y";"Y";"D";"D";"Y";"Y";"Y";"D"
"10367";"LIAN JI FA 212";"8781181";"IMO#";"TW";"Longline";"Longline";"B";"08/17/2026 13:49:58";"08/17/2026 13:49:45";"Chinese Taipei";"Longline";"Longline";"Y";"IATTC, WCPFC";"Y";"Y";"Y";"Y";"D";"D";"Y";"Y";"Y";"D"
"11775";"LIAN SHENG 168";"8532358";"IMO#";"TW";"Longline";"Longline";"B";"08/06/2026 14:36:38";"08/06/2024 11:23:36";"Chinese Taipei";"Longline";"Longline";"Y";"WCPFC";"Y";"Y";"Y";"Y";"D";"D";"N";"Y";"Y";"D"
"9185";"LIAN SHENG 369";"9832614";"IMO#";"TW";"Longline";"Longline";"N";"08/06/2026 14:33:22";"08/06/2024 11:13:51";"Chinese Taipei";"Longline";"Longline";"Y";"WCPFC";"Y";"Y";"Y";"Y";"D";"D";"N";"Y";"Y";"D"
"8038";"LIEN CHI FA 98";"8785670";"IMO#";"TW";"Longline";"Longline";"N";"08/17/2026 13:50:56";"08/17/2026 13:50:42";"Chinese Taipei";"Longline";"Longline";"Y";"IATTC, WCPFC";"Y";"Y";"Y";"Y";"D";"D";"Y";"Y";"Y";"D"
"2620";"LONG BOW 1";"8996114";"IMO#";"VU";"Longline";"Longline";"N";"06/22/2026 01:21:28";"06/22/2026 01:21:08";"Vanuatu";"Longline";"Longline";"Y";"IATTC, WCPFC";"Y";"Y";"Y";"Y";"D";"D";"Y";"Y";"Y";"D"
"2622";"LONG BOW 7";"8956683";"IMO#";"VU";"Longline";"Longline";"N";"05/25/2026 16:44:39";"07/29/2022 11:59:07";"Vanuatu";"Longline";"Longline";"Y";"IATTC, WCPFC";"Y";"Y";"Y";"Y";"D";"D";"Y";"Y";"N";"D"
"12029";"LONG WANG CHANG";"8791356";"IMO#";"TW";"Longline";"Longline";"B";"03/06/2026 17:26:12";"11/18/2025 03:20:49";"Chinese Taipei";"Longline";"Longline";"Y";"IOTC";"NA";"Y";"Y";"Y";"D";"D";"Y";"Y";"Y";"D"
"12032";"LONG WANG CHIN";"8791394";"IMO#";"TW";"Longline";"Longline";"B";"03/06/2026 17:26:40";"11/18/2025 03:34:18";"Chinese Taipei";"Longline";"Longline";"Y";"IOTC";"NA";"Y";"Y";"Y";"D";"D";"Y";"Y";"Y";"D"
"16242";"LONG WANG HSIN";"8791368";"IMO#";"TW";"Longline";"Longline";"B";"03/06/2026 17:27:15";"11/18/2025 03:53:53";"Chinese Taipei";"Longline";"Longline";"Y";"IOTC";"NA";"Y";"Y";"Y";"D";"D";"Y";"Y";"Y";"D"
"12030";"LONG WANG SHENG";"8791370";"IMO#";"TW";"Longline";"Longline";"B";"03/06/2026 17:27:51";"11/18/2025 05:31:38";"Chinese Taipei";"Longline";"Longline";"Y";"IOTC";"NA";"Y";"Y";"Y";"D";"D";"Y";"Y";"Y";"D"
"12036";"LONG WANG SHENG 7";"8791473";"IMO#";"TW";"Longline";"Longline";"B";"03/06/2026 17:30:28";"11/18/2025 06:12:11";"Chinese Taipei";"Longline";"Longline";"Y";"IOTC";"NA";"Y";"Y";"Y";"D";"D";"Y";"Y";"Y";"D"
"12033";"LONG WANG SHING";"8791409";"IMO#";"TW";"Longline";"Longline";"B";"03/06/2026 17:30:55";"11/18/2025 06:20:02";"Chinese Taipei";"Longline";"Longline";"Y";"IOTC";"NA";"Y";"Y";"Y";"D";"D";"Y";"Y";"Y";"D"
"12035";"LONG WANG SIN";"8791459";"IMO#";"TW";"Longline";"Longline";"B";"03/06/2026 17:31:27";"11/18/2025 06:27:04";"Chinese Taipei";"Longline";"Longline";"Y";"IOTC";"NA";"Y";"Y";"Y";"D";"D";"Y";"Y";"Y";"D"
"12034";"LONG WANG TZAY";"8791411";"IMO#";"TW";"Longline";"Longline";"B";"03/06/2026 17:31:58";"11/18/2025 06:33:31";"Chinese Taipei";"Longline";"Longline";"Y";"IOTC";"NA";"Y";"Y";"Y";"D";"D";"Y";"Y";"Y";"D"
"2639";"LU RONG YUAN YU 159";"9708708";"IMO#";"CN";"Longline";"Longline";"N";"08/17/2026 14:41:24";"08/17/2026 14:41:13";"China, People's Republic of";"Longline";"Longline";"Y";"IOTC";"Y";"Y";"Y";"Y";"D";"D";"Y";"Y";"Y";"D"
"2641";"LU RONG YUAN YU 169";"9708710";"IMO#";"CN";"Longline";"Longline";"N";"08/17/2026 14:41:51";"08/17/2026 14:41:40";"China, People's Republic of";"Longline";"Longline";"Y";"IOTC";"Y";"Y";"Y";"Y";"D";"D";"Y";"Y";"Y";"D"
"2644";"LU RONG YUAN YU 189";"9708722";"IMO#";"CN";"Longline";"Longline";"N";"08/17/2026 14:42:21";"08/17/2026 14:42:08";"China, People's Republic of";"Longline";"Longline";"Y";"IOTC";"Y";"Y";"Y";"Y";"D";"D";"Y";"Y";"Y";"D"
"2646";"LU RONG YUAN YU 199";"9708734";"IMO#";"CN";"Longline";"Longline";"N";"08/17/2026 14:43:03";"08/17/2026 14:42:50";"China, People's Republic of";"Longline";"Longline";"Y";"IOTC";"Y";"Y";"Y";"Y";"D";"D";"Y";"Y";"N";"D"
"2650";"LU RONG YUAN YU 205";"8663286";"IMO#";"CN";"Longline";"Longline";"N";"08/17/2026 14:44:18";"08/17/2026 14:44:06";"China, People's Republic of";"Longline";"Longline";"Y";"WCPFC";"Y";"Y";"Y";"Y";"D";"D";"Y";"Y";"Y";"D"
"2651";"LU RONG YUAN YU 206";"8663298";"IMO#";"CN";"Longline";"Longline";"N";"08/17/2026 14:44:51";"08/17/2026 14:44:37";"China, People's Republic of";"Longline";"Longline";"Y";"WCPFC";"Y";"Y";"Y";"Y";"D";"D";"Y";"Y";"Y";"D"
"2652";"LU RONG YUAN YU 207";"8663303";"IMO#";"CN";"Longline";"Longline";"N";"08/17/2026 14:45:30";"08/17/2026 14:45:11";"China, People's Republic of";"Longline";"Longline";"Y";"WCPFC";"Y";"Y";"Y";"Y";"D";"D";"Y";"Y";"Y";"D"
"2653";"LU RONG YUAN YU 208";"8663315";"IMO#";"CN";"Longline";"Longline";"N";"08/17/2026 14:45:52";"08/17/2026 14:45:41";"China, People's Republic of";"Longline";"Longline";"Y";"WCPFC";"Y";"Y";"Y";"Y";"D";"D";"Y";"Y";"Y";"D"
"9227";"LU RONG YUAN YU 209";"9769491";"IMO#";"CN";"Longline";"Longline";"N";"08/17/2026 14:46:37";"08/17/2026 14:46:21";"China, People's Republic of";"Longline";"Longline";"Y";"WCPFC";"Y";"Y";"Y";"Y";"D";"D";"Y";"Y";"Y";"D"
"9228";"LU RONG YUAN YU 210";"9757759";"IMO#";"CN";"Longline";"Longline";"N";"08/17/2026 14:47:17";"08/17/2026 14:46:55";"China, People's Republic of";"Longline";"Longline";"Y";"WCPFC";"Y";"Y";"Y";"Y";"D";"D";"Y";"Y";"Y";"D"
"11648";"LU RONG YUAN YU 266";"8529117";"IMO#";"CN";"Longline";"Longline";"B";"03/06/2026 16:51:58";"07/06/2024 05:35:52";"China, People's Republic of";"Longline";"Longline";"Y";"IOTC";"Y";"Y";"Y";"Y";"D";"D";"Y";"Y";"Y";"D"
"11649";"LU RONG YUAN YU 267";"8529129";"IMO#";"CN";"Longline";"Longline";"B";"08/17/2026 14:51:42";"08/17/2026 14:51:29";"China, People's Republic of";"Longline";"Longline";"Y";"IOTC";"Y";"Y";"Y";"Y";"D";"D";"Y";"Y";"Y";"D"
"11650";"LU RONG YUAN YU 268";"8529131";"IMO#";"CN";"Longline";"Longline";"B";"07/31/2024 21:42:29";"07/06/2024 05:35:52";"China, People's Republic of";"Longline";"Longline";"Y";"IOTC";"Y";"Y";"Y";"Y";"D";"D";"Y";"Y";"Y";"D"
"11651";"LU RONG YUAN YU 269";"8529143";"IMO#";"CN";"Longline";"Longline";"B";"03/06/2026 16:54:19";"07/06/2024 05:35:52";"China, People's Republic of";"Longline";"Longline";"Y";"IOTC";"Y";"Y";"Y";"Y";"D";"D";"Y";"Y";"Y";"D"
"9230";"LU RONG YUAN YU 297";"9834246";"IMO#";"CN";"Longline";"Longline";"N";"08/10/2025 17:36:23";"08/10/2025 17:36:09";"China, People's Republic of";"Longline";"Longline";"Y";"WCPFC";"Y";"Y";"Y";"Y";"D";"D";"Y";"Y";"Y";"D"
"9231";"LU RONG YUAN YU 298";"9813022";"IMO#";"CN";"Longline";"Longline";"N";"08/10/2025 17:38:18";"08/10/2025 17:38:09";"China, People's Republic of";"Longline";"Longline";"Y";"WCPFC";"Y";"Y";"Y";"Y";"D";"D";"Y";"Y";"Y";"D"
"9232";"LU RONG YUAN YU 299";"9813228";"IMO#";"CN";"Longline";"Longline";"N";"08/10/2025 17:39:33";"08/10/2025 17:39:22";"China, People's Republic of";"Longline";"Longline";"Y";"WCPFC";"Y";"Y";"Y";"Y";"D";"D";"Y";"Y";"Y";"D"
"16863";"LU RONG YUAN YU 316";"8573883";"IMO#";"CN";"Longline";"Longline";"B";"08/23/2026 18:06:38";"08/23/2026 18:06:25";"China, People's Republic of";"Longline";"Longline";"Y";"IATTC, WCPFC";"Y";"Y";"Y";"Y";"D";"D";"Y";"Y";"Y";"D"
"16862";"LU RONG YUAN YU 317";"8573895";"IMO#";"CN";"Longline";"Longline";"B";"08/23/2026 18:07:42";"08/23/2026 18:07:29";"China, People's Republic of";"Longline";"Longline";"Y";"IATTC, WCPFC";"Y";"Y";"Y";"Y";"D";"D";"Y";"Y";"Y";"D"
"2661";"LU RONG YUAN YU 326";"9700366";"IMO#";"CN";"Longline";"Longline";"N";"08/10/2025 17:42:02";"08/10/2025 17:41:51";"China, People's Republic of";"Longline";"Longline";"Y";"WCPFC";"Y";"Y";"Y";"Y";"D";"D";"Y";"Y";"Y";"D"
"2659";"LU RONG YUAN YU 328";"8663353";"IMO#";"CN";"Longline";"Longline";"N";"08/10/2025 17:45:16";"08/10/2025 17:44:59";"China, People's Republic of";"Longline";"Longline";"Y";"WCPFC";"Y";"Y";"Y";"Y";"D";"D";"Y";"Y";"Y";"D"
"13101";"LU RONG YUAN YU 558";"8797910";"IMO#";"CN";"Longline";"Longline";"B";"06/05/2026 10:50:53";"07/06/2024 04:02:41";"China, People's Republic of";"Longline";"Longline";"Y";"IATTC, WCPFC";"Y";"Y";"Y";"Y";"D";"D";"Y";"Y";"N";"D"
"11666";"LU RONG YUAN YU 559";"8797922";"IMO#";"CN";"Longline";"Longline";"B";"07/26/2024 09:22:38";"07/06/2024 04:02:41";"China, People's Republic of";"Longline";"Longline";"N";"";"N";"N";"N";"N";"D";"D";"N";"N";"N";"D"
"9234";"LU RONG YUAN YU 589";"8669113";"IMO#";"CN";"Longline";"Longline";"N";"08/10/2025 17:46:15";"08/10/2025 17:46:06";"China, People's Republic of";"Longline";"Longline";"Y";"WCPFC";"Y";"Y";"Y";"Y";"D";"D";"Y";"Y";"Y";"D"
"18319";"LU RONG YUAN YU 595";"1046609";"IMO#";"CN";"Longline";"Longline";"B";"08/17/2026 16:43:58";"08/17/2026 16:43:45";"China, People's Republic of";"Longline";"Longline";"Y";"IATTC, WCPFC";"Y";"Y";"Y";"Y";"D";"D";"Y";"Y";"Y";"D"
"18322";"LU RONG YUAN YU 596";"1046623";"IMO#";"CN";"Longline";"Longline";"B";"08/17/2026 16:44:40";"08/17/2026 16:44:27";"China, People's Republic of";"Longline";"Longline";"Y";"IATTC, WCPFC";"Y";"Y";"Y";"Y";"D";"D";"Y";"Y";"Y";"D"
"9235";"LU RONG YUAN YU 598";"8669125";"IMO#";"CN";"Longline";"Longline";"N";"08/10/2025 18:13:07";"08/10/2025 18:12:53";"China, People's Republic of";"Longline";"Longline";"Y";"WCPFC";"Y";"Y";"Y";"Y";"D";"D";"Y";"Y";"Y";"D"
"11667";"LU RONG YUAN YU 658";"8797934";"IMO#";"CN";"Longline";"Longline";"B";"08/17/2026 16:45:15";"08/17/2026 16:45:00";"China, People's Republic of";"Longline";"Longline";"Y";"IATTC, WCPFC";"Y";"Y";"Y";"Y";"D";"D";"Y";"Y";"Y";"D"
"11668";"LU RONG YUAN YU 659";"8797946";"IMO#";"CN";"Longline";"Longline";"B";"08/17/2026 16:45:46";"08/17/2026 16:45:31";"China, People's Republic of";"Longline";"Longline";"Y";"IATTC, WCPFC";"Y";"Y";"Y";"Y";"D";"D";"Y";"Y";"Y";"D"
"11689";"LU RONG YUAN YU 686";"9871969";"IMO#";"CN";"Longline";"Longline";"B";"08/17/2026 16:25:02";"08/17/2026 16:24:49";"China, People's Republic of";"Longline";"Longline";"Y";"IATTC, WCPFC";"Y";"Y";"Y";"Y";"D";"D";"Y";"Y";"Y";"D"
"2668";"LU RONG YUAN YU 758";"9699646";"IMO#";"CN";"Longline";"Longline";"N";"06/05/2026 06:05:58";"07/06/2024 04:02:41";"China, People's Republic of";"Longline";"Longline";"Y";"IATTC, WCPFC";"Y";"Y";"Y";"Y";"D";"D";"Y";"Y";"Y";"D"
"2669";"LU RONG YUAN YU 768";"9699658";"IMO#";"CN";"Longline";"Longline";"N";"06/05/2026 06:06:26";"07/06/2024 04:02:41";"China, People's Republic of";"Longline";"Longline";"Y";"IATTC, WCPFC";"Y";"Y";"Y";"Y";"D";"D";"Y";"Y";"Y";"D"
"2670";"LU RONG YUAN YU 769";"9699660";"IMO#";"CN";"Longline";"Longline";"N";"06/05/2026 06:07:01";"07/06/2024 04:02:41";"China, People's Republic of";"Longline";"Longline";"Y";"IATTC, WCPFC";"Y";"Y";"Y";"Y";"D";"D";"Y";"Y";"Y";"D"
"2671";"LU RONG YUAN YU 778";"9699672";"IMO#";"CN";"Longline";"Longline";"N";"06/05/2026 06:07:34";"07/06/2024 04:02:41";"China, People's Republic of";"Longline";"Longline";"Y";"IATTC, WCPFC";"Y";"Y";"Y";"Y";"D";"D";"Y";"Y";"Y";"D"
"2672";"LU RONG YUAN YU 788";"9699684";"IMO#";"CN";"Longline";"Longline";"N";"06/05/2026 06:08:09";"07/06/2024 04:02:41";"China, People's Republic of";"Longline";"Longline";"Y";"IATTC, WCPFC";"Y";"Y";"Y";"Y";"D";"D";"Y";"Y";"Y";"D"
"2673";"LU RONG YUAN YU 789";"9699696";"IMO#";"CN";"Longline";"Longline";"N";"06/05/2026 06:08:51";"07/06/2024 04:02:41";"China, People's Republic of";"Longline";"Longline";"Y";"IATTC, WCPFC";"Y";"Y";"Y";"Y";"D";"D";"Y";"Y";"Y";"D"
"2674";"LU RONG YUAN YU 798";"9700378";"IMO#";"CN";"Longline";"Longline";"N";"08/10/2025 18:13:57";"08/10/2025 18:13:44";"China, People's Republic of";"Longline";"Longline";"Y";"IATTC, WCPFC";"Y";"Y";"Y";"Y";"D";"D";"Y";"Y";"Y";"D"
"2675";"LU RONG YUAN YU 799";"8662270";"IMO#";"CN";"Longline";"Longline";"N";"08/06/2026 16:53:04";"08/06/2026 16:52:52";"China, People's Republic of";"Longline";"Longline";"Y";"WCPFC";"Y";"Y";"Y";"Y";"D";"D";"Y";"Y";"Y";"D"
"9240";"LU RONG YUAN YU 875";"8686070";"IMO#";"CN";"Longline";"Longline";"N";"08/17/2026 16:46:15";"08/17/2026 16:46:00";"China, People's Republic of";"Longline";"Longline";"Y";"IOTC";"Y";"Y";"Y";"Y";"D";"D";"Y";"Y";"Y";"D"
"9241";"LU RONG YUAN YU 876";"8686094";"IMO#";"CN";"Longline";"Longline";"N";"08/17/2026 16:46:45";"08/17/2026 16:46:31";"China, People's Republic of";"Longline";"Longline";"Y";"IOTC";"Y";"Y";"Y";"Y";"D";"D";"Y";"Y";"Y";"D"
"9242";"LU RONG YUAN YU 877";"8686109";"IMO#";"CN";"Longline";"Longline";"N";"08/17/2026 16:43:07";"08/17/2026 16:42:52";"China, People's Republic of";"Longline";"Longline";"Y";"IOTC";"Y";"Y";"Y";"Y";"D";"D";"Y";"Y";"Y";"D"
"9243";"LU RONG YUAN YU 878";"8686123";"IMO#";"CN";"Longline";"Longline";"N";"08/17/2026 16:47:14";"08/17/2026 16:46:59";"China, People's Republic of";"Longline";"Longline";"Y";"IOTC";"Y";"Y";"Y";"Y";"D";"D";"Y";"Y";"Y";"D"
"9244";"LU RONG YUAN YU 879";"8686135";"IMO#";"CN";"Longline";"Longline";"N";"08/17/2026 16:47:49";"08/17/2026 16:47:34";"China, People's Republic of";"Longline";"Longline";"Y";"IOTC";"Y";"Y";"Y";"Y";"D";"D";"Y";"Y";"Y";"D"
"9245";"LU RONG YUAN YU 880";"8686147";"IMO#";"CN";"Longline";"Longline";"N";"08/17/2026 16:48:18";"08/17/2026 16:48:04";"China, People's Republic of";"Longline";"Longline";"Y";"IOTC";"Y";"Y";"Y";"Y";"D";"D";"Y";"Y";"Y";"D"
"2676";"LU RONG YUAN YU 888";"9704403";"IMO#";"CN";"Longline";"Longline";"N";"06/05/2026 06:09:17";"06/11/2024 10:11:03";"China, People's Republic of";"Longline";"Longline";"Y";"IATTC, WCPFC";"Y";"Y";"Y";"N";"D";"D";"N";"Y";"N";"D"
"2677";"LU RONG YUAN YU 889";"9704415";"IMO#";"CN";"Longline";"Longline";"N";"06/05/2026 06:09:45";"06/11/2024 10:11:03";"China, People's Republic of";"Longline";"Longline";"Y";"IATTC, WCPFC";"Y";"Y";"Y";"N";"D";"D";"N";"Y";"N";"D"
"10760";"LU RONG YUAN YU 937";"9887487";"IMO#";"CN";"Longline";"Longline";"B";"08/23/2026 18:10:09";"08/23/2026 18:09:57";"China, People's Republic of";"Longline";"Longline";"Y";"WCPFC";"Y";"Y";"Y";"Y";"D";"D";"Y";"Y";"Y";"D"
"10762";"LU RONG YUAN YU 938";"9887499";"IMO#";"CN";"Longline";"Longline";"B";"08/23/2026 18:11:24";"08/23/2026 18:11:11";"China, People's Republic of";"Longline";"Longline";"Y";"WCPFC";"Y";"Y";"Y";"Y";"D";"D";"Y";"Y";"Y";"D"
"16815";"LU RU YUAN YU 118";"9918078";"IMO#";"CN";"Longline";"Longline";"B";"07/18/2024 15:42:37";"07/03/2024 09:25:09";"China, People's Republic of";"Longline";"Longline";"Y";"IATTC, WCPFC";"Y";"Y";"Y";"Y";"D";"D";"Y";"Y";"Y";"D"
"16814";"LU RU YUAN YU 138";"9918080";"IMO#";"CN";"Longline";"Longline";"B";"07/26/2024 15:17:55";"07/03/2024 09:25:09";"China, People's Republic of";"Longline";"Longline";"Y";"IATTC, WCPFC";"Y";"Y";"Y";"Y";"D";"D";"Y";"Y";"Y";"D"
"16813";"LU RU YUAN YU 669";"9918092";"IMO#";"CN";"Longline";"Longline";"B";"06/09/2026 17:14:20";"06/09/2026 17:14:08";"China, People's Republic of";"Longline";"Longline";"Y";"WCPFC";"Y";"Y";"Y";"Y";"D";"D";"Y";"Y";"Y";"D"
"7696";"LU WEI YUAN YU 188";"9714484";"IMO#";"CN";"Longline";"Longline";"N";"08/10/2025 18:19:38";"08/10/2025 18:19:25";"China, People's Republic of";"Longline";"Longline";"Y";"IATTC, IOTC";"Y";"Y";"Y";"N";"D";"D";"Y";"Y";"N";"D"
"7697";"LU WEI YUAN YU 288";"9714496";"IMO#";"CN";"Longline";"Longline";"N";"08/10/2025 18:21:23";"08/10/2025 18:21:09";"China, People's Republic of";"Longline";"Longline";"Y";"IATTC, IOTC";"Y";"Y";"Y";"N";"D";"D";"Y";"Y";"N";"D"
"7698";"LU WEI YUAN YU 388";"9719159";"IMO#";"CN";"Longline";"Longline";"N";"08/10/2025 18:29:35";"08/10/2025 18:29:20";"China, People's Republic of";"Longline";"Longline";"Y";"IATTC, IOTC";"Y";"Y";"Y";"N";"D";"D";"Y";"Y";"N";"D"
"7699";"LU WEI YUAN YU 488";"9719161";"IMO#";"CN";"Longline";"Longline";"N";"08/10/2025 18:39:27";"08/10/2025 18:39:10";"China, People's Republic of";"Longline";"Longline";"Y";"IATTC, IOTC";"Y";"Y";"Y";"N";"D";"D";"Y";"Y";"N";"D"
"7700";"LU WEI YUAN YU 588";"9730658";"IMO#";"CN";"Longline";"Longline";"N";"08/10/2025 18:43:50";"08/10/2025 18:43:37";"China, People's Republic of";"Longline";"Longline";"Y";"IATTC, IOTC";"Y";"Y";"Y";"N";"D";"D";"Y";"Y";"N";"D"
"7701";"LU WEI YUAN YU 688";"9730799";"IMO#";"CN";"Longline";"Longline";"N";"08/10/2025 18:47:18";"08/10/2025 18:47:06";"China, People's Republic of";"Longline";"Longline";"Y";"IATTC, IOTC";"Y";"Y";"Y";"N";"D";"D";"Y";"Y";"N";"D"
"2678";"LU YUAN 23";"9674737";"IMO#";"CN";"Longline";"Longline";"N";"08/17/2026 14:47:34";"08/17/2026 14:47:23";"China, People's Republic of";"Longline";"Longline";"Y";"WCPFC";"Y";"Y";"Y";"Y";"D";"D";"Y";"Y";"Y";"D"
"2679";"LU YUAN 24";"9674749";"IMO#";"CN";"Longline";"Longline";"N";"08/17/2026 14:48:11";"08/17/2026 14:47:56";"China, People's Republic of";"Longline";"Longline";"Y";"WCPFC";"Y";"Y";"Y";"Y";"D";"D";"Y";"Y";"Y";"D"
"7193";"MAAN FARN 1";"9778284";"IMO#";"TW";"Longline";"Longline";"B";"06/09/2026 17:18:03";"06/09/2026 17:17:45";"Chinese Taipei";"Longline";"Longline";"Y";"ICCAT";"Y";"Y";"Y";"Y";"D";"D";"Y";"Y";"Y";"D"
"9256";"MAAN FARN 168";"9795531";"IMO#";"TW";"Longline";"Longline";"B";"06/09/2026 17:19:23";"06/09/2026 17:19:00";"Chinese Taipei";"Longline";"Longline";"Y";"ICCAT";"Y";"Y";"Y";"Y";"D";"D";"Y";"Y";"Y";"D"
"1765";"MAAN FARN 668";"9176345";"IMO#";"TW";"Longline";"Longline";"B";"06/09/2026 17:21:10";"06/09/2026 17:20:56";"Chinese Taipei";"Longline";"Longline";"Y";"ICCAT";"Y";"Y";"Y";"Y";"D";"D";"Y";"Y";"N";"D"
"11826";"MAAN FENG TSAIR";"8542688";"IMO#";"TW";"Longline";"Longline";"B";"08/06/2026 14:37:29";"03/16/2026 06:23:25";"Chinese Taipei";"Longline";"Longline";"Y";"WCPFC";"Y";"Y";"Y";"Y";"D";"D";"N";"Y";"Y";"D"
"9257";"MAAN FWU 188";"9820221";"IMO#";"TW";"Longline";"Longline";"B";"07/14/2026 12:36:11";"06/30/2026 14:37:20";"Chinese Taipei";"Longline";"Longline";"Y";"ICCAT";"Y";"Y";"Y";"N";"D";"D";"Y";"Y";"Y";"D"
"15050";"MAAN FWU 666";"9763825";"IMO#";"TW";"Longline";"Longline";"B";"07/06/2026 03:36:16";"07/06/2026 03:35:51";"Chinese Taipei";"Longline";"Longline";"Y";"ICCAT";"Y";"Y";"Y";"Y";"D";"D";"Y";"Y";"Y";"D"
"11791";"MAAN HSING CHYUU";"8539174";"IMO#";"TW";"Longline";"Longline";"B";"06/05/2026 16:33:17";"11/25/2025 09:34:16";"Chinese Taipei";"Longline";"Longline";"Y";"WCPFC";"Y";"Y";"Y";"Y";"D";"D";"Y";"Y";"N";"D"
"8039";"MAAN YIH FENG 16";"8783725";"IMO#";"TW";"Longline";"Longline";"N";"05/25/2026 09:55:06";"12/21/2023 04:24:13";"Chinese Taipei";"Longline";"Longline";"Y";"IATTC, WCPFC";"Y";"Y";"Y";"Y";"D";"D";"Y";"Y";"Y";"D"
"11748";"MAAN YIH FENG 166";"8526086";"IMO#";"TW";"Longline";"Longline";"B";"05/25/2026 09:59:51";"12/21/2023 04:24:13";"Chinese Taipei";"Longline";"Longline";"Y";"WCPFC";"Y";"Y";"Y";"Y";"D";"D";"Y";"Y";"Y";"D"
"8040";"MAAN YIH FENG 26";"8791239";"IMO#";"TW";"Longline";"Longline";"N";"05/25/2026 09:56:36";"12/21/2023 04:24:13";"Chinese Taipei";"Longline";"Longline";"Y";"IATTC, WCPFC";"Y";"Y";"Y";"Y";"D";"D";"Y";"Y";"Y";"D"
"7832";"MAAN YIH FENG 266";"8777788";"IMO#";"TW";"Longline";"Longline";"N";"05/25/2026 10:00:43";"12/21/2023 04:24:13";"Chinese Taipei";"Longline";"Longline";"Y";"IATTC, WCPFC";"Y";"Y";"Y";"Y";"D";"D";"Y";"Y";"Y";"D"
"2242";"MAAN YIH FENG 366";"8748749";"IMO#";"TW";"Longline";"Longline";"N";"05/25/2026 10:01:27";"12/21/2023 04:24:13";"Chinese Taipei";"Longline";"Longline";"Y";"IATTC, WCPFC";"Y";"Y";"Y";"Y";"D";"D";"Y";"Y";"Y";"D"
"10554";"MAAN YU FENG 2";"8789420";"IMO#";"TW";"Longline";"Longline";"B";"05/22/2026 11:16:53";"08/11/2025 15:12:52";"Chinese Taipei";"Longline";"Longline";"Y";"IOTC";"NA";"Y";"Y";"Y";"D";"D";"Y";"Y";"Y";"D"
"13358";"MAAN YU FENG 368";"8524129";"IMO#";"TW";"Longline";"Longline";"B";"06/05/2026 16:28:03";"04/21/2026 07:15:31";"Chinese Taipei";"Longline";"Longline";"Y";"WCPFC";"Y";"Y";"Y";"Y";"D";"D";"Y";"Y";"Y";"D"
"3594";"MAN AN";"8672926";"IMO#";"TW";"Longline";"Longline";"N";"01/23/2026 14:59:08";"04/21/2025 04:22:02";"Chinese Taipei";"Longline";"Longline";"N";"IOTC";"NA";"N";"N";"N";"D";"D";"N";"N";"N";"D"
"12002";"MAN CHI FENG";"8777790";"IMO#";"TW";"Longline";"Longline";"B";"05/09/2026 07:09:30";"08/06/2024 10:31:09";"Chinese Taipei";"Longline";"Longline";"IP";"";"IP";"IP";"IP";"IP";"D";"D";"IP";"IP";"IP";"D"
"7875";"MAN FU LONG";"8778445";"IMO#";"TW";"Longline";"Longline";"N";"07/25/2026 17:24:10";"06/17/2026 12:25:23";"Chinese Taipei";"Longline";"Longline";"Y";"IATTC, WCPFC";"Y";"Y";"Y";"Y";"D";"D";"Y";"Y";"Y";"D"
"10335";"MAN FU TSAI 11";"8791928";"IMO#";"TW";"Longline";"Longline";"N";"06/22/2026 02:32:13";"08/06/2024 10:21:21";"Chinese Taipei";"Longline";"Longline";"Y";"WCPFC";"Y";"Y";"Y";"Y";"D";"D";"Y";"Y";"Y";"D"
"10333";"MAN FU TSAI 168";"8791875";"IMO#";"TW";"Longline";"Longline";"N";"08/06/2026 14:42:22";"08/06/2024 10:13:00";"Chinese Taipei";"Longline";"Longline";"Y";"WCPFC";"Y";"Y";"Y";"Y";"D";"D";"N";"Y";"Y";"D"
"10581";"MAN FU TSAI 5";"8791899";"IMO#";"TW";"Longline";"Longline";"N";"05/25/2026 09:43:03";"07/19/2024 16:24:57";"Chinese Taipei";"Longline";"Longline";"Y";"WCPFC";"Y";"Y";"Y";"Y";"D";"D";"Y";"Y";"Y";"D"
"10356";"MAN FU TSAI 88";"8791851";"IMO#";"TW";"Longline";"Longline";"N";"06/22/2026 02:36:47";"07/19/2024 16:23:17";"Chinese Taipei";"Longline";"Longline";"Y";"WCPFC";"Y";"Y";"Y";"Y";"D";"D";"Y";"Y";"Y";"D"
"10699";"MAN FU TSAI 9";"8791863";"IMO#";"TW";"Longline";"Longline";"N";"05/25/2026 09:43:56";"07/19/2024 16:21:54";"Chinese Taipei";"Longline";"Longline";"Y";"WCPFC";"Y";"Y";"Y";"Y";"D";"D";"Y";"Y";"Y";"D"
"11370";"MAN I FENG 22";"8541579";"IMO#";"TW";"Longline";"Longline";"B";"06/25/2026 15:50:16";"03/24/2026 06:48:30";"Chinese Taipei";"Longline";"Longline";"Y";"WCPFC";"Y";"Y";"Y";"Y";"D";"D";"Y";"Y";"N";"D"
"11827";"MAN QING FONG 33";"8542690";"IMO#";"TW";"Longline";"Longline";"B";"04/15/2026 19:33:13";"11/27/2025 04:18:02";"Chinese Taipei";"Longline";"Longline";"Y";"WCPFC";"Y";"Y";"Y";"Y";"D";"D";"Y";"Y";"Y";"D"
"12038";"MAN WEN FA";"8791538";"IMO#";"TW";"Longline";"Longline";"B";"08/17/2026 13:44:45";"08/17/2026 13:44:32";"Chinese Taipei";"Longline";"Longline";"Y";"IOTC";"NA";"Y";"Y";"Y";"D";"D";"Y";"Y";"Y";"D"
"8041";"MAN YI FENG 66";"8791241";"IMO#";"TW";"Longline";"Longline";"N";"05/09/2026 07:12:51";"12/21/2023 04:24:13";"Chinese Taipei";"Longline";"Longline";"Y";"IATTC, WCPFC";"Y";"Y";"Y";"Y";"D";"D";"Y";"Y";"N";"D"
"11850";"MAN YING CAI 6";"8547212";"IMO#";"TW";"Longline";"Longline";"B";"07/25/2026 17:22:27";"05/28/2026 03:03:41";"Chinese Taipei";"Longline";"Longline";"Y";"IATTC, WCPFC";"Y";"Y";"Y";"Y";"D";"D";"Y";"Y";"Y";"D"
"19922";"MEKAR JAYA 5";"8440012";"IMO#";"ID";"Longline";"Longline";"B";"07/17/2026 11:10:45";"07/17/2026 11:06:10";"Indonesia";"Longline";"Longline";"Y";"IOTC";"Y";"Y";"Y";"Y";"D";"D";"Y";"Y";"Y";"D"
"10650";"MING I MAAN 168";"8534916";"IMO#";"TW";"Longline";"Longline";"B";"07/24/2026 20:03:22";"07/01/2026 07:21:36";"Chinese Taipei";"Longline";"Longline";"Y";"WCPFC";"Y";"Y";"Y";"Y";"D";"D";"Y";"Y";"Y";"D"
"7834";"MING MAAN SHYANG 86";"8777805";"IMO#";"TW";"Longline";"Longline";"N";"09/06/2025 17:33:48";"05/24/2024 10:18:16";"Chinese Taipei";"Longline";"Longline";"N";"";"N";"N";"N";"N";"D";"D";"N";"N";"N";"D"
"7846";"MING SING 12";"8781648";"IMO#";"TW";"Longline";"Longline";"N";"03/06/2026 17:48:57";"11/24/2025 01:35:18";"Chinese Taipei";"Longline";"Longline";"Y";"IOTC";"NA";"Y";"Y";"Y";"D";"D";"Y";"Y";"Y";"D"
"696";"MONTE LUCIA";"8301369";"IMO#";"EC";"Longline";"Longline";"N";"11/21/2025 08:58:40";"06/26/2024 09:51:10";"Ecuador";"Longline";"Longline";"N";"";"N";"N";"N";"N";"D";"D";"N";"N";"N";"D"
"17889";"NAILI 2";"8563589";"IMO#";"ID";"Longline";"Longline";"B";"07/16/2026 17:27:01";"06/30/2026 15:48:47";"Indonesia";"Longline";"Longline";"Y";"IOTC";"Y";"Y";"Y";"Y";"D";"D";"Y";"Y";"Y";"D"
"1594";"NAMGUNG 501";"8703854";"IMO#";"KR";"Longline";"Longline";"N";"07/17/2026 15:37:10";"06/24/2025 05:37:28";"Korea, Republic of";"Longline";"Longline";"Y";"IATTC, WCPFC";"Y";"Y";"Y";"Y";"D";"D";"Y";"Y";"N";"D"
"1486";"NAMGUNG 518";"8714102";"IMO#";"KR";"Longline";"Longline";"N";"07/17/2026 15:37:52";"06/24/2025 05:37:28";"Korea, Republic of";"Longline";"Longline";"Y";"IATTC, WCPFC";"Y";"Y";"Y";"Y";"D";"D";"Y";"Y";"N";"D"
"2926";"NATA 2";"8748866";"IMO#";"NA";"Longline";"Longline";"N";"02/16/2026 10:50:08";"04/29/2025 09:12:04";"Namibia";"Longline";"Longline";"Y";"ICCAT";"Y";"Y";"Y";"Y";"D";"D";"Y";"Y";"N";"D"
"3509";"NEPTUNE 1";"9757474";"IMO#";"SC";"Longline";"Longline";"N";"03/06/2026 17:49:36";"11/28/2025 07:14:39";"Seychelles";"Longline";"Longline";"Y";"IOTC";"Y";"Y";"Y";"Y";"D";"D";"Y";"Y";"Y";"D"
"3510";"NEPTUNE 2";"9764908";"IMO#";"SC";"Longline";"Longline";"N";"03/06/2026 17:50:15";"11/28/2025 07:14:39";"Seychelles";"Longline";"Longline";"Y";"IOTC";"Y";"Y";"Y";"Y";"D";"D";"Y";"Y";"Y";"D"
"17578";"NEPTUNE 6";"9900813";"IMO#";"SC";"Longline";"Longline";"B";"03/06/2026 17:44:22";"11/28/2025 06:36:29";"Seychelles";"Longline";"Longline";"Y";"IOTC";"Y";"Y";"Y";"Y";"D";"D";"Y";"Y";"Y";"D"
"9436";"NF SEA GLORY 26";"9802906";"IMO#";"SC";"Longline";"Longline";"N";"08/02/2026 17:25:10";"07/13/2026 08:11:55";"Seychelles";"Longline";"Longline";"Y";"IOTC";"Y";"Y";"Y";"Y";"D";"D";"Y";"Y";"Y";"D"
"9440";"NF YUYO 1";"9813931";"IMO#";"SC";"Longline";"Longline";"N";"06/05/2026 15:46:19";"04/13/2026 05:36:11";"Seychelles";"Longline";"Longline";"Y";"IOTC";"Y";"Y";"Y";"Y";"D";"D";"Y";"Y";"Y";"D"
"9441";"NF YUYO 6";"9820491";"IMO#";"SC";"Longline";"Longline";"N";"03/06/2026 17:51:07";"12/09/2025 01:54:52";"Seychelles";"Longline";"Longline";"Y";"IOTC";"Y";"Y";"Y";"Y";"D";"D";"Y";"Y";"Y";"D"
"10553";"NIAN SHENG 168";"8795352";"IMO#";"TW";"Longline";"Longline";"B";"07/20/2026 22:52:28";"03/17/2023 02:56:26";"Chinese Taipei";"Longline";"Longline";"Y";"WCPFC";"Y";"Y";"Y";"Y";"D";"D";"N";"Y";"Y";"D"
"10347";"NIAN SHENG 3";"8795534";"IMO#";"TW";"Longline";"Longline";"N";"07/20/2026 22:51:36";"03/17/2023 02:56:26";"Chinese Taipei";"Longline";"Longline";"Y";"WCPFC";"Y";"Y";"Y";"Y";"D";"D";"N";"Y";"Y";"D"
"15353";"OCEAN BOUNTIFUL 338";"8524545";"IMO#";"VU";"Longline";"Longline";"B";"08/14/2025 06:38:39";"08/14/2025 06:38:27";"Vanuatu";"Longline";"Longline";"Y";"WCPFC";"Y";"Y";"Y";"Y";"D";"D";"Y";"Y";"N";"D"
"18442";"OCEAN FORTUNE 1";"8459544";"IMO#";"FJ";"Longline";"Longline";"B";"03/03/2026 10:54:13";"11/19/2025 02:33:05";"Fiji";"Longline";"Longline";"Y";"WCPFC";"Y";"Y";"Y";"Y";"D";"D";"Y";"Y";"Y";"D"
"12328";"OCEAN STAR 101";"9094121";"IMO#";"PA";"Longline";"Longline";"B";"06/11/2026 15:08:51";"06/07/2021 12:23:52";"Panama";"Longline";"Longline";"IP";"";"IP";"IP";"IP";"IP";"D";"D";"IP";"IP";"IP";"D"
"2750";"OCEAN STAR VI";"8656661";"IMO#";"PA";"Longline";"Longline";"N";"02/06/2025 08:41:47";"06/07/2021 12:23:52";"Panama";"Longline";"Longline";"Y";"IATTC";"Y";"Y";"Y";"Y";"D";"D";"Y";"Y";"Y";"D"
"1637";"PANALOX 501";"8916358";"IMO#";"KR";"Longline";"Longline";"N";"07/15/2026 16:33:42";"07/15/2026 16:33:18";"Korea, Republic of";"Longline";"Longline";"Y";"IATTC, WCPFC";"Y";"Y";"Y";"Y";"D";"D";"Y";"Y";"Y";"D"
"1638";"PANALOX 502";"8916360";"IMO#";"KR";"Longline";"Longline";"N";"07/07/2026 16:46:50";"07/07/2026 14:20:25";"Korea, Republic of";"Longline";"Longline";"Y";"IATTC, WCPFC";"Y";"Y";"Y";"Y";"D";"D";"Y";"Y";"Y";"D"
"1639";"PANALOX 503";"8916372";"IMO#";"KR";"Longline";"Longline";"N";"07/07/2026 16:48:42";"07/07/2026 14:24:08";"Korea, Republic of";"Longline";"Longline";"Y";"IATTC, WCPFC";"Y";"Y";"Y";"Y";"D";"D";"Y";"Y";"Y";"D"
"1640";"PANALOX 505";"8916384";"IMO#";"KR";"Longline";"Longline";"N";"07/15/2026 16:36:18";"07/15/2026 16:35:54";"Korea, Republic of";"Longline";"Longline";"Y";"IATTC, WCPFC";"Y";"Y";"Y";"Y";"D";"D";"Y";"Y";"Y";"D"
"1641";"PANALOX 506";"8916396";"IMO#";"KR";"Longline";"Longline";"N";"07/07/2026 16:50:00";"07/07/2026 14:29:18";"Korea, Republic of";"Longline";"Longline";"Y";"IATTC, WCPFC";"Y";"Y";"Y";"Y";"D";"D";"Y";"Y";"Y";"D"
"12311";"PARAMOUNT 18";"2723759";"IMO#";"SR";"Longline";"Longline";"B";"08/17/2026 13:07:39";"08/17/2026 13:07:16";"Suriname";"Longline";"Longline";"Y";"ICCAT";"Y";"Y";"Y";"Y";"D";"D";"Y";"Y";"Y";"D"
"6261";"PING TAI RONG 13";"9619244";"IMO#";"CN";"Longline";"Longline";"N";"07/06/2026 03:50:25";"07/06/2026 03:50:01";"China, People's Republic of";"Longline";"Longline";"Y";"IATTC, WCPFC";"Y";"Y";"Y";"Y";"D";"D";"Y";"Y";"Y";"D"
"15506";"PING TAI RONG 131";"9951692";"IMO#";"CN";"Longline";"Longline";"B";"08/23/2024 10:13:09";"05/24/2024 09:45:41";"China, People's Republic of";"Longline";"Longline";"Y";"IATTC, WCPFC";"Y";"Y";"Y";"Y";"D";"D";"Y";"Y";"Y";"D"
"7639";"PING TAI RONG 19";"9655054";"IMO#";"CN";"Longline";"Longline";"N";"07/06/2026 03:53:05";"07/06/2026 03:52:47";"China, People's Republic of";"Longline";"Longline";"Y";"IATTC, WCPFC";"Y";"Y";"Y";"Y";"D";"D";"Y";"Y";"Y";"D"
"7640";"PING TAI RONG 25";"9655066";"IMO#";"CN";"Longline";"Longline";"N";"07/07/2026 13:14:39";"07/07/2026 13:14:16";"China, People's Republic of";"Longline";"Longline";"Y";"IATTC, WCPFC";"Y";"Y";"Y";"Y";"D";"D";"Y";"Y";"Y";"D"
"7641";"PING TAI RONG 29";"9655078";"IMO#";"CN";"Longline";"Longline";"N";"07/15/2026 03:43:24";"07/15/2026 03:43:00";"China, People's Republic of";"Longline";"Longline";"Y";"IATTC, WCPFC";"Y";"Y";"Y";"Y";"D";"D";"Y";"Y";"Y";"D"
"11349";"PING TAI RONG 301";"8791502";"IMO#";"CN";"Longline";"Longline";"B";"07/15/2026 03:46:59";"07/15/2026 03:46:31";"China, People's Republic of";"Longline";"Longline";"Y";"IATTC, WCPFC";"Y";"Y";"Y";"Y";"D";"D";"Y";"Y";"Y";"D"
"550";"PING TAI RONG 31";"9619256";"IMO#";"CN";"Longline";"Longline";"N";"06/02/2026 10:20:43";"05/24/2024 09:15:09";"China, People's Republic of";"Longline";"Longline";"Y";"IATTC, WCPFC";"Y";"Y";"Y";"Y";"D";"D";"Y";"Y";"Y";"D"
"11350";"PING TAI RONG 313";"9877420";"IMO#";"CN";"Longline";"Longline";"B";"07/25/2026 02:36:40";"07/25/2026 02:36:13";"China, People's Republic of";"Longline";"Longline";"Y";"IATTC, WCPFC";"Y";"Y";"Y";"Y";"D";"D";"Y";"Y";"Y";"D"
"2400";"PING TAI RONG 316";"9702924";"IMO#";"CN";"Longline";"Longline";"N";"07/25/2026 02:46:50";"07/25/2026 02:46:30";"China, People's Republic of";"Longline";"Longline";"Y";"IATTC, WCPFC";"Y";"Y";"Y";"Y";"D";"D";"Y";"Y";"Y";"D"
"2402";"PING TAI RONG 318";"9702948";"IMO#";"CN";"Longline";"Longline";"N";"08/01/2026 18:13:48";"08/01/2026 18:13:31";"China, People's Republic of";"Longline";"Longline";"Y";"IATTC, WCPFC";"Y";"Y";"Y";"Y";"D";"D";"Y";"Y";"Y";"D"
"15558";"PING TAI RONG 319";"9923633";"IMO#";"CN";"Longline";"Longline";"B";"06/05/2026 06:21:19";"06/16/2025 20:12:23";"China, People's Republic of";"Longline";"Longline";"Y";"IATTC, WCPFC";"Y";"Y";"Y";"Y";"D";"D";"Y";"Y";"Y";"D"
"15508";"PING TAI RONG 327";"8589014";"IMO#";"CN";"Longline";"Longline";"B";"06/05/2026 06:21:49";"05/23/2024 21:05:47";"China, People's Republic of";"Longline";"Longline";"Y";"IATTC, WCPFC";"Y";"Y";"Y";"Y";"D";"D";"Y";"Y";"Y";"D"
"11347";"PING TAI RONG 331";"9877432";"IMO#";"CN";"Longline";"Longline";"B";"07/25/2026 02:55:31";"07/25/2026 02:55:03";"China, People's Republic of";"Longline";"Longline";"Y";"IATTC, WCPFC";"Y";"Y";"Y";"Y";"D";"D";"Y";"Y";"Y";"D"
"551";"PING TAI RONG 39";"8628781";"IMO#";"CN";"Longline";"Longline";"N";"06/02/2026 10:26:13";"05/23/2024 20:44:12";"China, People's Republic of";"Longline";"Longline";"Y";"IATTC, WCPFC";"Y";"Y";"Y";"Y";"D";"D";"Y";"Y";"Y";"D"
"6960";"PING TAI RONG 50";"9676747";"IMO#";"CN";"Longline";"Longline";"N";"07/25/2026 03:02:56";"07/25/2026 03:02:32";"China, People's Republic of";"Longline";"Longline";"Y";"IATTC, WCPFC";"Y";"Y";"Y";"Y";"D";"D";"Y";"Y";"Y";"D"
"6961";"PING TAI RONG 55";"9676759";"IMO#";"CN";"Longline";"Longline";"N";"07/25/2026 03:06:29";"07/25/2026 03:06:05";"China, People's Republic of";"Longline";"Longline";"Y";"IATTC, WCPFC";"Y";"Y";"Y";"Y";"D";"D";"Y";"Y";"Y";"D"
"6962";"PING TAI RONG 58";"9676761";"IMO#";"CN";"Longline";"Longline";"N";"07/25/2026 03:04:37";"07/25/2026 03:04:15";"China, People's Republic of";"Longline";"Longline";"Y";"IATTC, WCPFC";"Y";"Y";"Y";"Y";"D";"D";"Y";"Y";"Y";"D"
"6963";"PING TAI RONG 60";"9676773";"IMO#";"CN";"Longline";"Longline";"N";"07/25/2026 03:08:31";"07/25/2026 03:08:01";"China, People's Republic of";"Longline";"Longline";"Y";"IATTC, WCPFC";"Y";"Y";"Y";"Y";"D";"D";"Y";"Y";"Y";"D"
"547";"PING TAI RONG 65";"9689366";"IMO#";"CN";"Longline";"Longline";"N";"06/02/2026 10:19:10";"05/23/2024 20:36:56";"China, People's Republic of";"Longline";"Longline";"Y";"IATTC, WCPFC";"Y";"Y";"Y";"Y";"D";"D";"Y";"Y";"Y";"D"
"18257";"PING TAI RONG 678";"1050923";"IMO#";"CN";"Longline";"Longline";"B";"07/25/2026 03:10:16";"07/25/2026 03:09:56";"China, People's Republic of";"Longline";"Longline";"Y";"IATTC, WCPFC";"Y";"Y";"Y";"Y";"D";"D";"Y";"Y";"Y";"D"
"548";"PING TAI RONG 68";"9689378";"IMO#";"CN";"Longline";"Longline";"N";"06/02/2026 10:38:48";"05/23/2024 20:33:52";"China, People's Republic of";"Longline";"Longline";"Y";"IATTC, WCPFC";"Y";"Y";"Y";"Y";"D";"D";"Y";"Y";"Y";"D"
"18256";"PING TAI RONG 687";"1047691";"IMO#";"CN";"Longline";"Longline";"B";"07/25/2026 03:12:31";"07/25/2026 03:12:11";"China, People's Republic of";"Longline";"Longline";"Y";"IATTC, WCPFC";"Y";"Y";"Y";"Y";"D";"D";"Y";"Y";"Y";"D"
"15507";"PING TAI RONG 688";"9951707";"IMO#";"CN";"Longline";"Longline";"B";"08/23/2024 10:18:15";"05/23/2024 20:28:23";"China, People's Republic of";"Longline";"Longline";"Y";"IATTC, WCPFC";"Y";"Y";"Y";"Y";"D";"D";"Y";"Y";"Y";"D"
"600";"PING TAI RONG 70";"9689380";"IMO#";"CN";"Longline";"Longline";"N";"07/25/2026 03:14:45";"07/25/2026 03:14:19";"China, People's Republic of";"Longline";"Longline";"Y";"IATTC, WCPFC";"Y";"Y";"Y";"Y";"D";"D";"Y";"Y";"Y";"D"
"601";"PING TAI RONG 71";"9689392";"IMO#";"CN";"Longline";"Longline";"N";"07/25/2026 03:16:32";"07/25/2026 03:16:12";"China, People's Republic of";"Longline";"Longline";"Y";"IATTC, WCPFC";"Y";"Y";"Y";"Y";"D";"D";"Y";"Y";"Y";"D"
"553";"PING TAI RONG 78";"9770062";"IMO#";"CN";"Longline";"Longline";"N";"06/02/2026 10:21:12";"05/23/2024 11:39:33";"China, People's Republic of";"Longline";"Longline";"Y";"IATTC, WCPFC";"Y";"Y";"Y";"Y";"D";"D";"Y";"Y";"Y";"D"
"554";"PING TAI RONG 79";"9770074";"IMO#";"CN";"Longline";"Longline";"N";"06/02/2026 10:21:41";"05/23/2024 11:32:56";"China, People's Republic of";"Longline";"Longline";"Y";"IATTC, WCPFC";"Y";"Y";"Y";"Y";"D";"D";"Y";"Y";"Y";"D"
"555";"PING TAI RONG 82";"9770086";"IMO#";"CN";"Longline";"Longline";"N";"08/01/2026 18:19:12";"08/01/2026 18:18:55";"China, People's Republic of";"Longline";"Longline";"Y";"IATTC, WCPFC";"Y";"Y";"Y";"Y";"D";"D";"Y";"Y";"Y";"D"
"559";"PING TAI RONG 86";"9770098";"IMO#";"CN";"Longline";"Longline";"N";"08/06/2026 15:40:19";"08/06/2026 15:40:03";"China, People's Republic of";"Longline";"Longline";"Y";"IATTC, WCPFC";"Y";"Y";"Y";"Y";"D";"D";"Y";"Y";"Y";"D"
"560";"PING TAI RONG 88";"9770103";"IMO#";"CN";"Longline";"Longline";"N";"08/12/2026 13:04:01";"08/12/2026 13:03:45";"China, People's Republic of";"Longline";"Longline";"Y";"IATTC, WCPFC";"Y";"Y";"Y";"Y";"D";"D";"Y";"Y";"Y";"D"
"583";"PING TAI RONG 89";"9770115";"IMO#";"CN";"Longline";"Longline";"N";"08/06/2026 15:46:35";"08/06/2026 15:46:15";"China, People's Republic of";"Longline";"Longline";"Y";"IATTC, WCPFC";"Y";"Y";"Y";"Y";"D";"D";"Y";"Y";"Y";"D"
"545";"PING TAI RONG 9";"8628810";"IMO#";"CN";"Longline";"Longline";"N";"06/02/2026 10:22:15";"05/23/2024 11:24:57";"China, People's Republic of";"Longline";"Longline";"Y";"IATTC, WCPFC";"Y";"Y";"Y";"Y";"D";"D";"Y";"Y";"Y";"D"
"2820";"RISING 16";"9657583";"IMO#";"FJ";"Longline";"Longline";"N";"06/03/2026 17:52:27";"06/03/2026 17:52:16";"Fiji";"Longline";"Longline";"Y";"WCPFC";"Y";"Y";"Y";"Y";"D";"D";"Y";"Y";"Y";"D"
"2821";"RISING 18";"9657595";"IMO#";"FJ";"Longline";"Longline";"N";"06/03/2026 17:55:21";"06/03/2026 17:55:12";"Fiji";"Longline";"Longline";"Y";"WCPFC";"Y";"Y";"Y";"Y";"D";"D";"Y";"Y";"Y";"D"
"2822";"RISING 28";"9657612";"IMO#";"FJ";"Longline";"Longline";"N";"06/03/2026 17:58:40";"06/03/2026 17:58:29";"Fiji";"Longline";"Longline";"Y";"WCPFC";"Y";"Y";"Y";"Y";"D";"D";"Y";"Y";"Y";"D"
"2824";"RISING 8";"8748892";"IMO#";"FJ";"Longline";"Longline";"N";"06/03/2026 17:59:49";"06/03/2026 17:59:34";"Fiji";"Longline";"Longline";"Y";"WCPFC";"Y";"Y";"Y";"Y";"D";"D";"Y";"Y";"Y";"D"
"2826";"RITUNA 2";"8748921";"IMO#";"FJ";"Longline";"Longline";"N";"08/09/2025 08:31:33";"07/17/2024 11:47:48";"Fiji";"Longline";"Longline";"Y";"WCPFC";"Y";"Y";"Y";"Y";"D";"D";"Y";"Y";"Y";"D"
"7692";"RONG DA YANG 18";"9679658";"IMO#";"CN";"Longline";"Longline";"N";"01/13/2026 09:52:58";"07/14/2024 14:18:59";"China, People's Republic of";"Longline";"Longline";"Y";"IATTC, WCPFC";"Y";"Y";"Y";"Y";"D";"D";"Y";"Y";"Y";"D"
"7693";"RONG DA YANG 19";"9679684";"IMO#";"CN";"Longline";"Longline";"N";"01/13/2026 09:53:36";"08/21/2024 16:17:24";"China, People's Republic of";"Longline";"Longline";"Y";"IATTC, WCPFC";"Y";"Y";"Y";"Y";"D";"D";"Y";"Y";"Y";"D"
"7694";"RONG DA YANG 28";"9679696";"IMO#";"CN";"Longline";"Longline";"N";"08/18/2025 10:34:08";"08/18/2025 10:33:59";"China, People's Republic of";"Longline";"Longline";"Y";"IATTC, WCPFC";"Y";"Y";"Y";"N";"D";"D";"Y";"Y";"N";"D"
"7695";"RONG DA YANG 29";"9679701";"IMO#";"CN";"Longline";"Longline";"N";"01/13/2026 09:54:11";"07/14/2024 14:12:40";"China, People's Republic of";"Longline";"Longline";"Y";"IATTC, WCPFC";"Y";"Y";"Y";"Y";"D";"D";"Y";"Y";"Y";"D"
"10153";"RONG HENG 13";"8689230";"IMO#";"CN";"Longline";"Longline";"N";"11/25/2025 14:11:23";"08/16/2024 07:32:09";"China, People's Republic of";"Longline";"Longline";"Y";"IATTC, WCPFC";"Y";"Y";"Y";"Y";"D";"D";"Y";"Y";"Y";"D"
"3196";"RONG HENG 19";"9671759";"IMO#";"CN";"Longline";"Longline";"N";"08/06/2026 16:08:06";"08/06/2026 16:07:48";"China, People's Republic of";"Longline";"Longline";"Y";"IATTC, WCPFC";"Y";"Y";"Y";"Y";"D";"D";"Y";"Y";"Y";"D"
"10154";"RONG HENG 31";"8689371";"IMO#";"CN";"Longline";"Longline";"N";"06/02/2026 10:37:48";"08/16/2024 07:32:09";"China, People's Republic of";"Longline";"Longline";"Y";"IATTC, WCPFC";"Y";"Y";"Y";"Y";"D";"D";"Y";"Y";"Y";"D"
"3197";"RONG HENG 41";"9671761";"IMO#";"CN";"Longline";"Longline";"N";"08/06/2026 16:10:22";"08/06/2026 16:10:05";"China, People's Republic of";"Longline";"Longline";"Y";"IATTC, WCPFC";"Y";"Y";"Y";"Y";"D";"D";"Y";"Y";"Y";"D"
"3199";"RONG HENG 49";"9671785";"IMO#";"CN";"Longline";"Longline";"N";"08/06/2026 16:11:40";"08/06/2026 16:11:26";"China, People's Republic of";"Longline";"Longline";"Y";"IATTC, WCPFC";"Y";"Y";"Y";"Y";"D";"D";"Y";"Y";"Y";"D"
"10155";"RONG HENG 68";"8689436";"IMO#";"CN";"Longline";"Longline";"N";"11/25/2025 14:13:26";"08/16/2024 07:32:09";"China, People's Republic of";"Longline";"Longline";"Y";"IATTC, WCPFC";"Y";"Y";"Y";"Y";"D";"D";"Y";"Y";"Y";"D"
"10156";"RONG HENG 78";"8690100";"IMO#";"CN";"Longline";"Longline";"N";"11/25/2025 14:14:15";"08/16/2024 07:32:09";"China, People's Republic of";"Longline";"Longline";"Y";"IATTC, WCPFC";"Y";"Y";"Y";"Y";"D";"D";"Y";"Y";"Y";"D"
"10157";"RONG HENG 86";"8690112";"IMO#";"CN";"Longline";"Longline";"N";"11/25/2025 14:15:03";"08/16/2024 07:32:09";"China, People's Republic of";"Longline";"Longline";"Y";"IATTC, WCPFC";"Y";"Y";"Y";"Y";"D";"D";"Y";"Y";"Y";"D"
"10158";"RONG HENG 87";"8690356";"IMO#";"CN";"Longline";"Longline";"N";"11/25/2025 14:16:09";"08/16/2024 07:32:09";"China, People's Republic of";"Longline";"Longline";"Y";"IATTC, WCPFC";"Y";"Y";"Y";"Y";"D";"D";"Y";"Y";"Y";"D"
"11685";"RONG YE 111";"9870604";"IMO#";"CN";"Longline";"Longline";"B";"08/06/2026 16:12:49";"08/06/2026 16:12:33";"China, People's Republic of";"Longline";"Longline";"Y";"IATTC, WCPFC";"Y";"Y";"Y";"Y";"D";"D";"Y";"Y";"Y";"D"
"11686";"RONG YE 113";"9870616";"IMO#";"CN";"Longline";"Longline";"B";"08/06/2026 16:13:57";"08/06/2026 16:13:40";"China, People's Republic of";"Longline";"Longline";"Y";"IATTC, WCPFC";"Y";"Y";"Y";"Y";"D";"D";"Y";"Y";"Y";"D"
"3056";"RONG YE 119";"9741621";"IMO#";"CN";"Longline";"Longline";"N";"08/06/2026 16:15:06";"08/06/2026 16:14:51";"China, People's Republic of";"Longline";"Longline";"Y";"IATTC, WCPFC";"Y";"Y";"Y";"Y";"D";"D";"Y";"Y";"Y";"D"
"3057";"RONG YE 135";"9741633";"IMO#";"CN";"Longline";"Longline";"N";"08/06/2026 16:17:21";"08/06/2026 16:17:04";"China, People's Republic of";"Longline";"Longline";"Y";"IATTC, WCPFC";"Y";"Y";"Y";"Y";"D";"D";"Y";"Y";"Y";"D"
"3058";"RONG YE 153";"9741645";"IMO#";"CN";"Longline";"Longline";"N";"08/06/2026 16:19:35";"08/06/2026 16:19:20";"China, People's Republic of";"Longline";"Longline";"Y";"IATTC, WCPFC";"Y";"Y";"Y";"Y";"D";"D";"Y";"Y";"Y";"D"
"3059";"RONG YE 159";"9741657";"IMO#";"CN";"Longline";"Longline";"N";"06/02/2026 10:35:58";"04/28/2024 06:47:03";"China, People's Republic of";"Longline";"Longline";"Y";"IATTC, WCPFC";"Y";"Y";"Y";"Y";"D";"D";"Y";"Y";"Y";"D"
"7837";"RUEY I SHYANG 10";"8778940";"IMO#";"TW";"Longline";"Longline";"N";"03/06/2026 17:32:27";"11/19/2025 03:32:01";"Chinese Taipei";"Longline";"Longline";"Y";"IOTC";"NA";"Y";"Y";"Y";"D";"D";"Y";"Y";"Y";"D"
"1646";"RUEY I SHYANG 101";"8749470";"IMO#";"TW";"Longline";"Longline";"N";"08/23/2026 18:34:03";"08/23/2026 18:33:51";"Chinese Taipei";"Longline";"Longline";"Y";"ICCAT";"Y";"Y";"Y";"Y";"D";"D";"Y";"Y";"Y";"D"
"1647";"RUEY I SHYANG 102";"8749482";"IMO#";"TW";"Longline";"Longline";"N";"08/23/2026 18:35:18";"08/23/2026 18:35:06";"Chinese Taipei";"Longline";"Longline";"Y";"ICCAT";"Y";"Y";"Y";"Y";"D";"D";"Y";"Y";"Y";"D"
"3444";"RUEY I SHYANG 103";"9743942";"IMO#";"TW";"Longline";"Longline";"N";"08/23/2026 18:39:49";"08/23/2026 18:39:37";"Chinese Taipei";"Longline";"Longline";"Y";"ICCAT";"Y";"Y";"Y";"Y";"D";"D";"Y";"Y";"Y";"D"
"3445";"RUEY I SHYANG 106";"9743954";"IMO#";"TW";"Longline";"Longline";"N";"08/23/2026 18:41:31";"08/23/2026 18:41:20";"Chinese Taipei";"Longline";"Longline";"Y";"ICCAT";"Y";"Y";"Y";"Y";"D";"D";"Y";"Y";"Y";"D"
"7838";"RUEY I SHYANG 12";"8778952";"IMO#";"TW";"Longline";"Longline";"N";"03/06/2026 17:32:53";"11/19/2025 03:41:23";"Chinese Taipei";"Longline";"Longline";"Y";"IOTC";"NA";"Y";"Y";"Y";"D";"D";"Y";"Y";"Y";"D"
"7839";"RUEY I SHYANG 3";"8778902";"IMO#";"TW";"Longline";"Longline";"N";"03/06/2026 17:33:26";"11/19/2025 02:36:07";"Chinese Taipei";"Longline";"Longline";"Y";"IOTC";"NA";"Y";"Y";"Y";"D";"D";"Y";"Y";"Y";"D"
"7840";"RUEY I SHYANG 6";"8778914";"IMO#";"TW";"Longline";"Longline";"N";"03/06/2026 17:33:56";"11/19/2025 02:48:29";"Chinese Taipei";"Longline";"Longline";"Y";"IOTC";"NA";"Y";"Y";"Y";"D";"D";"Y";"Y";"Y";"D"
"7841";"RUEY I SHYANG 7";"8778926";"IMO#";"TW";"Longline";"Longline";"N";"03/06/2026 17:34:28";"11/19/2025 03:13:46";"Chinese Taipei";"Longline";"Longline";"Y";"IOTC";"NA";"Y";"Y";"Y";"D";"D";"Y";"Y";"Y";"D"
"7842";"RUEY I SHYANG 8";"8778938";"IMO#";"TW";"Longline";"Longline";"N";"03/06/2026 17:35:00";"11/19/2025 03:23:43";"Chinese Taipei";"Longline";"Longline";"Y";"IOTC";"NA";"Y";"Y";"Y";"D";"D";"Y";"Y";"Y";"D"
"10660";"RUI JIN FA";"8537499";"IMO#";"TW";"Longline";"Longline";"B";"10/24/2025 08:59:08";"05/10/2023 07:05:33";"Chinese Taipei";"Longline";"Longline";"N";"";"NA";"N";"N";"N";"D";"D";"N";"N";"N";"D"
"7844";"SAM WEON 11";"8777817";"IMO#";"FJ";"Longline";"Longline";"N";"06/02/2025 17:24:55";"03/25/2025 03:06:13";"Fiji";"Longline";"Longline";"Y";"WCPFC";"Y";"Y";"Y";"Y";"D";"D";"Y";"Y";"Y";"D"
"10361";"SAN LAI FA 21";"8787977";"IMO#";"TW";"Longline";"Longline";"B";"06/05/2026 06:22:24";"10/12/2021 08:06:14";"Chinese Taipei";"Longline";"Longline";"Y";"WCPFC";"Y";"Y";"Y";"Y";"D";"D";"Y";"Y";"Y";"D"
"10358";"SAN LAI FA 26";"8781222";"IMO#";"TW";"Longline";"Longline";"B";"06/05/2026 06:22:53";"08/19/2025 20:51:38";"Chinese Taipei";"Longline";"Longline";"Y";"WCPFC";"Y";"Y";"Y";"Y";"D";"D";"Y";"Y";"Y";"D"
"15352";"SAN LIAN FA 1";"8781208";"IMO#";"TW";"Longline";"Longline";"B";"05/09/2026 07:15:24";"08/19/2025 20:52:45";"Chinese Taipei";"Longline";"Longline";"Y";"WCPFC";"Y";"Y";"Y";"Y";"D";"D";"Y";"Y";"N";"D"
"10360";"SAN LIAN FA 18";"8781210";"IMO#";"TW";"Longline";"Longline";"B";"08/17/2026 16:26:10";"08/17/2026 16:25:56";"Chinese Taipei";"Longline";"Longline";"Y";"WCPFC";"Y";"Y";"Y";"Y";"D";"D";"Y";"Y";"Y";"D"
"10658";"SAN SHENG FA";"8781258";"IMO#";"TW";"Longline";"Longline";"B";"05/09/2026 07:16:26";"08/19/2025 21:50:39";"Chinese Taipei";"Longline";"Longline";"Y";"WCPFC";"Y";"Y";"Y";"Y";"D";"D";"Y";"Y";"N";"D"
"10359";"SAN SHENG FA 3";"8781234";"IMO#";"TW";"Longline";"Longline";"B";"05/09/2026 07:17:18";"06/27/2023 16:39:31";"Chinese Taipei";"Longline";"Longline";"Y";"WCPFC";"Y";"Y";"Y";"Y";"D";"D";"Y";"Y";"N";"D"
"10363";"SAN SHENG FA NO TIEN";"8781246";"IMO#";"TW";"Longline";"Longline";"B";"06/05/2026 06:23:23";"08/20/2025 11:27:38";"Chinese Taipei";"Longline";"Longline";"Y";"WCPFC";"Y";"Y";"Y";"Y";"D";"D";"Y";"Y";"Y";"D"
"9773";"SAN ZAI FA 12";"8649773";"IMO#";"TW";"Longline";"Longline";"B";"05/09/2026 11:18:30";"08/20/2025 11:41:27";"Chinese Taipei";"Longline";"Longline";"Y";"WCPFC";"Y";"Y";"Y";"Y";"D";"D";"Y";"Y";"Y";"D"
"12004";"SAN ZAI FA 15";"8781272";"IMO#";"TW";"Longline";"Longline";"B";"05/09/2026 07:19:04";"08/24/2025 16:58:45";"Chinese Taipei";"Longline";"Longline";"Y";"WCPFC";"Y";"Y";"Y";"Y";"D";"D";"Y";"Y";"N";"D"
"10362";"SAN ZAI FA 6";"8781260";"IMO#";"TW";"Longline";"Longline";"B";"05/09/2026 07:19:35";"08/21/2025 15:41:31";"Chinese Taipei";"Longline";"Longline";"Y";"WCPFC";"Y";"Y";"Y";"Y";"D";"D";"Y";"Y";"Y";"D"
"8042";"SEA HAWK 2";"8791447";"IMO#";"TW";"Longline";"Longline";"N";"08/18/2026 04:21:33";"08/18/2026 04:21:16";"Chinese Taipei";"Longline";"Longline";"Y";"IATTC, WCPFC";"Y";"Y";"Y";"Y";"D";"D";"Y";"Y";"Y";"D"
"3040";"SHANG FU";"8747226";"IMO#";"NA";"Longline";"Longline";"N";"06/04/2026 00:53:56";"04/28/2016 03:34:27";"Namibia";"Longline";"Longline";"N";"";"N";"N";"N";"N";"D";"D";"N";"N";"N";"D"
"2893";"SHEN LIAN CHENG 760";"8655150";"IMO#";"CN";"Longline";"Longline";"N";"05/13/2026 18:01:40";"08/21/2025 15:46:04";"China, People's Republic of";"Longline";"Longline";"Y";"WCPFC";"Y";"Y";"Y";"Y";"D";"D";"Y";"Y";"Y";"D"
"2894";"SHEN LIAN CHENG 761";"8655162";"IMO#";"CN";"Longline";"Longline";"N";"05/13/2026 18:02:10";"08/21/2025 15:47:35";"China, People's Republic of";"Longline";"Longline";"Y";"WCPFC";"Y";"Y";"Y";"Y";"D";"D";"Y";"Y";"Y";"D"
"9856";"SHEN LIAN CHENG 781";"9821902";"IMO#";"CN";"Longline";"Longline";"N";"07/25/2026 14:54:38";"08/21/2025 15:59:45";"China, People's Republic of";"Longline";"Longline";"Y";"WCPFC";"Y";"Y";"Y";"Y";"D";"D";"Y";"Y";"Y";"D"
"9857";"SHEN LIAN CHENG 782";"9821914";"IMO#";"CN";"Longline";"Longline";"N";"07/25/2026 14:55:17";"08/21/2025 15:59:16";"China, People's Republic of";"Longline";"Longline";"Y";"WCPFC";"Y";"Y";"Y";"Y";"D";"D";"Y";"Y";"Y";"D"
"11684";"SHEN LIAN CHENG 783";"9864722";"IMO#";"CN";"Longline";"Longline";"B";"05/13/2026 18:03:56";"05/15/2025 15:37:29";"China, People's Republic of";"Longline";"Longline";"Y";"WCPFC";"Y";"Y";"Y";"Y";"D";"D";"Y";"Y";"Y";"D"
"11693";"SHEN LIAN CHENG 784";"9873589";"IMO#";"CN";"Longline";"Longline";"B";"05/13/2026 18:04:27";"08/20/2024 10:45:08";"China, People's Republic of";"Longline";"Longline";"Y";"WCPFC";"Y";"Y";"Y";"Y";"D";"D";"Y";"Y";"Y";"D"
"11694";"SHEN LIAN CHENG 785";"9873591";"IMO#";"CN";"Longline";"Longline";"B";"05/13/2026 18:05:03";"08/20/2024 10:40:00";"China, People's Republic of";"Longline";"Longline";"Y";"WCPFC";"Y";"Y";"Y";"Y";"D";"D";"Y";"Y";"Y";"D"
"11695";"SHEN LIAN CHENG 786";"9873606";"IMO#";"CN";"Longline";"Longline";"B";"05/13/2026 18:05:35";"08/20/2024 10:37:15";"China, People's Republic of";"Longline";"Longline";"Y";"WCPFC";"Y";"Y";"Y";"Y";"D";"D";"Y";"Y";"Y";"D"
"14151";"SHEN LIAN CHENG 787";"9896555";"IMO#";"CN";"Longline";"Longline";"B";"05/13/2026 18:06:20";"08/20/2024 09:34:12";"China, People's Republic of";"Longline";"Longline";"Y";"WCPFC";"Y";"Y";"Y";"Y";"D";"D";"Y";"Y";"Y";"D"
"14150";"SHEN LIAN CHENG 788";"9896581";"IMO#";"CN";"Longline";"Longline";"B";"05/13/2026 18:06:58";"08/20/2024 09:30:34";"China, People's Republic of";"Longline";"Longline";"Y";"WCPFC";"Y";"Y";"Y";"Y";"D";"D";"Y";"Y";"Y";"D"
"2887";"SHEN LIAN CHENG 881";"8663133";"IMO#";"CN";"Longline";"Longline";"N";"05/13/2026 18:07:35";"08/21/2025 16:02:37";"China, People's Republic of";"Longline";"Longline";"Y";"WCPFC";"Y";"Y";"Y";"Y";"D";"D";"Y";"Y";"Y";"D"
"2888";"SHEN LIAN CHENG 882";"8663145";"IMO#";"CN";"Longline";"Longline";"N";"05/13/2026 18:08:07";"05/15/2025 15:18:46";"China, People's Republic of";"Longline";"Longline";"Y";"WCPFC";"Y";"Y";"Y";"Y";"D";"D";"Y";"Y";"Y";"D"
"2889";"SHEN LIAN CHENG 883";"8663157";"IMO#";"CN";"Longline";"Longline";"N";"05/13/2026 18:08:36";"08/21/2025 16:05:58";"China, People's Republic of";"Longline";"Longline";"Y";"WCPFC";"Y";"Y";"Y";"Y";"D";"D";"Y";"Y";"Y";"D"
"2890";"SHEN LIAN CHENG 884";"9718313";"IMO#";"CN";"Longline";"Longline";"N";"05/13/2026 18:09:11";"06/23/2024 11:06:26";"China, People's Republic of";"Longline";"Longline";"Y";"WCPFC";"Y";"Y";"Y";"Y";"D";"D";"Y";"Y";"Y";"D"
"2891";"SHEN LIAN CHENG 885";"9718325";"IMO#";"CN";"Longline";"Longline";"N";"05/13/2026 18:09:48";"05/15/2025 15:19:36";"China, People's Republic of";"Longline";"Longline";"Y";"WCPFC";"Y";"Y";"Y";"Y";"D";"D";"Y";"Y";"Y";"D"
"11816";"SHENG CHI HUI 2";"8541024";"IMO#";"TW";"Longline";"Longline";"B";"03/07/2026 17:53:53";"11/27/2025 05:58:57";"Chinese Taipei";"Longline";"Longline";"Y";"WCPFC";"Y";"Y";"Y";"Y";"D";"D";"Y";"Y";"N";"D"
"10655";"SHENG FENG 215";"8536287";"IMO#";"TW";"Longline";"Longline";"B";"03/07/2026 17:55:28";"11/27/2025 08:07:36";"Chinese Taipei";"Longline";"Longline";"Y";"WCPFC";"Y";"Y";"Y";"Y";"D";"D";"Y";"Y";"N";"D"
"16883";"SHENG FENG 266";"8539899";"IMO#";"TW";"Longline";"Longline";"B";"03/07/2026 17:56:21";"11/27/2025 08:16:00";"Chinese Taipei";"Longline";"Longline";"Y";"WCPFC";"Y";"Y";"Y";"Y";"D";"D";"Y";"Y";"N";"D"
"11980";"SHENG FU JIN";"8555568";"IMO#";"TW";"Longline";"Longline";"B";"04/06/2026 10:52:19";"03/17/2026 07:56:22";"Chinese Taipei";"Longline";"Longline";"Y";"WCPFC";"Y";"Y";"Y";"Y";"D";"D";"Y";"Y";"N";"D"
"11807";"SHENG I TSAI 168";"8540599";"IMO#";"TW";"Longline";"Longline";"B";"08/06/2026 14:43:09";"07/17/2024 11:39:37";"Chinese Taipei";"Longline";"Longline";"Y";"WCPFC";"Y";"Y";"Y";"Y";"D";"D";"N";"Y";"Y";"D"
"15029";"SHENG I TSAI 268";"8540604";"IMO#";"TW";"Longline";"Longline";"B";"08/06/2026 14:43:55";"07/17/2024 11:38:15";"Chinese Taipei";"Longline";"Longline";"Y";"WCPFC";"Y";"Y";"Y";"Y";"D";"D";"N";"Y";"Y";"D"
"15393";"SHENG I TSAI 313";"8540678";"IMO#";"TW";"Longline";"Longline";"B";"02/20/2026 13:49:01";"07/17/2024 11:28:27";"Chinese Taipei";"Longline";"Longline";"N";"";"N";"N";"N";"N";"D";"D";"N";"N";"N";"D"
"15027";"SHENG I TSAI 368";"8545410";"IMO#";"TW";"Longline";"Longline";"B";"08/06/2026 14:44:27";"07/17/2024 11:23:17";"Chinese Taipei";"Longline";"Longline";"Y";"WCPFC";"Y";"Y";"Y";"Y";"D";"D";"N";"Y";"Y";"D"
"16902";"SHENG I TSAI 668";"8540719";"IMO#";"TW";"Longline";"Longline";"B";"04/06/2026 15:49:29";"03/18/2026 09:12:58";"Chinese Taipei";"Longline";"Longline";"Y";"WCPFC";"Y";"Y";"Y";"Y";"D";"D";"Y";"Y";"N";"D"
"15025";"SHENG I TSAI 868";"8540616";"IMO#";"TW";"Longline";"Longline";"B";"06/22/2026 02:38:00";"07/17/2024 11:25:35";"Chinese Taipei";"Longline";"Longline";"Y";"WCPFC";"Y";"Y";"Y";"Y";"D";"D";"Y";"Y";"Y";"D"
"15394";"SHENG I TSAI 888";"8540628";"IMO#";"TW";"Longline";"Longline";"B";"06/27/2026 20:05:29";"07/17/2024 11:19:33";"Chinese Taipei";"Longline";"Longline";"Y";"WCPFC";"Y";"Y";"Y";"Y";"D";"D";"Y";"Y";"Y";"D"
"11743";"SHENG LIAN SHIANG 1";"8523917";"IMO#";"TW";"Longline";"Longline";"B";"06/22/2026 02:55:26";"07/19/2024 16:17:30";"Chinese Taipei";"Longline";"Longline";"Y";"WCPFC";"Y";"Y";"Y";"Y";"D";"D";"N";"Y";"Y";"D"
"1648";"SHENG MAO 222";"8648406";"IMO#";"TW";"Longline";"Longline";"N";"08/23/2026 18:42:53";"08/23/2026 18:42:41";"Chinese Taipei";"Longline";"Longline";"Y";"ICCAT";"Y";"Y";"Y";"Y";"D";"D";"Y";"Y";"Y";"D"
"15454";"SHENG YI CAI 113";"8540197";"IMO#";"TW";"Longline";"Longline";"B";"05/09/2026 07:23:14";"03/16/2026 06:34:21";"Chinese Taipei";"Longline";"Longline";"Y";"WCPFC";"Y";"Y";"Y";"Y";"D";"D";"N";"Y";"Y";"D"
"15455";"SHENG YI CAI 166";"8540587";"IMO#";"TW";"Longline";"Longline";"B";"07/15/2026 07:20:34";"07/19/2024 16:09:33";"Chinese Taipei";"Longline";"Longline";"Y";"WCPFC";"Y";"Y";"Y";"N";"D";"D";"N";"Y";"Y";"D"
"15028";"SHENG YI CAI 33";"8540575";"IMO#";"TW";"Longline";"Longline";"B";"06/26/2026 15:54:27";"07/19/2024 16:06:46";"Chinese Taipei";"Longline";"Longline";"Y";"WCPFC";"Y";"Y";"Y";"Y";"D";"D";"N";"Y";"Y";"D"
"11840";"SHENQ BAO FA 168";"8546543";"IMO#";"TW";"Longline";"Longline";"B";"06/25/2026 15:39:03";"03/20/2026 04:18:22";"Chinese Taipei";"Longline";"Longline";"Y";"WCPFC";"Y";"Y";"Y";"Y";"D";"D";"Y";"Y";"Y";"D"
"10247";"SHIN JAAN SHIN";"8790819";"IMO#";"TW";"Longline";"Longline";"N";"06/25/2026 15:38:06";"05/20/2026 04:18:01";"Chinese Taipei";"Longline";"Longline";"Y";"IATTC, WCPFC";"Y";"Y";"Y";"Y";"D";"D";"Y";"Y";"Y";"D"
"10275";"SHIN JAAN SHIN 7";"8792984";"IMO#";"TW";"Longline";"Longline";"N";"07/25/2026 12:20:50";"04/21/2026 07:35:41";"Chinese Taipei";"Longline";"Longline";"Y";"IATTC, WCPFC";"Y";"Y";"Y";"Y";"D";"D";"N";"Y";"Y";"D"
"10348";"SHIN JYI WANG 6";"8792685";"IMO#";"TW";"Longline";"Longline";"N";"06/26/2026 15:59:08";"07/19/2024 15:58:42";"Chinese Taipei";"Longline";"Longline";"Y";"IATTC, WCPFC";"Y";"Y";"Y";"Y";"D";"D";"N";"Y";"Y";"D"
"10557";"SHIN LIAN FA 338";"8789262";"IMO#";"TW";"Longline";"Longline";"B";"01/23/2026 15:03:27";"05/06/2025 12:46:16";"Chinese Taipei";"Longline";"Longline";"Y";"IOTC";"NA";"Y";"Y";"Y";"D";"D";"Y";"Y";"Y";"D"
"10558";"SHIN LIAN FA 36";"8789248";"IMO#";"TW";"Longline";"Longline";"B";"08/06/2026 16:26:56";"08/06/2026 16:26:40";"Chinese Taipei";"Longline";"Longline";"Y";"IOTC";"NA";"Y";"Y";"Y";"D";"D";"Y";"Y";"Y";"D"
"16898";"SHIN SHENG CHING 1";"8543113";"IMO#";"TW";"Longline";"Longline";"B";"06/25/2026 11:44:36";"04/19/2024 09:41:06";"Chinese Taipei";"Longline";"Longline";"Y";"WCPFC";"Y";"Y";"Y";"Y";"D";"D";"Y";"Y";"Y";"D"
"16897";"SHIN SHENG CHING 18";"8530805";"IMO#";"TW";"Longline";"Longline";"B";"06/25/2026 11:45:04";"04/19/2024 10:09:11";"Chinese Taipei";"Longline";"Longline";"Y";"WCPFC";"Y";"Y";"Y";"Y";"D";"D";"Y";"Y";"Y";"D"
"12021";"SHIN SHENG CHING 99";"8790613";"IMO#";"TW";"Longline";"Longline";"B";"06/25/2026 11:45:34";"08/20/2025 11:32:20";"Chinese Taipei";"Longline";"Longline";"Y";"WCPFC";"Y";"Y";"Y";"Y";"D";"D";"Y";"Y";"Y";"D"
"10551";"SHIN SHUEN FAR";"8782458";"IMO#";"TW";"Longline";"Longline";"B";"03/06/2026 17:35:37";"11/28/2025 07:32:11";"Chinese Taipei";"Longline";"Longline";"Y";"IOTC";"NA";"Y";"Y";"Y";"D";"D";"Y";"Y";"Y";"D"
"2904";"SHIN SHUEN FAR 16";"8749547";"IMO#";"TW";"Longline";"Longline";"N";"03/06/2026 17:36:32";"11/28/2025 07:43:00";"Chinese Taipei";"Longline";"Longline";"Y";"IOTC";"NA";"Y";"Y";"Y";"D";"D";"Y";"Y";"Y";"D"
"9866";"SHIN SHUEN FAR 388";"9823182";"IMO#";"TW";"Longline";"Longline";"N";"03/06/2026 17:37:07";"11/28/2025 07:55:05";"Chinese Taipei";"Longline";"Longline";"Y";"IOTC";"NA";"Y";"Y";"Y";"D";"D";"Y";"Y";"Y";"D"
"2905";"SHIN SHUEN FAR 668";"9627318";"IMO#";"TW";"Longline";"Longline";"N";"03/06/2026 17:37:39";"11/28/2025 08:09:03";"Chinese Taipei";"Longline";"Longline";"Y";"IOTC";"NA";"Y";"Y";"Y";"D";"D";"Y";"Y";"Y";"D"
"2906";"SHIN SHUEN FAR 688";"9691993";"IMO#";"TW";"Longline";"Longline";"N";"03/06/2026 17:38:07";"11/28/2025 08:40:41";"Chinese Taipei";"Longline";"Longline";"Y";"IOTC";"NA";"Y";"Y";"Y";"D";"D";"Y";"Y";"Y";"D"
"9867";"SHIN SHUEN FAR 699";"9823170";"IMO#";"TW";"Longline";"Longline";"N";"03/06/2026 17:38:53";"11/28/2025 09:23:02";"Chinese Taipei";"Longline";"Longline";"Y";"IOTC";"NA";"Y";"Y";"Y";"D";"D";"Y";"Y";"Y";"D"
"9868";"SHIN SHUEN FAR 889";"9787431";"IMO#";"TW";"Longline";"Longline";"N";"03/06/2026 17:39:27";"12/04/2025 02:51:45";"Chinese Taipei";"Longline";"Longline";"Y";"IOTC";"NA";"Y";"Y";"Y";"D";"D";"Y";"Y";"Y";"D"
"11814";"SHIN YUA FU 111";"8540991";"IMO#";"TW";"Longline";"Longline";"B";"06/26/2026 16:03:45";"07/19/2024 15:52:39";"Chinese Taipei";"Longline";"Longline";"Y";"WCPFC";"Y";"Y";"Y";"Y";"D";"D";"N";"Y";"Y";"D"
"1682";"SHIN YUNG 51";"8714231";"IMO#";"KR";"Longline";"Longline";"N";"07/15/2026 16:26:10";"07/15/2026 16:25:52";"Korea, Republic of";"Longline";"Longline";"Y";"IATTC, WCPFC";"Y";"Y";"Y";"Y";"D";"D";"Y";"Y";"Y";"D"
"1683";"SHIN YUNG 52";"8717984";"IMO#";"KR";"Longline";"Longline";"N";"07/07/2026 16:29:15";"07/07/2026 13:54:26";"Korea, Republic of";"Longline";"Longline";"Y";"IATTC, WCPFC";"Y";"Y";"Y";"Y";"D";"D";"Y";"Y";"Y";"D"
"1686";"SHIN YUNG 56";"8619326";"IMO#";"KR";"Longline";"Longline";"N";"07/15/2026 16:28:41";"07/15/2026 16:28:18";"Korea, Republic of";"Longline";"Longline";"Y";"WCPFC";"Y";"Y";"Y";"Y";"D";"D";"Y";"Y";"Y";"D"
"7848";"SHUI HO CHENG";"8780967";"IMO#";"TW";"Longline";"Longline";"N";"03/07/2026 17:54:36";"08/21/2024 14:31:27";"Chinese Taipei";"Longline";"Longline";"Y";"WCPFC";"Y";"Y";"Y";"Y";"D";"D";"Y";"Y";"N";"D"
"7849";"SHUI HO CHENG 3";"8780979";"IMO#";"TW";"Longline";"Longline";"N";"06/24/2026 06:48:24";"06/09/2025 21:09:33";"Chinese Taipei";"Longline";"Longline";"Y";"IOTC";"NA";"Y";"Y";"Y";"D";"D";"Y";"Y";"Y";"D"
"11119";"SHUI HO CHENG 5";"8790431";"IMO#";"TW";"Longline";"Longline";"B";"06/24/2026 06:48:54";"08/19/2025 20:43:11";"Chinese Taipei";"Longline";"Longline";"Y";"IOTC";"NA";"Y";"Y";"Y";"D";"D";"Y";"Y";"Y";"D"
"10613";"SHUI HO CHENG 6";"8530269";"IMO#";"TW";"Longline";"Longline";"B";"06/26/2026 16:06:09";"07/19/2024 15:49:24";"Chinese Taipei";"Longline";"Longline";"Y";"WCPFC";"Y";"Y";"Y";"Y";"D";"D";"N";"Y";"Y";"D"
"10355";"SHUI HO CHENG 8";"8795405";"IMO#";"TW";"Longline";"Longline";"N";"06/26/2026 16:07:25";"07/19/2024 15:47:31";"Chinese Taipei";"Longline";"Longline";"Y";"WCPFC";"Y";"Y";"Y";"Y";"D";"D";"N";"Y";"Y";"D"
"3604";"SHUN FENG 12";"9761114";"IMO#";"TW";"Longline";"Longline";"N";"03/06/2026 17:51:55";"11/24/2025 02:12:39";"Chinese Taipei";"Longline";"Longline";"Y";"IOTC";"NA";"Y";"Y";"Y";"D";"D";"Y";"Y";"Y";"D"
"9886";"SHUN FENG 18";"9815288";"IMO#";"TW";"Longline";"Longline";"N";"03/06/2026 17:39:53";"11/24/2025 02:58:49";"Chinese Taipei";"Longline";"Longline";"Y";"IOTC";"NA";"Y";"Y";"Y";"D";"D";"Y";"Y";"Y";"D"
"7850";"SHUN FENG 8";"8780876";"IMO#";"TW";"Longline";"Longline";"N";"03/06/2026 17:52:36";"11/24/2025 01:56:13";"Chinese Taipei";"Longline";"Longline";"Y";"IOTC";"NA";"Y";"Y";"Y";"D";"D";"Y";"Y";"Y";"D"
"13359";"SHUN RONG 8";"8563058";"IMO#";"TW";"Longline";"Longline";"B";"05/03/2026 18:29:14";"06/28/2023 10:49:50";"Chinese Taipei";"Longline";"Longline";"N";"";"N";"N";"N";"N";"D";"D";"N";"N";"N";"D"
"18793";"SHUN SHENG 398";"9990985";"IMO#";"TW";"Longline";"Longline";"B";"08/17/2026 16:26:44";"08/17/2026 16:26:33";"Chinese Taipei";"Longline";"Longline";"Y";"IOTC";"NA";"Y";"Y";"Y";"D";"D";"Y";"Y";"Y";"D"
"12068";"SHUN SHENG 588";"9850939";"IMO#";"TW";"Longline";"Longline";"B";"06/15/2026 13:58:38";"07/19/2024 15:04:40";"Chinese Taipei";"Longline";"Longline";"IP";"";"IP";"IP";"IP";"IP";"D";"D";"IP";"IP";"IP";"D"
"17925";"SHUN SHENG 688";"9931018";"IMO#";"TW";"Longline";"Longline";"B";"08/17/2026 16:27:46";"08/17/2026 16:27:31";"Chinese Taipei";"Longline";"Longline";"Y";"IOTC";"NA";"Y";"Y";"Y";"D";"D";"Y";"Y";"Y";"D"
"15503";"SHUN WUN FA 168";"8530776";"IMO#";"TW";"Longline";"Longline";"B";"05/10/2024 13:33:08";"03/10/2022 18:16:26";"Chinese Taipei";"Longline";"Longline";"IP";"";"IP";"IP";"IP";"IP";"D";"D";"IP";"IP";"IP";"D"
"12020";"SHUN YING";"8790601";"IMO#";"TW";"Longline";"Longline";"B";"07/27/2026 18:21:49";"03/16/2026 03:58:14";"Chinese Taipei";"Longline";"Longline";"Y";"IOTC";"NA";"Y";"Y";"Y";"D";"D";"Y";"Y";"Y";"D"
"9884";"SHUNDA 8";"9813917";"IMO#";"CN";"Longline";"Longline";"N";"03/07/2026 16:07:48";"10/20/2025 08:06:27";"China, People's Republic of";"Longline";"Longline";"Y";"IATTC, WCPFC";"Y";"Y";"Y";"Y";"D";"D";"Y";"Y";"Y";"D"
"9885";"SHUNDA 9";"9813929";"IMO#";"CN";"Longline";"Longline";"N";"03/07/2026 16:08:41";"10/20/2025 08:06:27";"China, People's Republic of";"Longline";"Longline";"Y";"IATTC, WCPFC";"Y";"Y";"Y";"Y";"D";"D";"Y";"Y";"Y";"D"
"17739";"SIDO UNGGUL JAYA 1";"8563515";"IMO#";"ID";"Longline";"Longline";"B";"07/22/2026 14:32:31";"07/01/2026 06:17:37";"Indonesia";"Longline";"Longline";"Y";"IOTC";"Y";"Y";"Y";"Y";"D";"D";"Y";"Y";"Y";"D"
"11761";"SIN SAN CHING 101";"8530843";"IMO#";"TW";"Longline";"Longline";"B";"06/25/2026 11:46:06";"04/19/2024 10:33:01";"Chinese Taipei";"Longline";"Longline";"Y";"WCPFC";"Y";"Y";"Y";"Y";"D";"D";"Y";"Y";"Y";"D"
"7851";"SING MAN YI";"8777843";"IMO#";"TW";"Longline";"Longline";"N";"04/10/2026 11:19:10";"03/19/2026 08:40:08";"Chinese Taipei";"Longline";"Longline";"Y";"WCPFC";"Y";"Y";"Y";"Y";"D";"D";"Y";"Y";"Y";"D"
"12082";"SING MAN YI 188";"9887138";"IMO#";"TW";"Longline";"Longline";"B";"11/29/2024 17:16:00";"07/02/2024 16:23:48";"Chinese Taipei";"Longline";"Longline";"Y";"IATTC, WCPFC";"Y";"Y";"Y";"Y";"D";"D";"Y";"Y";"Y";"D"
"7852";"SING MAN YI 3";"8777829";"IMO#";"TW";"Longline";"Longline";"N";"08/23/2026 18:48:36";"08/23/2026 18:48:20";"Chinese Taipei";"Longline";"Longline";"Y";"WCPFC";"Y";"Y";"Y";"Y";"D";"D";"Y";"Y";"Y";"D"
"7853";"SING MAN YI 6";"8777831";"IMO#";"TW";"Longline";"Longline";"N";"08/23/2026 18:50:29";"08/23/2026 18:50:17";"Chinese Taipei";"Longline";"Longline";"Y";"WCPFC";"Y";"Y";"Y";"Y";"D";"D";"Y";"Y";"Y";"D"
"10711";"SNB 101";"8717817";"IMO#";"KR";"Longline";"Longline";"N";"10/02/2025 15:04:22";"05/26/2025 05:29:20";"Korea, Republic of";"Longline";"Longline";"Y";"IATTC, WCPFC";"Y";"Y";"Y";"Y";"D";"D";"Y";"Y";"N";"D"
"10708";"SNB 201";"8714126";"IMO#";"KR";"Longline";"Longline";"N";"01/23/2026 10:32:57";"05/26/2025 05:29:20";"Korea, Republic of";"Longline";"Longline";"Y";"IATTC, WCPFC";"Y";"Y";"Y";"Y";"D";"D";"Y";"Y";"N";"D"
"2828";"SUNSHINE 16";"8748919";"IMO#";"FJ";"Longline";"Longline";"N";"08/17/2026 16:32:01";"08/17/2026 16:31:49";"Fiji";"Longline";"Longline";"Y";"WCPFC";"Y";"Y";"Y";"Y";"D";"D";"Y";"Y";"Y";"D"
"2827";"SUNSHINE 18";"8748971";"IMO#";"FJ";"Longline";"Longline";"N";"08/17/2026 23:10:46";"08/17/2026 23:10:32";"Fiji";"Longline";"Longline";"Y";"WCPFC";"Y";"Y";"Y";"Y";"D";"D";"Y";"Y";"Y";"D"
"2964";"SUNSHINE 8";"8749937";"IMO#";"FJ";"Longline";"Longline";"N";"08/21/2026 02:09:24";"08/21/2026 02:09:09";"Fiji";"Longline";"Longline";"Y";"WCPFC";"Y";"Y";"Y";"Y";"D";"D";"Y";"Y";"Y";"D"
"2845";"SUNSHINE 88";"8748995";"IMO#";"FJ";"Longline";"Longline";"N";"08/17/2026 23:30:37";"08/17/2026 23:30:19";"Fiji";"Longline";"Longline";"Y";"WCPFC";"Y";"Y";"Y";"Y";"D";"D";"Y";"Y";"Y";"D"
"2968";"SUNSTAR 6";"8647517";"IMO#";"CN";"Longline";"Longline";"N";"08/23/2026 18:53:04";"08/23/2026 18:52:48";"China, People's Republic of";"Longline";"Longline";"Y";"IATTC, WCPFC";"Y";"Y";"Y";"Y";"D";"D";"Y";"Y";"Y";"D"
"2969";"SUNSTAR 7";"8647529";"IMO#";"CN";"Longline";"Longline";"N";"08/23/2026 18:54:07";"08/23/2026 18:53:51";"China, People's Republic of";"Longline";"Longline";"Y";"IATTC, WCPFC";"Y";"Y";"Y";"Y";"D";"D";"Y";"Y";"Y";"D"
"10722";"TENN FA LI 8";"8537463";"IMO#";"TW";"Longline";"Longline";"N";"06/27/2026 14:31:24";"07/19/2024 14:56:10";"Chinese Taipei";"Longline";"Longline";"Y";"IATTC, WCPFC";"Y";"Y";"Y";"Y";"D";"D";"N";"Y";"Y";"D"
"7854";"TENN MING YANG 101";"8778823";"IMO#";"TW";"Longline";"Longline";"N";"08/17/2026 14:01:30";"08/17/2026 14:01:15";"Chinese Taipei";"Longline";"Longline";"Y";"IOTC, WCPFC";"Y";"Y";"Y";"Y";"D";"D";"Y";"Y";"Y";"D"
"7855";"TENN MING YANG 168";"8778835";"IMO#";"TW";"Longline";"Longline";"N";"08/17/2026 14:02:05";"08/17/2026 14:01:52";"Chinese Taipei";"Longline";"Longline";"Y";"IOTC, WCPFC";"Y";"Y";"Y";"Y";"D";"D";"Y";"Y";"Y";"D"
"7814";"TENN MING YANG 301";"8780890";"IMO#";"TW";"Longline";"Longline";"N";"06/23/2026 08:21:05";"06/10/2026 08:27:17";"Chinese Taipei";"Longline";"Longline";"Y";"IOTC";"NA";"Y";"Y";"Y";"D";"D";"Y";"Y";"Y";"D"
"7815";"TENN MING YANG 303";"8780905";"IMO#";"TW";"Longline";"Longline";"N";"06/23/2026 07:55:38";"06/10/2026 08:22:33";"Chinese Taipei";"Longline";"Longline";"Y";"IOTC";"NA";"Y";"Y";"Y";"D";"D";"Y";"Y";"Y";"D"
"7857";"TENN MING YANG 368";"8778859";"IMO#";"TW";"Longline";"Longline";"N";"08/17/2026 14:02:54";"08/17/2026 14:02:32";"Chinese Taipei";"Longline";"Longline";"Y";"IOTC, WCPFC";"Y";"Y";"Y";"Y";"D";"D";"Y";"Y";"Y";"D"
"11764";"TENN MING YANG 601";"8530910";"IMO#";"TW";"Longline";"Longline";"B";"06/25/2026 11:42:38";"05/15/2026 03:12:41";"Chinese Taipei";"Longline";"Longline";"Y";"WCPFC";"Y";"Y";"Y";"Y";"D";"D";"Y";"Y";"Y";"D"
"7858";"TENN MING YANG 668";"8778885";"IMO#";"TW";"Longline";"Longline";"N";"08/17/2026 14:03:51";"08/17/2026 14:03:29";"Chinese Taipei";"Longline";"Longline";"Y";"IOTC, WCPFC";"Y";"Y";"Y";"Y";"D";"D";"Y";"Y";"Y";"D"
"7859";"TENN MING YANG 688";"8778897";"IMO#";"TW";"Longline";"Longline";"N";"08/17/2026 14:04:40";"08/17/2026 14:04:28";"Chinese Taipei";"Longline";"Longline";"Y";"IOTC";"NA";"Y";"Y";"Y";"D";"D";"Y";"Y";"Y";"D"
"7860";"TENN MING YANG 888";"8778861";"IMO#";"TW";"Longline";"Longline";"N";"08/17/2026 14:08:26";"08/17/2026 14:08:11";"Chinese Taipei";"Longline";"Longline";"Y";"IOTC";"NA";"Y";"Y";"Y";"D";"D";"Y";"Y";"Y";"D"
"7861";"TENN MING YANG 889";"8778873";"IMO#";"TW";"Longline";"Longline";"N";"10/09/2025 11:33:50";"08/19/2025 20:49:00";"Chinese Taipei";"Longline";"Longline";"Y";"IOTC";"NA";"Y";"Y";"Y";"D";"D";"Y";"Y";"Y";"D"
"17532";"THETIS";"9912048";"IMO#";"SC";"Longline";"Longline";"B";"03/06/2026 17:53:31";"11/24/2025 03:11:57";"Seychelles";"Longline";"Longline";"Y";"IOTC";"Y";"Y";"Y";"Y";"D";"D";"Y";"Y";"Y";"D"
"11766";"TIAN HER FA";"8530958";"IMO#";"TW";"Longline";"Longline";"B";"06/25/2026 15:51:26";"03/16/2026 06:00:49";"Chinese Taipei";"Longline";"Longline";"Y";"";"NA";"Y";"Y";"Y";"D";"D";"Y";"Y";"N";"D"
"2995";"TIAN XIANG 168";"9674751";"IMO#";"CN";"Longline";"Longline";"N";"01/10/2025 10:25:21";"04/28/2016 03:34:27";"China, People's Republic of";"Longline";"Longline";"Y";"WCPFC";"Y";"Y";"Y";"Y";"D";"D";"Y";"Y";"Y";"D"
"11944";"TIEN FA TSAIR 99";"8553027";"IMO#";"TW";"Longline";"Longline";"B";"07/10/2026 16:04:11";"07/19/2024 11:17:57";"Chinese Taipei";"Longline";"Longline";"Y";"WCPFC";"Y";"Y";"Y";"Y";"D";"D";"N";"Y";"Y";"D"
"3011";"TONINA 3";"8821565";"IMO#";"KR";"Longline";"Longline";"N";"01/23/2026 10:35:47";"08/21/2024 10:46:27";"Korea, Republic of";"Longline";"Longline";"Y";"IATTC, WCPFC";"Y";"Y";"Y";"Y";"D";"D";"Y";"Y";"N";"D"
"3012";"TONINA 5";"9001423";"IMO#";"KR";"Longline";"Longline";"N";"01/23/2026 10:36:13";"08/21/2024 10:48:26";"Korea, Republic of";"Longline";"Longline";"Y";"IATTC, WCPFC";"Y";"Y";"Y";"Y";"D";"D";"Y";"Y";"N";"D"
"3015";"TRACEY C";"8976994";"IMO#";"US";"Longline";"Longline";"N";"11/29/2024 12:26:38";"08/25/2024 01:45:36";"United States of America";"Longline";"Longline";"Y";"WCPFC";"Y";"Y";"Y";"Y";"D";"D";"Y";"Y";"N";"D"
"3019";"TUNAGO 51";"9230608";"IMO#";"VU";"Longline";"Longline";"N";"08/23/2024 07:59:57";"06/28/2023 11:34:17";"Vanuatu";"Longline";"Longline";"Y";"IATTC, WCPFC";"Y";"Y";"Y";"Y";"D";"D";"Y";"Y";"Y";"D"
"3020";"TUNAGO 52";"9230610";"IMO#";"VU";"Longline";"Longline";"N";"08/23/2024 08:00:35";"06/28/2023 11:48:33";"Vanuatu";"Longline";"Longline";"Y";"IATTC, WCPFC";"Y";"Y";"Y";"Y";"D";"D";"Y";"Y";"Y";"D"
"3022";"TUNAGO 62";"9260225";"IMO#";"VU";"Longline";"Longline";"N";"07/03/2026 14:10:41";"06/28/2023 11:54:00";"Vanuatu";"Longline";"Longline";"Y";"IATTC, WCPFC";"Y";"Y";"Y";"Y";"D";"D";"Y";"Y";"Y";"D"
"15511";"ULYSSE 2";"8589088";"IMO#";"PF";"Longline";"Longline";"B";"08/18/2026 04:20:13";"08/18/2026 04:19:57";"French Polynesia";"Longline";"Longline";"N";"NA(EEZ)";"NA";"N";"N";"Y";"D";"D";"N";"Y";"Y";"D"
"15510";"ULYSSE ONE";"8589076";"IMO#";"PF";"Longline";"Longline";"B";"08/18/2026 04:23:30";"08/18/2026 04:23:15";"French Polynesia";"Longline";"Longline";"N";"NA(EEZ)";"NA";"N";"Y";"Y";"D";"D";"N";"Y";"Y";"D"
"8467";"VALEROSA";"9732175";"IMO#";"PA";"Longline";"Longline";"N";"08/25/2026 03:04:17";"08/25/2026 03:03:00";"Panama";"Longline";"Longline";"Y";"IATTC";"Y";"Y";"Y";"Y";"D";"D";"Y";"Y";"Y";"D"
"10375";"WEI DE 6";"9843120";"IMO#";"TW";"Longline";"Longline";"B";"08/17/2026 13:38:05";"08/17/2026 13:37:51";"Chinese Taipei";"Longline";"Longline";"Y";"IOTC";"NA";"Y";"Y";"Y";"D";"D";"Y";"Y";"Y";"D"
"17948";"WEN CHANG FA";"8672990";"IMO#";"TW";"Longline";"Longline";"B";"08/17/2026 16:33:52";"08/17/2026 16:33:34";"Chinese Taipei";"Longline";"Longline";"Y";"IOTC";"NA";"Y";"Y";"Y";"D";"D";"Y";"Y";"Y";"D"
"7863";"WEN DAR";"8780981";"IMO#";"TW";"Longline";"Longline";"N";"07/24/2026 17:56:35";"07/10/2024 06:41:40";"Chinese Taipei";"Longline";"Longline";"Y";"WCPFC";"Y";"Y";"Y";"Y";"D";"D";"Y";"Y";"Y";"D"
"7864";"WEN DAR 36";"8781002";"IMO#";"TW";"Longline";"Longline";"N";"07/25/2026 01:49:51";"05/20/2024 09:22:26";"Chinese Taipei";"Longline";"Longline";"Y";"WCPFC";"Y";"Y";"Y";"Y";"D";"D";"N";"Y";"Y";"D"
"7865";"WEN DAR 666";"8777867";"IMO#";"TW";"Longline";"Longline";"N";"07/25/2026 01:55:29";"05/20/2024 09:59:53";"Chinese Taipei";"Longline";"Longline";"Y";"WCPFC";"Y";"Y";"Y";"Y";"D";"D";"Y";"Y";"Y";"D"
"11786";"WEN DAR 818";"8535661";"IMO#";"TW";"Longline";"Longline";"B";"08/17/2026 16:34:45";"08/17/2026 16:34:31";"Chinese Taipei";"Longline";"Longline";"Y";"IOTC";"NA";"Y";"Y";"Y";"D";"D";"Y";"Y";"Y";"D"
"7866";"WEN DER 106";"8781014";"IMO#";"TW";"Longline";"Longline";"N";"08/17/2026 16:35:21";"08/17/2026 16:35:07";"Chinese Taipei";"Longline";"Longline";"Y";"IOTC";"NA";"Y";"Y";"Y";"D";"D";"Y";"Y";"Y";"D"
"12040";"WEN HUNG 668";"8791710";"IMO#";"TW";"Longline";"Longline";"B";"12/03/2025 18:36:54";"05/08/2023 03:12:06";"Chinese Taipei";"Longline";"Longline";"Y";"IOTC";"NA";"Y";"Y";"Y";"D";"D";"Y";"Y";"Y";"D"
"7823";"WEN HUNG 688";"8780826";"IMO#";"TW";"Longline";"Longline";"N";"08/06/2026 16:28:03";"08/06/2026 16:27:42";"Chinese Taipei";"Longline";"Longline";"Y";"IOTC";"NA";"Y";"Y";"Y";"D";"D";"Y";"Y";"Y";"D"
"18270";"WEN HUNG DAR";"9857597";"IMO#";"TW";"Longline";"Longline";"B";"08/17/2026 16:36:03";"08/17/2026 16:35:52";"Chinese Taipei";"Longline";"Longline";"Y";"IOTC";"NA";"Y";"Y";"Y";"D";"D";"Y";"Y";"Y";"D"
"17947";"WEN WANG FA";"9784764";"IMO#";"TW";"Longline";"Longline";"B";"07/02/2026 17:25:35";"07/02/2026 17:25:18";"Chinese Taipei";"Longline";"Longline";"Y";"IOTC";"NA";"Y";"Y";"Y";"D";"D";"Y";"Y";"Y";"D"
"10100";"WINFULL 1";"8696831";"IMO#";"FJ";"Longline";"Longline";"N";"03/03/2026 10:57:01";"11/19/2025 02:33:05";"Fiji";"Longline";"Longline";"Y";"WCPFC";"Y";"Y";"Y";"Y";"D";"D";"Y";"Y";"Y";"D"
"18181";"WINFULL 181";"1038078";"IMO#";"FJ";"Longline";"Longline";"B";"08/22/2024 16:59:56";"05/06/2024 09:40:00";"Fiji";"Longline";"Longline";"Y";"WCPFC, NA(EEZ)";"Y";"Y";"Y";"Y";"D";"D";"Y";"Y";"N";"D"
"18187";"WINFULL 182";"1038080";"IMO#";"FJ";"Longline";"Longline";"B";"08/22/2024 17:00:45";"05/06/2024 10:31:18";"Fiji";"Longline";"Longline";"Y";"WCPFC, NA(EEZ)";"Y";"Y";"Y";"Y";"D";"D";"Y";"Y";"N";"D"
"18188";"WINFULL 186";"1038107";"IMO#";"FJ";"Longline";"Longline";"B";"08/22/2024 17:01:29";"05/06/2024 14:06:48";"Fiji";"Longline";"Longline";"Y";"WCPFC, NA(EEZ)";"Y";"Y";"Y";"Y";"D";"D";"Y";"Y";"N";"D"
"18189";"WINFULL 188";"1038119";"IMO#";"FJ";"Longline";"Longline";"B";"08/22/2024 17:02:15";"05/06/2024 18:46:36";"Fiji";"Longline";"Longline";"Y";"WCPFC";"Y";"Y";"Y";"Y";"D";"D";"Y";"Y";"N";"D"
"10101";"WINFULL 2";"8696843";"IMO#";"FJ";"Longline";"Longline";"N";"03/03/2026 10:57:55";"11/19/2025 02:33:05";"Fiji";"Longline";"Longline";"Y";"WCPFC";"Y";"Y";"Y";"Y";"D";"D";"Y";"Y";"Y";"D"
"15157";"WINFULL 31";"8458887";"IMO#";"FJ";"Longline";"Longline";"B";"03/03/2026 10:58:54";"11/19/2025 02:33:05";"Fiji";"Longline";"Longline";"Y";"WCPFC";"Y";"Y";"Y";"Y";"D";"D";"Y";"Y";"Y";"D"
"15158";"WINFULL 32";"8458899";"IMO#";"FJ";"Longline";"Longline";"B";"03/03/2026 10:59:38";"11/19/2025 02:33:05";"Fiji";"Longline";"Longline";"Y";"WCPFC";"Y";"Y";"Y";"Y";"D";"D";"Y";"Y";"N";"D"
"18440";"WINFULL 36";"9939010";"IMO#";"FJ";"Longline";"Longline";"B";"03/03/2026 11:00:15";"11/19/2025 02:33:05";"Fiji";"Longline";"Longline";"Y";"WCPFC";"Y";"Y";"Y";"Y";"D";"D";"Y";"Y";"N";"D"
"18441";"WINFULL 38";"9939022";"IMO#";"FJ";"Longline";"Longline";"B";"03/03/2026 11:00:56";"11/19/2025 02:33:05";"Fiji";"Longline";"Longline";"Y";"WCPFC";"Y";"Y";"Y";"Y";"D";"D";"Y";"Y";"Y";"D"
"10102";"WINFULL 8";"8650760";"IMO#";"FJ";"Longline";"Longline";"N";"03/03/2026 11:01:39";"11/19/2025 02:33:05";"Fiji";"Longline";"Longline";"Y";"WCPFC";"Y";"Y";"Y";"Y";"D";"D";"Y";"Y";"Y";"D"
"3053";"WINNING 6";"8748945";"IMO#";"FJ";"Longline";"Longline";"N";"08/09/2025 08:34:00";"07/16/2024 10:11:33";"Fiji";"Longline";"Longline";"Y";"WCPFC";"Y";"Y";"Y";"Y";"D";"D";"Y";"Y";"Y";"D"
"3050";"WINSTAR 1";"9274422";"IMO#";"FJ";"Longline";"Longline";"N";"03/03/2026 10:56:00";"11/19/2025 02:33:05";"Fiji";"Longline";"Longline";"Y";"WCPFC";"Y";"Y";"Y";"Y";"D";"D";"Y";"Y";"Y";"D"
"7867";"WOEN DAR 168";"8781026";"IMO#";"TW";"Longline";"Longline";"N";"08/14/2026 17:47:13";"05/20/2024 09:43:02";"Chinese Taipei";"Longline";"Longline";"IP";"";"NA";"IP";"IP";"IP";"D";"D";"IP";"IP";"IP";"D"
"10108";"WOENFULL 668";"9816945";"IMO#";"SC";"Longline";"Longline";"N";"03/06/2026 18:02:20";"09/12/2025 09:30:50";"Seychelles";"Longline";"Longline";"Y";"IOTC";"Y";"Y";"Y";"Y";"D";"D";"Y";"Y";"Y";"D"
"10115";"XIN SHI JI 158";"8672225";"IMO#";"CN";"Longline";"Longline";"N";"08/12/2026 11:51:09";"08/06/2026 08:50:30";"China, People's Republic of";"Longline";"Longline";"Y";"WCPFC";"Y";"Y";"Y";"Y";"D";"D";"Y";"Y";"Y";"D"
"3062";"XIN SHI JI 17";"8651269";"IMO#";"CN";"Longline";"Longline";"N";"11/21/2024 13:47:39";"11/06/2024 08:03:24";"China, People's Republic of";"Longline";"Longline";"Y";"IATTC, WCPFC";"Y";"Y";"Y";"Y";"D";"D";"Y";"Y";"Y";"D"
"3065";"XIN SHI JI 203";"9663594";"IMO#";"CN";"Longline";"Longline";"N";"08/13/2026 20:01:18";"08/06/2026 09:01:46";"China, People's Republic of";"Longline";"Longline";"Y";"WCPFC";"Y";"Y";"Y";"Y";"D";"D";"Y";"Y";"Y";"D"
"10117";"XIN SHI JI 208";"9775878";"IMO#";"CN";"Longline";"Longline";"N";"08/13/2026 20:14:19";"08/06/2026 09:01:46";"China, People's Republic of";"Longline";"Longline";"Y";"WCPFC";"Y";"Y";"Y";"Y";"D";"D";"Y";"Y";"Y";"D"
"10120";"XIN SHI JI 215";"9727481";"IMO#";"CN";"Longline";"Longline";"N";"01/27/2026 18:03:11";"08/06/2024 08:07:36";"China, People's Republic of";"Longline";"Longline";"Y";"IATTC, WCPFC";"Y";"Y";"Y";"Y";"D";"D";"Y";"Y";"Y";"D"
"16847";"XIN SHI JI 36";"9971161";"IMO#";"CN";"Longline";"Longline";"B";"06/05/2026 10:32:37";"07/14/2025 08:40:17";"China, People's Republic of";"Longline";"Longline";"Y";"IATTC, WCPFC";"Y";"Y";"Y";"Y";"D";"D";"Y";"Y";"Y";"D"
"3068";"XIN SHI JI 37";"8653463";"IMO#";"CN";"Longline";"Longline";"N";"08/28/2024 12:34:04";"08/01/2024 08:18:13";"China, People's Republic of";"Longline";"Longline";"Y";"IOTC";"Y";"Y";"Y";"Y";"D";"D";"Y";"Y";"Y";"D"
"11702";"XIN SHI JI 62";"9890018";"IMO#";"CN";"Longline";"Longline";"B";"08/26/2024 13:35:13";"08/01/2024 06:29:05";"China, People's Republic of";"Longline";"Longline";"Y";"WCPFC";"Y";"Y";"Y";"Y";"D";"D";"Y";"Y";"Y";"D"
"11682";"XIN SHI JI 65";"9863778";"IMO#";"CN";"Longline";"Longline";"B";"08/26/2024 13:53:25";"08/01/2024 06:43:10";"China, People's Republic of";"Longline";"Longline";"Y";"WCPFC";"Y";"Y";"Y";"Y";"D";"D";"Y";"Y";"Y";"D"
"11683";"XIN SHI JI 66";"9863780";"IMO#";"CN";"Longline";"Longline";"B";"08/26/2024 14:22:32";"08/01/2024 06:51:29";"China, People's Republic of";"Longline";"Longline";"Y";"WCPFC";"Y";"Y";"Y";"Y";"D";"D";"Y";"Y";"Y";"D"
"10123";"XIN SHI JI 67";"8672524";"IMO#";"CN";"Longline";"Longline";"N";"07/02/2026 17:24:10";"07/02/2026 17:23:50";"China, People's Republic of";"Longline";"Longline";"Y";"IATTC";"Y";"Y";"Y";"Y";"D";"D";"Y";"Y";"Y";"D"
"3085";"XIN SHI JI 7";"8651233";"IMO#";"CN";"Longline";"Longline";"N";"07/02/2026 17:21:28";"07/02/2026 17:21:11";"China, People's Republic of";"Longline";"Longline";"Y";"IATTC, WCPFC";"Y";"Y";"Y";"Y";"D";"D";"Y";"Y";"Y";"D"
"3071";"XIN SHI JI 70";"8653475";"IMO#";"CN";"Longline";"Longline";"N";"08/26/2024 14:35:41";"08/01/2024 06:59:12";"China, People's Republic of";"Longline";"Longline";"Y";"WCPFC";"Y";"Y";"Y";"Y";"D";"D";"Y";"Y";"Y";"D"
"3072";"XIN SHI JI 71";"8653487";"IMO#";"CN";"Longline";"Longline";"N";"08/22/2024 10:45:51";"08/01/2024 03:12:00";"China, People's Republic of";"Longline";"Longline";"Y";"WCPFC";"Y";"Y";"Y";"Y";"D";"D";"Y";"Y";"Y";"D"
"3073";"XIN SHI JI 72";"8653499";"IMO#";"CN";"Longline";"Longline";"N";"08/26/2024 14:51:00";"08/01/2024 07:04:52";"China, People's Republic of";"Longline";"Longline";"Y";"IOTC";"Y";"Y";"Y";"Y";"D";"D";"Y";"Y";"Y";"D"
"3074";"XIN SHI JI 73";"8649462";"IMO#";"CN";"Longline";"Longline";"N";"08/27/2024 08:15:52";"08/01/2024 07:09:40";"China, People's Republic of";"Longline";"Longline";"Y";"WCPFC";"Y";"Y";"Y";"Y";"D";"D";"Y";"Y";"Y";"D"
"3075";"XIN SHI JI 75";"8649474";"IMO#";"CN";"Longline";"Longline";"N";"08/27/2024 08:26:46";"08/01/2024 07:15:00";"China, People's Republic of";"Longline";"Longline";"Y";"WCPFC";"Y";"Y";"Y";"Y";"D";"D";"Y";"Y";"Y";"D"
"3076";"XIN SHI JI 76";"8653504";"IMO#";"CN";"Longline";"Longline";"N";"08/27/2024 10:46:44";"08/01/2024 07:20:45";"China, People's Republic of";"Longline";"Longline";"Y";"IOTC";"Y";"Y";"Y";"Y";"D";"D";"Y";"Y";"Y";"D"
"3077";"XIN SHI JI 77";"8653516";"IMO#";"CN";"Longline";"Longline";"N";"08/27/2024 10:58:59";"08/01/2024 07:27:55";"China, People's Republic of";"Longline";"Longline";"Y";"WCPFC";"Y";"Y";"Y";"Y";"D";"D";"Y";"Y";"Y";"D"
"3078";"XIN SHI JI 78";"8653528";"IMO#";"CN";"Longline";"Longline";"N";"08/27/2024 11:11:53";"08/01/2024 07:32:45";"China, People's Republic of";"Longline";"Longline";"Y";"WCPFC";"Y";"Y";"Y";"Y";"D";"D";"Y";"Y";"Y";"D"
"3079";"XIN SHI JI 79";"8653530";"IMO#";"CN";"Longline";"Longline";"N";"08/27/2024 12:48:54";"08/01/2024 07:37:49";"China, People's Republic of";"Longline";"Longline";"Y";"WCPFC";"Y";"Y";"Y";"Y";"D";"D";"Y";"Y";"Y";"D"
"6991";"XIN SHI JI 80";"8670033";"IMO#";"CN";"Longline";"Longline";"N";"08/27/2024 15:09:06";"08/01/2024 07:49:31";"China, People's Republic of";"Longline";"Longline";"Y";"WCPFC";"Y";"Y";"Y";"Y";"D";"D";"Y";"Y";"Y";"D"
"6990";"XIN SHI JI 81";"8670045";"IMO#";"CN";"Longline";"Longline";"N";"08/27/2024 15:25:21";"08/01/2024 07:54:38";"China, People's Republic of";"Longline";"Longline";"Y";"IOTC";"Y";"Y";"Y";"Y";"D";"D";"Y";"Y";"Y";"D"
"3080";"XIN SHI JI 82";"8653542";"IMO#";"CN";"Longline";"Longline";"N";"08/27/2024 15:40:57";"08/01/2024 07:58:50";"China, People's Republic of";"Longline";"Longline";"Y";"IOTC";"Y";"Y";"Y";"Y";"D";"D";"Y";"Y";"Y";"D"
"6989";"XIN SHI JI 83";"8670057";"IMO#";"CN";"Longline";"Longline";"N";"08/28/2024 10:20:35";"08/01/2024 08:03:40";"China, People's Republic of";"Longline";"Longline";"Y";"IOTC";"Y";"Y";"Y";"Y";"D";"D";"Y";"Y";"Y";"D"
"3081";"XIN SHI JI 85";"8653554";"IMO#";"CN";"Longline";"Longline";"N";"08/28/2024 10:33:38";"08/01/2024 08:07:47";"China, People's Republic of";"Longline";"Longline";"Y";"IOTC";"Y";"Y";"Y";"Y";"D";"D";"Y";"Y";"Y";"D"
"3082";"XIN SHI JI 86";"8653566";"IMO#";"CN";"Longline";"Longline";"N";"08/28/2024 10:43:40";"08/01/2024 08:11:58";"China, People's Republic of";"Longline";"Longline";"Y";"IOTC";"Y";"Y";"Y";"Y";"D";"D";"Y";"Y";"Y";"D"
"3086";"XIN SHI JI 87";"8651271";"IMO#";"CN";"Longline";"Longline";"N";"07/02/2026 17:20:44";"07/02/2026 17:20:28";"China, People's Republic of";"Longline";"Longline";"Y";"IATTC, WCPFC";"Y";"Y";"Y";"Y";"D";"D";"Y";"Y";"Y";"D"
"10345";"YEOU JYI FA";"8795522";"IMO#";"TW";"Longline";"Longline";"N";"03/07/2026 17:53:08";"11/27/2025 08:47:56";"Chinese Taipei";"Longline";"Longline";"Y";"WCPFC";"Y";"Y";"Y";"Y";"D";"D";"Y";"Y";"Y";"D"
"3092";"YEUN HORNG 2";"8649802";"IMO#";"TW";"Longline";"Longline";"N";"07/02/2026 17:20:11";"07/02/2026 17:19:56";"Chinese Taipei";"Longline";"Longline";"Y";"ICCAT";"Y";"Y";"Y";"Y";"D";"D";"Y";"Y";"Y";"D"
"7868";"YI MAN";"8777879";"IMO#";"TW";"Longline";"Longline";"N";"06/05/2026 06:23:56";"06/17/2022 08:00:40";"Chinese Taipei";"Longline";"Longline";"Y";"WCPFC";"Y";"Y";"Y";"Y";"D";"D";"Y";"Y";"Y";"D"
"7869";"YI MAN 3";"8778380";"IMO#";"TW";"Longline";"Longline";"N";"03/07/2026 17:33:00";"06/17/2022 08:00:40";"Chinese Taipei";"Longline";"Longline";"Y";"WCPFC";"Y";"Y";"Y";"Y";"D";"D";"Y";"Y";"Y";"D"
"7999";"YI MAN 8";"8788878";"IMO#";"TW";"Longline";"Longline";"B";"03/07/2026 17:32:17";"08/19/2025 21:20:15";"Chinese Taipei";"Longline";"Longline";"Y";"WCPFC";"Y";"Y";"Y";"Y";"D";"D";"Y";"Y";"Y";"D"
"10351";"YI RONG 16";"8794889";"IMO#";"TW";"Longline";"Longline";"N";"07/02/2026 16:15:34";"07/02/2026 16:15:17";"Chinese Taipei";"Longline";"Longline";"Y";"IATTC, WCPFC";"Y";"Y";"Y";"Y";"D";"D";"Y";"Y";"Y";"D"
"12078";"YI RONG 168";"9877092";"IMO#";"TW";"Longline";"Longline";"B";"05/27/2024 10:08:20";"05/08/2024 07:46:17";"Chinese Taipei";"Longline";"Longline";"Y";"IATTC, WCPFC";"Y";"Y";"Y";"Y";"D";"D";"Y";"Y";"Y";"D"
"10412";"YI RONG 18";"8525654";"IMO#";"TW";"Longline";"Longline";"N";"07/02/2026 16:16:33";"07/02/2026 16:16:17";"Chinese Taipei";"Longline";"Longline";"Y";"WCPFC";"Y";"Y";"Y";"Y";"D";"D";"Y";"Y";"Y";"D"
"16879";"YI RONG 268";"9972282";"IMO#";"TW";"Longline";"Longline";"B";"05/27/2024 13:20:56";"05/08/2024 07:55:30";"Chinese Taipei";"Longline";"Longline";"Y";"IATTC, WCPFC";"Y";"Y";"Y";"Y";"D";"D";"Y";"Y";"Y";"D"
"7870";"YI RONG 3";"8778392";"IMO#";"TW";"Longline";"Longline";"N";"07/02/2026 16:14:32";"07/02/2026 16:14:16";"Chinese Taipei";"Longline";"Longline";"Y";"WCPFC";"Y";"Y";"Y";"Y";"D";"D";"Y";"Y";"Y";"D"
"7871";"YI RONG 6";"8778407";"IMO#";"TW";"Longline";"Longline";"N";"07/04/2025 11:46:25";"05/08/2024 07:36:33";"Chinese Taipei";"Longline";"Longline";"N";"";"N";"N";"N";"N";"D";"D";"N";"N";"N";"D"
"11760";"YI SIANG";"8530697";"IMO#";"TW";"Longline";"Longline";"B";"07/02/2026 17:19:31";"07/02/2026 17:19:15";"Chinese Taipei";"Longline";"Longline";"Y";"IOTC";"NA";"Y";"Y";"Y";"D";"D";"Y";"Y";"Y";"D"
"10640";"YI SIANG 1";"8525795";"IMO#";"TW";"Longline";"Longline";"B";"08/25/2026 03:11:39";"08/25/2026 03:11:24";"Chinese Taipei";"Longline";"Longline";"Y";"WCPFC";"Y";"Y";"Y";"Y";"D";"D";"Y";"Y";"Y";"D"
"9057";"YI SIANG 128";"9783021";"IMO#";"TW";"Longline";"Longline";"N";"08/25/2026 03:13:00";"08/25/2026 03:12:43";"Chinese Taipei";"Longline";"Longline";"Y";"WCPFC";"Y";"Y";"Y";"Y";"D";"D";"Y";"Y";"Y";"D"
"16886";"YI SIANG 168";"1015002";"IMO#";"TW";"Longline";"Longline";"B";"08/25/2026 03:14:17";"08/25/2026 03:14:03";"Chinese Taipei";"Longline";"Longline";"Y";"WCPFC";"Y";"Y";"Y";"Y";"D";"D";"Y";"Y";"Y";"D"
"10641";"YI SIANG 6";"8525812";"IMO#";"TW";"Longline";"Longline";"B";"08/25/2026 03:16:28";"08/25/2026 03:16:10";"Chinese Taipei";"Longline";"Longline";"Y";"WCPFC";"Y";"Y";"Y";"Y";"D";"D";"Y";"Y";"Y";"D"
"10642";"YI SIANG 8";"8525824";"IMO#";"TW";"Longline";"Longline";"B";"04/21/2026 08:03:19";"06/20/2024 19:39:04";"Chinese Taipei";"Longline";"Longline";"Y";"WCPFC";"Y";"Y";"Y";"Y";"D";"D";"Y";"Y";"Y";"D"
"1766";"YING CHIN HSIANG 101";"9230828";"IMO#";"TW";"Longline";"Longline";"N";"08/25/2026 03:09:24";"08/25/2026 03:09:12";"Chinese Taipei";"Longline";"Longline";"Y";"ICCAT";"Y";"Y";"Y";"Y";"D";"D";"Y";"Y";"N";"D"
"3096";"YING FA HSIANG 368";"8661484";"IMO#";"TW";"Longline";"Longline";"N";"06/05/2026 15:47:05";"05/06/2026 06:20:53";"Chinese Taipei";"Longline";"Longline";"Y";"IOTC";"NA";"Y";"Y";"Y";"D";"D";"Y";"Y";"Y";"D"
"3104";"YONG XING 1";"8749963";"IMO#";"FJ";"Longline";"Longline";"N";"08/29/2025 16:13:09";"08/12/2024 08:21:12";"Fiji";"Longline";"Longline";"Y";"WCPFC";"Y";"Y";"Y";"Y";"D";"D";"Y";"Y";"Y";"D"
"3105";"YONG XING 2";"8749987";"IMO#";"FJ";"Longline";"Longline";"N";"08/29/2025 16:13:49";"08/21/2024 16:31:58";"Fiji";"Longline";"Longline";"Y";"WCPFC";"Y";"Y";"Y";"Y";"D";"D";"Y";"Y";"Y";"D"
"3106";"YONG XING 3";"8749676";"IMO#";"FJ";"Longline";"Longline";"N";"08/29/2025 16:14:36";"08/12/2024 01:46:03";"Fiji";"Longline";"Longline";"Y";"WCPFC";"Y";"Y";"Y";"Y";"D";"D";"Y";"Y";"Y";"D"
"17831";"YORDAN";"8567949";"IMO#";"ID";"Longline";"Longline";"B";"07/16/2026 13:59:13";"06/27/2026 10:18:57";"Indonesia";"Longline";"Longline";"Y";"IOTC";"Y";"Y";"Y";"Y";"D";"D";"Y";"Y";"Y";"D"
"11706";"YOU FU";"8341216";"IMO#";"TW";"Longline";"Longline";"B";"05/03/2026 18:30:20";"07/26/2024 04:41:52";"Chinese Taipei";"Longline";"Longline";"N";"";"N";"N";"N";"N";"D";"D";"N";"N";"N";"D"
"11770";"YOU HER FA";"8531720";"IMO#";"TW";"Longline";"Longline";"B";"03/23/2026 12:14:09";"03/16/2026 08:54:46";"Chinese Taipei";"Longline";"Longline";"Y";"WCPFC";"Y";"Y";"Y";"Y";"D";"D";"Y";"Y";"N";"D"
"11909";"YU CHUN 166";"8551902";"IMO#";"TW";"Longline";"Longline";"B";"03/07/2026 17:52:15";"11/27/2025 09:07:35";"Chinese Taipei";"Longline";"Longline";"Y";"WCPFC";"Y";"Y";"Y";"Y";"D";"D";"Y";"Y";"N";"D"
"11749";"YU FENG 128";"8526098";"IMO#";"TW";"Longline";"Longline";"B";"06/05/2026 12:29:39";"05/20/2026 05:16:42";"Chinese Taipei";"Longline";"Longline";"Y";"IATTC, WCPFC";"Y";"Y";"Y";"Y";"D";"D";"Y";"Y";"Y";"D"
"11737";"YU FENG 13";"8342325";"IMO#";"TW";"Longline";"Longline";"B";"06/05/2026 12:30:11";"03/20/2026 05:54:10";"Chinese Taipei";"Longline";"Longline";"Y";"WCPFC";"Y";"Y";"Y";"Y";"D";"D";"Y";"Y";"Y";"D"
"12007";"YU FENG 33";"8782898";"IMO#";"TW";"Longline";"Longline";"B";"05/28/2026 15:29:10";"05/20/2026 05:16:42";"Chinese Taipei";"Longline";"Longline";"Y";"IATTC, WCPFC";"Y";"Y";"Y";"Y";"D";"D";"Y";"Y";"Y";"D"
"3143";"YU FENG 513";"8649034";"IMO#";"TW";"Longline";"Longline";"N";"06/05/2026 16:29:01";"05/20/2026 05:16:42";"Chinese Taipei";"Longline";"Longline";"Y";"IATTC, WCPFC";"Y";"Y";"Y";"Y";"D";"D";"Y";"Y";"Y";"D"
"12053";"YU FU";"8792893";"IMO#";"TW";"Longline";"Longline";"B";"07/02/2026 17:18:56";"07/02/2026 17:18:40";"Chinese Taipei";"Longline";"Longline";"N";"";"N";"N";"N";"N";"D";"D";"N";"N";"N";"D"
"7822";"YU FU 368";"8780917";"IMO#";"TW";"Longline";"Longline";"N";"06/05/2026 06:24:25";"05/14/2026 02:56:34";"Chinese Taipei";"Longline";"Longline";"Y";"WCPFC";"Y";"Y";"Y";"Y";"D";"D";"Y";"Y";"Y";"D"
"12403";"YU HSIANG 7";"9856347";"IMO#";"VU";"Longline";"Longline";"B";"06/05/2026 10:41:14";"07/14/2025 08:59:04";"Vanuatu";"Longline";"Longline";"Y";"WCPFC";"Y";"Y";"Y";"Y";"D";"D";"Y";"Y";"Y";"D"
"12404";"YU HSIANG 8";"9856505";"IMO#";"VU";"Longline";"Longline";"B";"06/05/2026 10:33:55";"07/14/2025 08:59:04";"Vanuatu";"Longline";"Longline";"Y";"WCPFC";"Y";"Y";"Y";"Y";"D";"D";"Y";"Y";"Y";"D"
"10624";"YU LONG FA 36";"8526062";"IMO#";"TW";"Longline";"Longline";"N";"06/25/2026 15:41:09";"03/20/2026 08:26:56";"Chinese Taipei";"Longline";"Longline";"Y";"WCPFC";"Y";"Y";"Y";"Y";"D";"D";"Y";"Y";"N";"D"
"11793";"YU PAI TSAIR 2";"8539825";"IMO#";"TW";"Longline";"Longline";"B";"07/17/2026 17:28:50";"05/02/2023 08:05:40";"Chinese Taipei";"Longline";"Longline";"Y";"IOTC";"NA";"Y";"Y";"Y";"D";"D";"Y";"Y";"Y";"D"
"10287";"YU SHENG FA 2";"8780993";"IMO#";"TW";"Longline";"Longline";"N";"04/23/2026 12:01:32";"04/02/2026 09:09:49";"Chinese Taipei";"Longline";"Longline";"Y";"WCPFC";"Y";"Y";"Y";"Y";"D";"D";"Y";"Y";"Y";"D"
"2902";"YUAN SHENG 868";"8748737";"IMO#";"TW";"Longline";"Longline";"N";"07/02/2026 17:18:20";"07/02/2026 17:18:00";"Chinese Taipei";"Longline";"Longline";"Y";"IATTC, WCPFC";"Y";"Y";"Y";"Y";"D";"D";"Y";"Y";"Y";"D"
"3128";"YUE YUAN YU 139";"8648470";"IMO#";"FJ";"Longline";"Longline";"N";"07/02/2026 17:17:35";"07/02/2026 17:17:18";"Fiji";"Longline";"Longline";"Y";"WCPFC";"Y";"Y";"Y";"Y";"D";"D";"Y";"Y";"Y";"D"
"10159";"YUH CHANG 1";"8664242";"IMO#";"VU";"Longline";"Longline";"N";"05/28/2026 11:05:21";"06/25/2023 11:36:44";"Vanuatu";"Longline";"Longline";"N";"";"N";"N";"N";"N";"D";"D";"N";"N";"N";"D"
"10160";"YUH CHANG 11";"8664292";"IMO#";"VU";"Longline";"Longline";"N";"05/10/2024 13:44:11";"06/30/2023 21:03:01";"Vanuatu";"Longline";"Longline";"N";"";"N";"N";"N";"N";"D";"D";"N";"N";"N";"D"
"10161";"YUH CHANG 2";"8664254";"IMO#";"VU";"Longline";"Longline";"N";"05/28/2026 11:06:20";"06/25/2023 11:25:29";"Vanuatu";"Longline";"Longline";"N";"";"N";"N";"N";"N";"D";"D";"N";"N";"N";"D"
"10162";"YUH FA 8";"8664357";"IMO#";"VU";"Longline";"Longline";"N";"05/10/2024 13:45:30";"07/03/2023 11:12:15";"Vanuatu";"Longline";"Longline";"N";"";"N";"N";"N";"N";"D";"D";"N";"N";"N";"D"
"3394";"YUH FA 88";"8666953";"IMO#";"VU";"Longline";"Longline";"N";"07/14/2024 08:34:35";"07/14/2024 08:34:19";"Vanuatu";"Longline";"Longline";"IP";"";"IP";"IP";"IP";"IP";"D";"D";"IP";"IP";"IP";"D"
"1480";"YUH MAO 106";"8417792";"IMO#";"TW";"Longline";"Longline";"N";"07/02/2026 16:12:34";"07/02/2026 16:12:10";"Chinese Taipei";"Longline";"Longline";"Y";"ICCAT";"Y";"Y";"Y";"Y";"D";"D";"Y";"Y";"Y";"D"
"10163";"YUH PAO 12";"8664278";"IMO#";"VU";"Longline";"Longline";"N";"08/08/2025 10:31:25";"06/21/2023 21:43:19";"Vanuatu";"Longline";"Longline";"IP";"";"IP";"IP";"IP";"IP";"D";"D";"IP";"IP";"IP";"D"
"7884";"YUH YI 16";"8664216";"IMO#";"VU";"Longline";"Longline";"N";"10/24/2025 08:52:40";"07/10/2024 16:41:58";"Vanuatu";"Longline";"Longline";"N";"";"N";"N";"N";"N";"D";"D";"N";"N";"N";"D"
"7885";"YUH YI 21";"8664228";"IMO#";"VU";"Longline";"Longline";"N";"10/24/2025 08:52:59";"07/10/2024 16:40:20";"Vanuatu";"Longline";"Longline";"N";"";"N";"N";"N";"N";"D";"D";"N";"N";"N";"D"
"10166";"YUH YI 22";"8664230";"IMO#";"VU";"Longline";"Longline";"N";"10/24/2025 08:53:34";"07/10/2024 16:36:30";"Vanuatu";"Longline";"Longline";"N";"";"N";"N";"N";"N";"D";"D";"N";"N";"N";"D"
"12077";"YUN MAO 1";"9876581";"IMO#";"TW";"Longline";"Longline";"B";"07/02/2026 16:08:53";"07/02/2026 16:08:36";"Chinese Taipei";"Longline";"Longline";"Y";"ICCAT";"Y";"Y";"Y";"Y";"D";"D";"Y";"Y";"Y";"D"
"13360";"YUN MAO 101";"9911953";"IMO#";"TW";"Longline";"Longline";"B";"07/02/2026 16:06:46";"07/02/2026 16:06:30";"Chinese Taipei";"Longline";"Longline";"Y";"ICCAT";"Y";"Y";"Y";"Y";"D";"D";"Y";"Y";"Y";"D"
"12083";"YUN MAO 102";"9889203";"IMO#";"TW";"Longline";"Longline";"B";"07/02/2026 16:04:59";"07/02/2026 16:04:47";"Chinese Taipei";"Longline";"Longline";"Y";"ICCAT";"Y";"Y";"Y";"Y";"D";"D";"Y";"Y";"Y";"D"
"15986";"YUN MAO 128";"9997074";"IMO#";"TW";"Longline";"Longline";"B";"05/20/2025 15:41:32";"03/31/2023 21:31:48";"Chinese Taipei";"Longline";"Longline";"Y";"ICCAT";"Y";"Y";"Y";"Y";"D";"D";"Y";"Y";"Y";"D"
"6985";"YUN MAO 168";"9776315";"IMO#";"TW";"Longline";"Longline";"N";"07/02/2026 16:03:01";"07/02/2026 16:02:49";"Chinese Taipei";"Longline";"Longline";"Y";"ICCAT";"Y";"Y";"Y";"Y";"D";"D";"Y";"Y";"Y";"D"
"13285";"YUN MAO 8";"9899868";"IMO#";"TW";"Longline";"Longline";"B";"07/02/2026 16:10:07";"07/02/2026 15:59:48";"Chinese Taipei";"Longline";"Longline";"Y";"ICCAT";"Y";"Y";"Y";"Y";"D";"D";"Y";"Y";"Y";"D"
"3447";"YUNG CHI 166";"8669929";"IMO#";"TW";"Longline";"Longline";"N";"03/27/2026 13:15:47";"08/24/2025 16:52:05";"Chinese Taipei";"Longline";"Longline";"Y";"ICCAT";"Y";"Y";"Y";"Y";"D";"D";"Y";"Y";"Y";"D"
"3018";"ZAYN";"9230593";"IMO#";"OM";"Longline";"Longline";"N";"02/20/2026 08:44:37";"06/29/2023 05:36:39";"Oman";"Longline";"Longline";"Y";"IOTC";"Y";"Y";"Y";"Y";"D";"D";"Y";"Y";"Y";"D"
"3146";"ZHONG DA 3";"8748969";"IMO#";"FJ";"Longline";"Longline";"N";"06/03/2026 18:11:15";"06/03/2026 18:11:05";"Fiji";"Longline";"Longline";"Y";"WCPFC";"Y";"Y";"Y";"Y";"D";"D";"Y";"Y";"Y";"D"
"3149";"ZHONG RONG 13";"8749107";"IMO#";"CN";"Longline";"Longline";"N";"07/02/2026 15:11:55";"07/02/2026 15:11:40";"China, People's Republic of";"Longline";"Longline";"Y";"WCPFC";"Y";"Y";"Y";"Y";"D";"D";"Y";"Y";"Y";"D"
"3150";"ZHONG RONG 15";"8749119";"IMO#";"TW";"Longline";"Longline";"N";"07/02/2026 15:12:48";"07/02/2026 15:12:33";"Chinese Taipei";"Longline";"Longline";"Y";"WCPFC";"Y";"Y";"Y";"Y";"D";"D";"Y";"Y";"Y";"D"
"10221";"ZHONG SHUI 617";"9778569";"IMO#";"CN";"Longline";"Longline";"N";"07/02/2026 15:19:17";"07/02/2026 15:19:00";"China, People's Republic of";"Longline";"Longline";"IP";"";"IP";"IP";"IP";"IP";"D";"D";"IP";"IP";"IP";"D"
"3165";"ZHONG SHUI 701";"8628901";"IMO#";"CN";"Longline";"Longline";"N";"07/02/2026 15:26:11";"07/02/2026 15:25:52";"China, People's Republic of";"Longline";"Longline";"Y";"WCPFC";"Y";"Y";"Y";"Y";"D";"D";"Y";"Y";"Y";"D"
"3166";"ZHONG SHUI 702";"8628913";"IMO#";"CN";"Longline";"Longline";"N";"07/02/2026 15:28:29";"07/02/2026 15:28:14";"China, People's Republic of";"Longline";"Longline";"Y";"WCPFC";"Y";"Y";"Y";"Y";"D";"D";"Y";"Y";"Y";"D"
"3167";"ZHONG SHUI 703";"8628925";"IMO#";"CN";"Longline";"Longline";"N";"07/02/2026 15:29:42";"07/02/2026 15:29:17";"China, People's Republic of";"Longline";"Longline";"Y";"WCPFC";"Y";"Y";"Y";"Y";"D";"D";"Y";"Y";"Y";"D"
"3168";"ZHONG SHUI 704";"8628949";"IMO#";"CN";"Longline";"Longline";"N";"07/02/2026 15:30:33";"07/02/2026 15:30:17";"China, People's Republic of";"Longline";"Longline";"Y";"WCPFC";"Y";"Y";"Y";"Y";"D";"D";"Y";"Y";"Y";"D"
"3169";"ZHONG SHUI 705";"8628951";"IMO#";"CN";"Longline";"Longline";"N";"07/02/2026 15:31:42";"07/02/2026 15:31:26";"China, People's Republic of";"Longline";"Longline";"Y";"WCPFC";"Y";"Y";"Y";"Y";"D";"D";"Y";"Y";"Y";"D"
"3170";"ZHONG SHUI 706";"8628963";"IMO#";"CN";"Longline";"Longline";"N";"07/02/2026 15:32:44";"07/02/2026 15:32:28";"China, People's Republic of";"Longline";"Longline";"Y";"WCPFC";"Y";"Y";"Y";"Y";"D";"D";"Y";"Y";"Y";"D"
"3171";"ZHONG SHUI 707";"8628937";"IMO#";"CN";"Longline";"Longline";"N";"03/11/2025 13:50:43";"04/06/2022 15:03:29";"China, People's Republic of";"Longline";"Longline";"Y";"WCPFC";"Y";"Y";"Y";"Y";"D";"D";"Y";"Y";"Y";"D"
"3172";"ZHONG SHUI 708";"8628975";"IMO#";"CN";"Longline";"Longline";"N";"07/02/2026 15:40:03";"07/02/2026 15:39:42";"China, People's Republic of";"Longline";"Longline";"Y";"WCPFC";"Y";"Y";"Y";"Y";"D";"D";"Y";"Y";"Y";"D"
"3173";"ZHONG SHUI 709";"8628987";"IMO#";"CN";"Longline";"Longline";"N";"07/02/2026 15:40:59";"07/02/2026 15:40:42";"China, People's Republic of";"Longline";"Longline";"Y";"WCPFC";"Y";"Y";"Y";"Y";"D";"D";"Y";"Y";"Y";"D"
"3174";"ZHONG SHUI 710";"8628999";"IMO#";"CN";"Longline";"Longline";"N";"07/02/2026 15:33:53";"07/02/2026 15:33:35";"China, People's Republic of";"Longline";"Longline";"Y";"WCPFC";"Y";"Y";"Y";"Y";"D";"D";"Y";"Y";"Y";"D"
"3175";"ZHONG SHUI 711";"8653592";"IMO#";"CN";"Longline";"Longline";"N";"07/02/2026 15:34:57";"07/02/2026 15:34:42";"China, People's Republic of";"Longline";"Longline";"Y";"WCPFC";"Y";"Y";"Y";"Y";"D";"D";"Y";"Y";"Y";"D"
"3176";"ZHONG SHUI 712";"8653607";"IMO#";"CN";"Longline";"Longline";"N";"07/02/2026 15:35:59";"07/02/2026 15:35:43";"China, People's Republic of";"Longline";"Longline";"Y";"WCPFC";"Y";"Y";"Y";"Y";"D";"D";"Y";"Y";"Y";"D"
"3177";"ZHONG SHUI 717";"9686089";"IMO#";"CN";"Longline";"Longline";"N";"07/02/2026 15:38:47";"07/02/2026 15:38:22";"China, People's Republic of";"Longline";"Longline";"Y";"WCPFC";"Y";"Y";"Y";"Y";"D";"D";"Y";"Y";"Y";"D"
"10693";"ZHONG SHUI 718";"9865257";"IMO#";"CN";"Longline";"Longline";"N";"07/02/2026 15:42:20";"07/02/2026 15:42:03";"China, People's Republic of";"Longline";"Longline";"Y";"WCPFC";"Y";"Y";"Y";"Y";"D";"D";"Y";"Y";"Y";"D"
"3178";"ZHONG SHUI 727";"9686091";"IMO#";"CN";"Longline";"Longline";"N";"07/02/2026 15:43:13";"07/02/2026 15:42:56";"China, People's Republic of";"Longline";"Longline";"Y";"WCPFC";"Y";"Y";"Y";"Y";"D";"D";"Y";"Y";"Y";"D"
"10694";"ZHONG SHUI 728";"9865269";"IMO#";"CN";"Longline";"Longline";"N";"07/02/2026 15:44:08";"07/02/2026 15:43:51";"China, People's Republic of";"Longline";"Longline";"Y";"WCPFC";"Y";"Y";"Y";"Y";"D";"D";"Y";"Y";"Y";"D"
"3179";"ZHONG SHUI 737";"9686106";"IMO#";"CN";"Longline";"Longline";"N";"07/02/2026 15:45:43";"07/02/2026 15:45:28";"China, People's Republic of";"Longline";"Longline";"Y";"WCPFC";"Y";"Y";"Y";"Y";"D";"D";"Y";"Y";"Y";"D"
"10696";"ZHONG SHUI 738";"9865271";"IMO#";"CN";"Longline";"Longline";"N";"07/02/2026 15:46:47";"07/02/2026 15:46:30";"China, People's Republic of";"Longline";"Longline";"Y";"WCPFC";"Y";"Y";"Y";"Y";"D";"D";"Y";"Y";"Y";"D"
"3180";"ZHONG SHUI 747";"9686118";"IMO#";"CN";"Longline";"Longline";"N";"07/02/2026 15:48:04";"07/02/2026 15:47:47";"China, People's Republic of";"Longline";"Longline";"Y";"WCPFC";"Y";"Y";"Y";"Y";"D";"D";"Y";"Y";"Y";"D"
"10713";"ZHONG SHUI 748";"9865283";"IMO#";"CN";"Longline";"Longline";"N";"07/02/2026 15:49:05";"07/02/2026 15:48:46";"China, People's Republic of";"Longline";"Longline";"Y";"WCPFC";"Y";"Y";"Y";"Y";"D";"D";"Y";"Y";"Y";"D"
"3181";"ZHONG SHUI 757";"9686120";"IMO#";"CN";"Longline";"Longline";"N";"11/14/2025 12:41:02";"08/19/2024 15:23:22";"China, People's Republic of";"Longline";"Longline";"Y";"WCPFC";"Y";"Y";"Y";"Y";"D";"D";"Y";"Y";"Y";"D"
"10714";"ZHONG SHUI 758";"9865295";"IMO#";"CN";"Longline";"Longline";"N";"03/11/2025 13:51:29";"08/19/2024 15:19:30";"China, People's Republic of";"Longline";"Longline";"Y";"WCPFC";"Y";"Y";"Y";"Y";"D";"D";"Y";"Y";"Y";"D"
"3182";"ZHONG SHUI 767";"9686132";"IMO#";"CN";"Longline";"Longline";"N";"11/14/2025 12:41:49";"08/19/2024 15:15:39";"China, People's Republic of";"Longline";"Longline";"Y";"WCPFC";"Y";"Y";"Y";"Y";"D";"D";"Y";"Y";"Y";"D"
"10715";"ZHONG SHUI 768";"9865300";"IMO#";"CN";"Longline";"Longline";"N";"07/02/2026 15:50:07";"07/02/2026 15:49:50";"China, People's Republic of";"Longline";"Longline";"Y";"WCPFC";"Y";"Y";"Y";"Y";"D";"D";"Y";"Y";"Y";"D"
"16866";"ZHONG SHUI 777";"9910026";"IMO#";"CN";"Longline";"Longline";"B";"07/02/2026 15:51:08";"07/02/2026 15:50:53";"China, People's Republic of";"Longline";"Longline";"Y";"WCPFC";"Y";"Y";"Y";"Y";"D";"D";"Y";"Y";"Y";"D"
"10716";"ZHONG SHUI 778";"9865312";"IMO#";"CN";"Longline";"Longline";"N";"07/02/2026 15:52:16";"07/02/2026 15:51:55";"China, People's Republic of";"Longline";"Longline";"Y";"WCPFC";"Y";"Y";"Y";"Y";"D";"D";"Y";"Y";"Y";"D"
"16865";"ZHONG SHUI 787";"9910038";"IMO#";"CN";"Longline";"Longline";"B";"07/02/2026 15:53:07";"07/02/2026 15:52:53";"China, People's Republic of";"Longline";"Longline";"Y";"WCPFC";"Y";"Y";"Y";"Y";"D";"D";"Y";"Y";"Y";"D"
"16864";"ZHONG SHUI 797";"9910040";"IMO#";"CN";"Longline";"Longline";"B";"07/02/2026 15:54:07";"07/02/2026 15:53:53";"China, People's Republic of";"Longline";"Longline";"Y";"WCPFC";"Y";"Y";"Y";"Y";"D";"D";"Y";"Y";"Y";"D"
"3187";"ZHONG SHUI 805";"8629008";"IMO#";"CN";"Longline";"Longline";"N";"07/02/2026 15:55:04";"07/02/2026 15:54:49";"China, People's Republic of";"Longline";"Longline";"Y";"WCPFC";"Y";"Y";"Y";"Y";"D";"D";"Y";"Y";"Y";"D"
"3188";"ZHONG SHUI 806";"8629010";"IMO#";"CN";"Longline";"Longline";"N";"07/02/2026 15:54:38";"07/02/2026 15:54:21";"China, People's Republic of";"Longline";"Longline";"Y";"WCPFC";"Y";"Y";"Y";"Y";"D";"D";"Y";"Y";"Y";"D"
"3189";"ZHONG SHUI 807";"8629022";"IMO#";"CN";"Longline";"Longline";"N";"07/02/2026 15:53:39";"07/02/2026 15:53:25";"China, People's Republic of";"Longline";"Longline";"Y";"WCPFC";"Y";"Y";"Y";"Y";"D";"D";"Y";"Y";"Y";"D"
"3190";"ZHONG SHUI 808";"8629034";"IMO#";"CN";"Longline";"Longline";"N";"07/02/2026 15:52:39";"07/02/2026 15:52:22";"China, People's Republic of";"Longline";"Longline";"Y";"WCPFC";"Y";"Y";"Y";"Y";"D";"D";"Y";"Y";"Y";"D"
"3191";"ZHONG SHUI 809";"8629046";"IMO#";"CN";"Longline";"Longline";"N";"07/02/2026 15:51:41";"07/02/2026 15:51:24";"China, People's Republic of";"Longline";"Longline";"Y";"WCPFC";"Y";"Y";"Y";"Y";"D";"D";"Y";"Y";"Y";"D"
"3192";"ZHONG SHUI 810";"8629058";"IMO#";"CN";"Longline";"Longline";"N";"07/02/2026 15:50:42";"07/02/2026 15:50:26";"China, People's Republic of";"Longline";"Longline";"Y";"WCPFC";"Y";"Y";"Y";"Y";"D";"D";"Y";"Y";"Y";"D"
"3193";"ZHONG SHUI 811";"8653619";"IMO#";"CN";"Longline";"Longline";"N";"11/14/2025 12:42:39";"08/19/2024 13:45:36";"China, People's Republic of";"Longline";"Longline";"Y";"WCPFC";"Y";"Y";"Y";"Y";"D";"D";"Y";"Y";"Y";"D"
"2194";"ZHONG SHUI 812";"8653621";"IMO#";"CN";"Longline";"Longline";"N";"11/14/2025 12:39:25";"08/12/2024 14:35:07";"China, People's Republic of";"Longline";"Longline";"Y";"WCPFC";"Y";"Y";"Y";"Y";"D";"D";"Y";"Y";"Y";"D"
"18828";"ZHONG SHUI 917";"1077438";"IMO#";"CN";"Longline";"Longline";"B";"07/02/2026 15:49:33";"07/02/2026 15:49:18";"China, People's Republic of";"Longline";"Longline";"Y";"WCPFC";"Y";"Y";"Y";"Y";"D";"D";"Y";"Y";"Y";"D"
"18829";"ZHONG SHUI 927";"1077440";"IMO#";"CN";"Longline";"Longline";"B";"07/02/2026 15:48:36";"07/02/2026 15:48:17";"China, People's Republic of";"Longline";"Longline";"Y";"WCPFC";"Y";"Y";"Y";"Y";"D";"D";"Y";"Y";"Y";"D"
"18830";"ZHONG SHUI 937";"1077452";"IMO#";"CN";"Longline";"Longline";"B";"07/02/2026 15:47:17";"07/02/2026 15:47:02";"China, People's Republic of";"Longline";"Longline";"Y";"WCPFC";"Y";"Y";"Y";"Y";"D";"D";"Y";"Y";"Y";"D"
"18831";"ZHONG SHUI 947";"1077464";"IMO#";"CN";"Longline";"Longline";"B";"07/02/2026 15:46:19";"07/02/2026 15:46:01";"China, People's Republic of";"Longline";"Longline";"Y";"WCPFC";"Y";"Y";"Y";"Y";"D";"D";"Y";"Y";"Y";"D"
"18833";"ZHONG SHUI 957";"1077476";"IMO#";"CN";"Longline";"Longline";"B";"07/02/2026 15:44:47";"07/02/2026 15:44:32";"China, People's Republic of";"Longline";"Longline";"Y";"WCPFC";"Y";"Y";"Y";"Y";"D";"D";"Y";"Y";"Y";"D"
"10227";"ZHONG YANG 12";"9804344";"IMO#";"CN";"Longline";"Longline";"N";"10/24/2025 08:59:33";"03/25/2024 09:57:11";"China, People's Republic of";"Longline";"Longline";"N";"";"N";"N";"N";"N";"D";"D";"N";"N";"N";"D"
"10228";"ZHONG YANG 13";"9804356";"IMO#";"CN";"Longline";"Longline";"N";"07/02/2026 15:04:37";"07/02/2026 15:04:19";"China, People's Republic of";"Longline";"Longline";"N";"";"N";"N";"N";"N";"D";"D";"N";"N";"N";"D"
"3195";"ZHONG YANG 16";"9671747";"IMO#";"CN";"Longline";"Longline";"N";"07/02/2026 15:06:05";"07/02/2026 15:05:48";"China, People's Republic of";"Longline";"Longline";"N";"";"N";"N";"N";"N";"D";"D";"N";"N";"N";"D"
"10229";"ZHONG YANG 22";"9804368";"IMO#";"CN";"Longline";"Longline";"N";"07/02/2026 15:07:10";"07/02/2026 15:06:52";"China, People's Republic of";"Longline";"Longline";"N";"";"N";"N";"N";"N";"D";"D";"N";"N";"N";"D"
"10230";"ZHONG YANG 23";"9804370";"IMO#";"CN";"Longline";"Longline";"N";"07/02/2026 15:08:19";"07/02/2026 15:07:56";"China, People's Republic of";"Longline";"Longline";"N";"";"N";"N";"N";"N";"D";"D";"N";"N";"N";"D"
"3200";"ZHONG YANG 29";"9671797";"IMO#";"CN";"Longline";"Longline";"N";"07/02/2026 15:09:26";"07/02/2026 15:09:09";"China, People's Republic of";"Longline";"Longline";"N";"";"N";"N";"N";"N";"D";"D";"N";"N";"N";"D"
"11696";"ZHONG YANG 88";"9875563";"IMO#";"CN";"Longline";"Longline";"B";"07/02/2026 15:10:34";"07/02/2026 15:10:17";"China, People's Republic of";"Longline";"Longline";"N";"";"N";"N";"N";"N";"D";"D";"N";"N";"N";"D"
"5939";"001/PL/BMB/AP2HI-DIOSKURI 8";"TUVI-0036537";"TUVI/ISSF";"ID";"PoleAndLine";"PoleAndLine";"N";"06/23/2026 08:33:42";"06/23/2026 08:33:33";"Indonesia";"Pole And Line";"PoleAndLine";"Y";"NA(EEZ)";"NA";"Y";"Y";"Y";"D";"D";"D";"Y";"D";"D"
"650";"002/PL/ASTB/AP2HI-LAUT MAS";"i7000169";"TUVI/ISSF";"ID";"PoleAndLine";"PoleAndLine";"N";"08/07/2025 10:51:06";"06/28/2024 14:53:39";"Indonesia";"Pole And Line";"PoleAndLine";"IP";"";"NA";"IP";"IP";"IP";"D";"D";"D";"IP";"D";"D"
"5940";"002/PL/BMB/AP2HI-DIOSKURI 9";"TUVI-0036538";"TUVI/ISSF";"ID";"PoleAndLine";"PoleAndLine";"N";"06/23/2026 08:34:59";"06/23/2026 08:34:50";"Indonesia";"Pole And Line";"PoleAndLine";"Y";"NA(EEZ)";"NA";"Y";"Y";"Y";"D";"D";"D";"Y";"D";"D"
"651";"003/PL/ASTB/AP2HI-TELUK MAS";"i7000188";"TUVI/ISSF";"ID";"PoleAndLine";"PoleAndLine";"N";"08/07/2025 10:51:52";"06/28/2024 14:52:12";"Indonesia";"Pole And Line";"PoleAndLine";"IP";"";"NA";"IP";"IP";"IP";"D";"D";"D";"IP";"D";"D"
"652";"004/PL/ASTB/AP2HI-SURYA MAS JAYA";"i7000365";"TUVI/ISSF";"ID";"PoleAndLine";"PoleAndLine";"N";"06/23/2026 08:37:51";"06/23/2026 08:37:43";"Indonesia";"Pole And Line";"PoleAndLine";"IP";"";"NA";"IP";"IP";"IP";"D";"D";"D";"IP";"D";"D"
"6231";"004/PL/BMB/AP2HI-JAYA BITUNG 89";"TUVI-0036539";"TUVI/ISSF";"ID";"PoleAndLine";"PoleAndLine";"N";"06/23/2026 08:39:41";"06/23/2026 08:39:33";"Indonesia";"Pole And Line";"PoleAndLine";"Y";"NA(EEZ)";"NA";"Y";"Y";"Y";"D";"D";"D";"Y";"D";"D"
"653";"005/PL/ASTB/AP2HI-SUMBER BAHARI";"i7000186";"TUVI/ISSF";"ID";"PoleAndLine";"PoleAndLine";"N";"08/07/2025 10:52:26";"06/28/2024 14:46:25";"Indonesia";"Pole And Line";"PoleAndLine";"IP";"";"NA";"IP";"IP";"IP";"D";"D";"D";"IP";"D";"D"
"15036";"ALALUNGA";"8570829";"IMO#";"ZA";"PoleAndLine";"PoleAndLine";"B";"05/29/2026 08:27:51";"05/29/2026 08:27:41";"South Africa";"Pole And Line";"PoleAndLine";"Y";"NA(EEZ)";"NA";"Y";"Y";"Y";"D";"D";"D";"Y";"D";"D"
"15041";"ALBATROS";"8582523";"IMO#";"ZA";"PoleAndLine";"PoleAndLine";"B";"01/09/2026 10:43:47";"06/20/2024 15:46:41";"South Africa";"Pole And Line";"PoleAndLine";"N";"NA(EEZ)";"NA";"N";"N";"N";"D";"D";"D";"N";"D";"D"
"706";"AP 703";"7419731";"IMO#";"GH";"PoleAndLine";"PoleAndLine";"N";"07/10/2024 16:27:46";"07/10/2024 16:27:10";"Ghana";"Pole And Line";"PoleAndLine";"N";"";"N";"N";"N";"N";"D";"D";"D";"N";"D";"D"
"15043";"ARIZONA";"2783682";"IMO#";"ZA";"PoleAndLine";"PoleAndLine";"B";"01/09/2026 10:46:29";"06/20/2024 11:33:06";"South Africa";"Pole And Line";"PoleAndLine";"IP";"";"NA";"IP";"IP";"IP";"D";"D";"D";"IP";"D";"D"
"8279";"ATLANTIC HUNTER";"8774451";"IMO#";"NA";"PoleAndLine";"PoleAndLine";"N";"08/14/2026 15:41:31";"08/11/2026 08:42:40";"Namibia";"Pole And Line";"PoleAndLine";"Y";"ICCAT";"Y";"Y";"Y";"Y";"D";"D";"D";"Y";"D";"D"
"14209";"BALUGURU";"2767171";"IMO#";"ZA";"PoleAndLine";"PoleAndLine";"B";"06/30/2026 14:27:41";"06/30/2026 14:27:33";"South Africa";"Pole And Line";"PoleAndLine";"Y";"ICCAT";"Y";"Y";"Y";"Y";"D";"D";"D";"Y";"D";"D"
"14152";"BELLA DA LUNAR";"1892008";"IMO#";"ZA";"PoleAndLine";"PoleAndLine";"B";"01/09/2026 10:51:37";"07/22/2025 17:49:36";"South Africa";"Pole And Line";"PoleAndLine";"Y";"ICCAT, NA(EEZ)";"Y";"Y";"Y";"Y";"D";"D";"D";"Y";"D";"D"
"683";"BERRIZ SAN FRANCISCO";"9297450";"IMO#";"ES";"PoleAndLine";"PoleAndLine";"N";"09/17/2025 07:12:42";"06/26/2024 20:05:12";"Spain";"Pole And Line";"PoleAndLine";"Y";"ICCAT";"Y";"Y";"Y";"Y";"D";"D";"D";"Y";"D";"D"
"15042";"BLACK PEARL";"8582585";"IMO#";"ZA";"PoleAndLine";"PoleAndLine";"B";"01/09/2026 10:54:06";"06/20/2024 09:59:42";"South Africa";"Pole And Line";"PoleAndLine";"N";"NA(EEZ)";"NA";"N";"N";"N";"D";"D";"D";"N";"D";"D"
"15924";"BRAVEHEART";"8597061";"IMO#";"ZA";"PoleAndLine";"PoleAndLine";"B";"01/15/2025 19:02:21";"06/18/2024 14:42:28";"South Africa";"Pole And Line";"PoleAndLine";"Y";"";"NA";"Y";"Y";"Y";"D";"D";"D";"Y";"D";"D"
"6035";"CAHAYA MAS";"i7000174";"TUVI/ISSF";"ID";"PoleAndLine";"PoleAndLine";"N";"06/09/2026 00:37:26";"06/09/2026 00:35:02";"Indonesia";"Pole And Line";"PoleAndLine";"Y";"NA(EEZ)";"NA";"Y";"Y";"Y";"D";"D";"D";"Y";"D";"D"
"8921";"CAP ATLANTIQUE";"9083653";"IMO#";"SN";"PoleAndLine";"PoleAndLine";"N";"06/02/2026 18:19:29";"06/02/2026 18:17:17";"Senegal";"Pole And Line";"PoleAndLine";"Y";"ICCAT";"Y";"Y";"Y";"Y";"D";"D";"D";"Y";"D";"D"
"15565";"CHRISTINA ";"8591512";"IMO#";"ZA";"PoleAndLine";"PoleAndLine";"B";"08/23/2024 11:43:31";"06/19/2024 20:10:11";"South Africa";"Pole And Line";"PoleAndLine";"Y";"NA(EEZ)";"NA";"Y";"Y";"Y";"D";"D";"D";"Y";"D";"D"
"12968";"CITRA MAS 88";"i7001193";"TUVI/ISSF";"ID";"PoleAndLine";"PoleAndLine";"N";"07/31/2025 16:32:59";"07/31/2025 16:32:51";"Indonesia";"Pole And Line";"PoleAndLine";"Y";"NA(EEZ)";"NA";"Y";"Y";"Y";"D";"D";"D";"Y";"D";"D"
"6821";"COMMANDANT BIRAME THIAW";"8719243";"IMO#";"SN";"PoleAndLine";"PoleAndLine";"N";"09/25/2025 06:18:43";"06/19/2024 20:07:19";"Senegal";"Pole And Line";"PoleAndLine";"IP";"";"IP";"IP";"IP";"IP";"D";"D";"D";"IP";"D";"D"
"15687";"COMMON WEALTH";"8593974";"IMO#";"ZA";"PoleAndLine";"PoleAndLine";"B";"05/29/2026 08:32:10";"05/29/2026 08:32:01";"South Africa";"Pole And Line";"PoleAndLine";"Y";"NA(EEZ)";"NA";"Y";"Y";"Y";"D";"D";"D";"Y";"D";"D"
"718";"CORONA DEL MAR";"9093206";"IMO#";"FR";"PoleAndLine";"PoleAndLine";"N";"07/30/2025 18:26:39";"06/26/2024 19:55:33";"France";"Pole And Line";"PoleAndLine";"IP";"";"IP";"IP";"IP";"IP";"D";"D";"D";"IP";"D";"D"
"16376";"DR FISH";"8443480";"IMO#";"ZA";"PoleAndLine";"PoleAndLine";"B";"01/09/2026 11:00:09";"11/14/2023 11:21:25";"South Africa";"Pole And Line";"PoleAndLine";"Y";"NA(EEZ)";"NA";"Y";"Y";"Y";"D";"D";"D";"Y";"D";"D"
"15046";"EASY RIDER";"8582767";"IMO#";"ZA";"PoleAndLine";"PoleAndLine";"B";"01/09/2026 11:01:25";"06/19/2024 13:10:28";"South Africa";"Pole And Line";"PoleAndLine";"Y";"NA(EEZ)";"NA";"Y";"Y";"Y";"D";"D";"D";"Y";"D";"D"
"18663";"ELANDSBERG";"8461731";"IMO#";"ZA";"PoleAndLine";"PoleAndLine";"B";"06/02/2026 14:35:26";"10/23/2024 13:01:24";"South Africa";"Pole And Line";"PoleAndLine";"N";"";"NA";"N";"N";"N";"D";"D";"D";"N";"D";"D"
"14007";"ENDURANCE";"8569583";"IMO#";"ZA";"PoleAndLine";"PoleAndLine";"B";"01/09/2026 11:03:37";"08/03/2025 08:50:15";"South Africa";"Pole And Line";"PoleAndLine";"Y";"NA(EEZ)";"NA";"Y";"Y";"Y";"D";"D";"D";"Y";"D";"D"
"18445";"FREEDOM";"8462814";"IMO#";"ZA";"PoleAndLine";"PoleAndLine";"B";"05/01/2026 16:10:03";"11/26/2024 07:18:24";"South Africa";"Pole And Line";"PoleAndLine";"Y";"NA(EEZ)";"NA";"Y";"Y";"Y";"D";"D";"D";"Y";"D";"D"
"12825";"HARUM MAS 88";"i7001016";"TUVI/ISSF";"ID";"PoleAndLine";"PoleAndLine";"N";"06/05/2026 08:59:02";"06/05/2026 08:58:54";"Indonesia";"Pole And Line";"PoleAndLine";"Y";"NA(EEZ)";"NA";"Y";"Y";"Y";"D";"D";"D";"Y";"D";"D"
"15044";"HOTLINE 2";"8582597";"IMO#";"ZA";"PoleAndLine";"PoleAndLine";"B";"01/09/2026 11:09:14";"06/18/2024 10:33:38";"South Africa";"Pole And Line";"PoleAndLine";"Y";"NA(EEZ)";"NA";"Y";"Y";"Y";"D";"D";"D";"Y";"D";"D"
"15621";"IDOLA Q";"i7002112";"TUVI/ISSF";"ID";"PoleAndLine";"PoleAndLine";"B";"06/23/2026 16:35:48";"07/14/2024 10:49:22";"Indonesia";"Pole And Line";"PoleAndLine";"IP";"";"NA";"IP";"IP";"IP";"D";"D";"D";"IP";"D";"D"
"16238";"ILDA";"8438148";"IMO#";"ZA";"PoleAndLine";"PoleAndLine";"B";"01/09/2026 11:10:12";"09/06/2023 15:51:13";"South Africa";"Pole And Line";"PoleAndLine";"Y";"ICCAT, NA(EEZ)";"Y";"Y";"Y";"Y";"D";"D";"D";"Y";"D";"D"
"682";"IRIBAR ZULAIKA";"9154373";"IMO#";"ES";"PoleAndLine";"PoleAndLine";"N";"08/05/2025 08:00:29";"06/25/2024 15:29:56";"Spain";"Pole And Line";"PoleAndLine";"Y";"ICCAT";"Y";"Y";"Y";"N";"D";"D";"D";"Y";"D";"D"
"14153";"JACQUELINE";"8569595";"IMO#";"ZA";"PoleAndLine";"PoleAndLine";"B";"01/09/2026 11:11:05";"06/17/2024 14:00:55";"South Africa";"Pole And Line";"PoleAndLine";"IP";"NA(EEZ)";"NA";"IP";"IP";"IP";"D";"D";"D";"IP";"D";"D"
"15922";"KARIBA";"8596770";"IMO#";"ZA";"PoleAndLine";"PoleAndLine";"B";"01/09/2026 11:12:20";"08/12/2024 17:13:05";"South Africa";"Pole And Line";"PoleAndLine";"Y";"NA(EEZ)";"NA";"Y";"Y";"Y";"D";"D";"D";"Y";"D";"D"
"686";"KERMANTXO";"9212955";"IMO#";"ES";"PoleAndLine";"PoleAndLine";"N";"09/06/2025 17:38:24";"04/29/2016 21:14:51";"Spain";"Pole And Line";"PoleAndLine";"N";"";"N";"N";"N";"N";"D";"D";"D";"N";"D";"D"
"14154";"KU-ULA";"8570221";"IMO#";"ZA";"PoleAndLine";"PoleAndLine";"B";"01/09/2026 11:14:10";"07/03/2025 15:04:07";"South Africa";"Pole And Line";"PoleAndLine";"N";"NA(EEZ)";"NA";"N";"N";"N";"D";"D";"D";"N";"D";"D"
"15625";"KUDA LAUT JUNIOR";"i7002116";"TUVI/ISSF";"ID";"PoleAndLine";"PoleAndLine";"B";"11/12/2025 10:14:02";"07/14/2024 09:23:36";"Indonesia";"Pole And Line";"PoleAndLine";"IP";"";"NA";"IP";"IP";"IP";"D";"D";"D";"IP";"D";"D"
"15613";"LAKSEMANA";"i7002103";"TUVI/ISSF";"ID";"PoleAndLine";"PoleAndLine";"B";"08/25/2025 15:18:35";"07/14/2024 09:12:49";"Indonesia";"Pole And Line";"PoleAndLine";"IP";"";"NA";"IP";"IP";"IP";"D";"D";"D";"IP";"D";"D"
"15048";"MAINE";"8582779";"IMO#";"ZA";"PoleAndLine";"PoleAndLine";"B";"06/03/2026 10:58:54";"06/03/2026 10:58:46";"South Africa";"Pole And Line";"PoleAndLine";"Y";"NA(EEZ)";"NA";"Y";"Y";"Y";"D";"D";"D";"Y";"D";"D"
"10747";"MALACHITE";"9880506";"IMO#";"ZA";"PoleAndLine";"PoleAndLine";"N";"01/09/2026 11:17:15";"06/12/2024 12:59:16";"South Africa";"Pole And Line";"PoleAndLine";"IP";"";"IP";"IP";"IP";"IP";"D";"D";"D";"IP";"D";"D"
"15035";"MALAGAS 2";"8334885";"IMO#";"ZA";"PoleAndLine";"PoleAndLine";"B";"11/21/2025 13:41:15";"06/12/2024 12:02:22";"South Africa";"Pole And Line";"PoleAndLine";"IP";"";"IP";"IP";"IP";"IP";"D";"D";"D";"IP";"D";"D"
"2695";"MARINE 707";"7419755";"IMO#";"GH";"PoleAndLine";"PoleAndLine";"N";"10/23/2024 16:48:41";"06/25/2024 14:03:37";"Ghana";"Pole And Line";"PoleAndLine";"N";"";"N";"N";"N";"N";"D";"D";"D";"N";"D";"D"
"15563";"MAVERICK";"8591495";"IMO#";"ZA";"PoleAndLine";"PoleAndLine";"B";"01/09/2026 11:19:04";"06/12/2024 11:51:32";"South Africa";"Pole And Line";"PoleAndLine";"Y";"NA(EEZ)";"NA";"Y";"Y";"Y";"D";"D";"D";"Y";"D";"D"
"14131";"MELATI";"i7001637";"TUVI/ISSF";"ID";"PoleAndLine";"PoleAndLine";"B";"05/28/2026 10:44:23";"08/11/2025 16:03:44";"Indonesia";"Pole And Line";"PoleAndLine";"IP";"";"NA";"IP";"IP";"IP";"D";"D";"D";"IP";"D";"D"
"16377";"MPHO";"8444501";"IMO#";"ZA";"PoleAndLine";"PoleAndLine";"B";"01/09/2026 11:20:13";"11/14/2023 12:31:20";"South Africa";"Pole And Line";"PoleAndLine";"Y";"NA(EEZ)";"NA";"Y";"Y";"Y";"D";"D";"D";"Y";"D";"D"
"10697";"NICKY B";"8550714";"IMO#";"ZA";"PoleAndLine";"PoleAndLine";"N";"01/09/2026 11:20:59";"06/07/2024 10:21:11";"South Africa";"Pole And Line";"PoleAndLine";"Y";"NA(EEZ)";"NA";"Y";"Y";"Y";"D";"D";"D";"Y";"D";"D"
"15051";"NICOLETTE";"2786139";"IMO#";"ZA";"PoleAndLine";"PoleAndLine";"B";"01/09/2026 11:21:44";"07/03/2025 08:51:20";"South Africa";"Pole And Line";"PoleAndLine";"Y";"NA(EEZ)";"NA";"Y";"Y";"Y";"D";"D";"D";"Y";"D";"D"
"15039";"OCEANA ROCKET";"2776835";"IMO#";"ZA";"PoleAndLine";"PoleAndLine";"B";"01/09/2026 11:25:13";"06/07/2024 10:19:34";"South Africa";"Pole And Line";"PoleAndLine";"IP";"";"IP";"IP";"IP";"IP";"D";"D";"D";"IP";"D";"D"
"16513";"OCEANIC HUNTER";"9961269";"IMO#";"ZA";"PoleAndLine";"PoleAndLine";"B";"06/06/2025 09:05:11";"11/08/2024 08:23:43";"South Africa";"Pole And Line";"PoleAndLine";"Y";"NA(EEZ)";"NA";"Y";"Y";"Y";"D";"D";"D";"Y";"D";"D"
"15923";"PERLE DU ATLANTIC";"8596768";"IMO#";"ZA";"PoleAndLine";"PoleAndLine";"B";"01/09/2026 11:28:25";"06/13/2024 11:08:02";"South Africa";"Pole And Line";"PoleAndLine";"Y";"";"NA";"Y";"Y";"Y";"D";"D";"D";"Y";"D";"D"
"687";"PILAR TORRE";"9154361";"IMO#";"ES";"PoleAndLine";"PoleAndLine";"N";"08/05/2025 09:59:09";"06/25/2024 13:59:55";"Spain";"Pole And Line";"PoleAndLine";"Y";"ICCAT";"Y";"Y";"Y";"N";"D";"D";"D";"Y";"D";"D"
"8029";"PLUTO";"TUVI-0014786";"TUVI/ISSF";"ID";"PoleAndLine";"PoleAndLine";"N";"11/28/2025 08:01:13";"06/04/2025 18:27:02";"Indonesia";"Pole And Line";"PoleAndLine";"N";"";"N";"N";"N";"N";"D";"D";"D";"N";"D";"D"
"16375";"POSEIDON";"1036977";"IMO#";"ZA";"PoleAndLine";"PoleAndLine";"B";"08/23/2024 11:59:58";"11/02/2023 10:00:04";"South Africa";"Pole And Line";"PoleAndLine";"Y";"ICCAT, NA(EEZ)";"Y";"Y";"Y";"Y";"D";"D";"D";"Y";"D";"D"
"6820";"PRESIDENT MAGATTE AYA DIACK 2";"8606355";"IMO#";"SN";"PoleAndLine";"PoleAndLine";"N";"09/25/2025 06:18:18";"06/07/2024 10:17:49";"Senegal";"Pole And Line";"PoleAndLine";"IP";"";"IP";"IP";"IP";"IP";"D";"D";"D";"IP";"D";"D"
"6819";"PRESIDENT MATAR NDIAYE 2";"9189691";"IMO#";"SN";"PoleAndLine";"PoleAndLine";"N";"09/25/2025 06:17:59";"06/07/2024 10:16:27";"Senegal";"Pole And Line";"PoleAndLine";"IP";"";"IP";"IP";"IP";"IP";"D";"D";"D";"IP";"D";"D"
"16378";"PROSPECTOR";"8443985";"IMO#";"ZA";"PoleAndLine";"PoleAndLine";"B";"01/09/2026 11:29:35";"11/14/2023 12:56:54";"South Africa";"Pole And Line";"PoleAndLine";"Y";"NA(EEZ)";"NA";"Y";"Y";"Y";"D";"D";"D";"Y";"D";"D"
"10896";"RACHMAT";"i7000794";"TUVI/ISSF";"ID";"PoleAndLine";"PoleAndLine";"B";"07/28/2026 17:50:34";"08/17/2025 10:32:23";"Indonesia";"Pole And Line";"PoleAndLine";"IP";"NA(EEZ)";"NA";"IP";"IP";"IP";"D";"D";"D";"IP";"D";"D"
"6822";"RAMATOULAYE";"7110414";"IMO#";"SN";"PoleAndLine";"PoleAndLine";"N";"12/02/2025 16:14:14";"06/07/2024 10:13:49";"Senegal";"Pole And Line";"PoleAndLine";"IP";"";"IP";"IP";"IP";"IP";"D";"D";"D";"IP";"D";"D"
"15638";"RAZAWALI 1";"i7002129";"TUVI/ISSF";"ID";"PoleAndLine";"PoleAndLine";"B";"10/02/2025 05:35:18";"07/15/2024 17:04:36";"Indonesia";"Pole And Line";"PoleAndLine";"IP";"";"NA";"IP";"IP";"IP";"D";"D";"D";"IP";"D";"D"
"14155";"RIJGER";"2778247";"IMO#";"ZA";"PoleAndLine";"PoleAndLine";"B";"01/09/2026 11:31:11";"06/03/2025 12:05:54";"South Africa";"Pole And Line";"PoleAndLine";"Y";"NA(EEZ)";"NA";"Y";"Y";"Y";"D";"D";"D";"Y";"D";"D"
"15038";"RRR";"8582224";"IMO#";"ZA";"PoleAndLine";"PoleAndLine";"B";"01/09/2026 11:32:27";"06/03/2025 12:05:05";"South Africa";"Pole And Line";"PoleAndLine";"Y";"NA(EEZ)";"NA";"Y";"Y";"Y";"D";"D";"D";"Y";"D";"D"
"12346";"SANTA CRUZ";"9833022";"IMO#";"ZA";"PoleAndLine";"PoleAndLine";"B";"06/03/2025 11:52:23";"06/03/2025 11:52:15";"South Africa";"Pole And Line";"PoleAndLine";"Y";"ICCAT";"Y";"Y";"Y";"Y";"D";"D";"D";"Y";"D";"D"
"12478";"SANTA MONICA";"9679543";"IMO#";"ZA";"PoleAndLine";"PoleAndLine";"B";"06/02/2026 14:40:56";"06/13/2024 06:52:57";"South Africa";"Pole And Line";"PoleAndLine";"Y";"ICCAT";"Y";"Y";"Y";"Y";"D";"D";"D";"Y";"D";"D"
"18454";"SAO GABRIEL";"8447242";"IMO#";"ZA";"PoleAndLine";"PoleAndLine";"B";"02/26/2026 17:01:15";"02/10/2026 10:48:31";"South Africa";"Pole And Line";"PoleAndLine";"Y";"NA(EEZ)";"NA";"Y";"Y";"Y";"D";"D";"D";"Y";"D";"D"
"6260";"SEA PLUS 87";"7410307";"IMO#";"GH";"PoleAndLine";"PoleAndLine";"N";"06/03/2026 15:44:20";"06/03/2025 11:51:00";"Ghana";"Pole And Line";"PoleAndLine";"Y";"ICCAT";"Y";"Y";"Y";"Y";"D";"D";"D";"Y";"D";"D"
"13135";"SINAR BAHARI";"i7001351";"TUVI/ISSF";"ID";"PoleAndLine";"PoleAndLine";"N";"08/19/2025 20:53:20";"08/19/2025 20:53:15";"Indonesia";"Pole And Line";"PoleAndLine";"Y";"NA(EEZ)";"NA";"Y";"Y";"Y";"D";"D";"D";"Y";"D";"D"
"14115";"SOUTH WEST HERON";"8569571";"IMO#";"ZA";"PoleAndLine";"PoleAndLine";"B";"01/09/2026 11:36:25";"06/03/2025 11:49:52";"South Africa";"Pole And Line";"PoleAndLine";"Y";"NA(EEZ)";"NA";"Y";"Y";"Y";"D";"D";"D";"Y";"D";"D"
"14156";"SOUTH WEST LAPWING";"2780379";"IMO#";"ZA";"PoleAndLine";"PoleAndLine";"B";"01/09/2026 11:37:18";"06/03/2025 11:49:32";"South Africa";"Pole And Line";"PoleAndLine";"Y";"NA(EEZ)";"NA";"Y";"Y";"Y";"D";"D";"D";"Y";"D";"D"
"9936";"SOUTHERN CROSS";"8687971";"IMO#";"ZA";"PoleAndLine";"PoleAndLine";"B";"01/09/2026 11:38:19";"06/03/2025 05:58:04";"South Africa";"Pole And Line";"PoleAndLine";"Y";"ICCAT";"Y";"Y";"Y";"Y";"D";"D";"D";"Y";"D";"D"
"10987";"SURYA MAS 88";"i7000885";"TUVI/ISSF";"ID";"PoleAndLine";"PoleAndLine";"B";"05/28/2026 11:00:01";"08/19/2025 21:18:04";"Indonesia";"Pole And Line";"PoleAndLine";"Y";"NA(EEZ)";"NA";"Y";"Y";"Y";"D";"D";"D";"Y";"D";"D"
"15034";"TARRYN AMY";"2942252";"IMO#";"ZA";"PoleAndLine";"PoleAndLine";"B";"06/26/2026 03:01:32";"06/02/2025 18:11:32";"South Africa";"Pole And Line";"PoleAndLine";"N";"";"NA";"N";"N";"N";"D";"D";"D";"N";"D";"D"
"15564";"THORFIN";"8582676";"IMO#";"ZA";"PoleAndLine";"PoleAndLine";"B";"07/13/2026 13:32:29";"06/06/2024 12:33:36";"South Africa";"Pole And Line";"PoleAndLine";"Y";"NA(EEZ)";"NA";"Y";"Y";"N";"D";"D";"D";"Y";"D";"D"
"19555";"TIGHTLINE ";"1159884";"IMO#";"ZA";"PoleAndLine";"PoleAndLine";"B";"02/26/2026 17:04:47";"02/25/2026 07:48:00";"South Africa";"Pole And Line";"PoleAndLine";"Y";"NA(EEZ)";"NA";"Y";"Y";"Y";"D";"D";"D";"Y";"D";"D"
"10030";"TIYALINA";"8687880";"IMO#";"ZA";"PoleAndLine";"PoleAndLine";"N";"01/09/2026 11:41:46";"06/02/2025 18:10:55";"South Africa";"Pole And Line";"PoleAndLine";"Y";"ICCAT";"Y";"Y";"Y";"Y";"D";"D";"D";"Y";"D";"D"
"15505";"TRITON";"9945708";"IMO#";"ZA";"PoleAndLine";"PoleAndLine";"B";"01/09/2026 11:43:02";"06/06/2024 12:28:11";"South Africa";"Pole And Line";"PoleAndLine";"IP";"";"IP";"IP";"IP";"IP";"D";"D";"D";"IP";"D";"D"
"15049";"TYLER'S TIDE";"9948621";"IMO#";"ZA";"PoleAndLine";"PoleAndLine";"B";"01/09/2026 11:44:07";"06/02/2025 17:23:31";"South Africa";"Pole And Line";"PoleAndLine";"Y";"NA(EEZ)";"NA";"Y";"Y";"Y";"D";"D";"D";"Y";"D";"D"
"14304";"VENIO";"8578833";"IMO#";"ID";"PoleAndLine";"PoleAndLine";"B";"08/24/2025 16:18:46";"08/24/2025 16:18:37";"Indonesia";"Pole And Line";"PoleAndLine";"Y";"NA(EEZ)";"NA";"Y";"Y";"Y";"D";"D";"D";"Y";"D";"D"
"14305";"VENIO 3";"8578871";"IMO#";"ID";"PoleAndLine";"PoleAndLine";"B";"08/24/2025 16:23:06";"08/24/2025 16:22:57";"Indonesia";"Pole And Line";"PoleAndLine";"Y";"NA(EEZ)";"NA";"Y";"Y";"Y";"D";"D";"D";"Y";"D";"D"
"8030";"VENIO 7";"TUVI-0038976";"TUVI/ISSF";"ID";"PoleAndLine";"PoleAndLine";"N";"06/12/2026 18:51:16";"06/04/2025 19:27:46";"Indonesia";"Pole And Line";"PoleAndLine";"N";"";"N";"N";"N";"N";"D";"D";"D";"N";"D";"D"
"6277";"VO DAVID";"8614637";"IMO#";"BR";"PoleAndLine";"PoleAndLine";"N";"09/06/2025 17:35:53";"08/19/2024 16:08:13";"Brazil";"Pole And Line";"PoleAndLine";"N";"";"N";"N";"N";"N";"D";"D";"D";"N";"D";"D"
"15040";"WESKUS 2";"2782731";"IMO#";"ZA";"PoleAndLine";"PoleAndLine";"B";"01/09/2026 11:45:48";"05/17/2023 13:58:23";"South Africa";"Pole And Line";"PoleAndLine";"Y";"";"NA";"Y";"Y";"Y";"D";"D";"D";"Y";"D";"D"
"18233";"ACILA";"9957787";"IMO#";"OM";"PurseSeine";"PurseSeine_Large";"B";"08/12/2026 11:34:50";"12/18/2024 06:59:58";"Oman";"Purse Seine Large";"PurseSeine_Large";"Y";"IOTC";"Y";"Y";"Y";"Y";"Y";"Y";"Y";"Y";"D";"Y"
"18247";"ADAMAS";"9957799";"IMO#";"OM";"PurseSeine";"PurseSeine_Large";"B";"08/12/2026 11:35:18";"12/18/2024 06:59:58";"Oman";"Purse Seine Large";"PurseSeine_Large";"Y";"IOTC";"Y";"Y";"Y";"Y";"Y";"Y";"Y";"Y";"D";"Y"
"312";"ADRIA DEL MAR";"7363059";"IMO#";"EC";"PurseSeine";"PurseSeine_Large";"N";"07/02/2026 09:24:02";"07/02/2026 09:23:39";"Ecuador";"Purse Seine Large";"PurseSeine_Large";"Y";"IATTC";"Y";"Y";"Y";"Y";"Y";"Y";"Y";"Y";"D";"Y"
"876";"AFKO 808";"9020807";"IMO#";"GH";"PurseSeine";"PurseSeine_Large";"N";"10/17/2025 19:56:02";"09/08/2025 15:50:18";"Ghana";"Purse Seine Large";"PurseSeine_Large";"Y";"ICCAT";"Y";"Y";"Y";"Y";"Y";"Y";"Y";"Y";"D";"Y"
"6880";"AFKO FOODS 805";"8017786";"IMO#";"GH";"PurseSeine";"PurseSeine_Large";"N";"01/26/2026 12:02:21";"05/30/2023 08:17:24";"Ghana";"Purse Seine Large";"PurseSeine_Large";"Y";"ICCAT";"Y";"Y";"Y";"Y";"Y";"Y";"Y";"Y";"D";"Y"
"117";"AFRICA STAR";"8010386";"IMO#";"GH";"PurseSeine";"PurseSeine_Large";"N";"08/21/2025 08:10:10";"05/12/2022 15:39:00";"Ghana";"Purse Seine Large";"PurseSeine_Large";"Y";"ICCAT";"Y";"Y";"Y";"Y";"Y";"Y";"Y";"Y";"D";"Y"
"571";"AGNES 1";"7437202";"IMO#";"GH";"PurseSeine";"PurseSeine_Large";"N";"06/07/2026 02:37:57";"06/07/2026 02:37:32";"Ghana";"Purse Seine Large";"PurseSeine_Large";"Y";"ICCAT";"Y";"Y";"Y";"Y";"Y";"Y";"Y";"Y";"D";"Y"
"89";"ALAKRANA";"9335745";"IMO#";"ES";"PurseSeine";"PurseSeine_Large";"N";"03/05/2025 11:31:37";"06/27/2024 14:39:42";"Spain";"Purse Seine Large";"PurseSeine_Large";"Y";"IOTC";"Y";"Y";"Y";"Y";"Y";"Y";"Y";"Y";"D";"Y"
"6";"ALBACAN";"8906468";"IMO#";"MU";"PurseSeine";"PurseSeine_Large";"N";"12/11/2024 14:41:43";"04/05/2022 19:11:55";"Mauritius";"Purse Seine Large";"PurseSeine_Large";"Y";"IOTC";"Y";"Y";"Y";"Y";"Y";"Y";"Y";"Y";"D";"Y"
"14";"ALBACORA CARIBE";"8716825";"IMO#";"PA";"PurseSeine";"PurseSeine_Large";"N";"07/16/2025 09:36:55";"05/12/2022 15:27:46";"Panama";"Purse Seine Large";"PurseSeine_Large";"Y";"ICCAT";"Y";"Y";"Y";"Y";"Y";"Y";"Y";"Y";"D";"Y"
"47";"ALBACORA CUATRO";"7325904";"IMO#";"ES";"PurseSeine";"PurseSeine_Large";"N";"12/11/2024 14:43:37";"06/20/2024 15:55:23";"Spain";"Purse Seine Large";"PurseSeine_Large";"Y";"IOTC";"Y";"Y";"Y";"Y";"Y";"Y";"Y";"Y";"D";"Y"
"2";"ALBACORA QUINCE";"8206296";"IMO#";"ES";"PurseSeine";"PurseSeine_Large";"N";"04/04/2025 11:46:51";"05/12/2022 15:29:59";"Spain";"Purse Seine Large";"PurseSeine_Large";"Y";"ICCAT";"Y";"Y";"Y";"Y";"Y";"Y";"Y";"Y";"D";"Y"
"7997";"ALBACORA UNO";"9127435";"IMO#";"ES";"PurseSeine";"PurseSeine_Large";"N";"06/04/2026 02:07:49";"06/04/2026 02:06:32";"Spain";"Purse Seine Large";"PurseSeine_Large";"Y";"IOTC";"Y";"Y";"Y";"Y";"Y";"Y";"Y";"Y";"D";"Y"
"5";"ALBATUN DOS";"9281308";"IMO#";"ES";"PurseSeine";"PurseSeine_Large";"B";"06/03/2026 12:47:41";"06/03/2026 12:46:29";"Spain";"Purse Seine Large";"PurseSeine_Large";"Y";"IOTC";"Y";"Y";"Y";"Y";"Y";"Y";"Y";"Y";"D";"Y"
"1";"ALBATUN TRES";"9281310";"IMO#";"ES";"PurseSeine";"PurseSeine_Large";"N";"05/29/2026 11:24:54";"07/03/2025 09:22:02";"Spain";"Purse Seine Large";"PurseSeine_Large";"Y";"IATTC, WCPFC";"Y";"Y";"Y";"Y";"Y";"Y";"Y";"Y";"D";"Y"
"109";"ALBONIGA";"8613267";"IMO#";"ES";"PurseSeine";"PurseSeine_Large";"N";"08/20/2025 15:26:11";"08/16/2024 10:59:07";"Spain";"Purse Seine Large";"PurseSeine_Large";"Y";"ICCAT";"Y";"Y";"Y";"Y";"Y";"Y";"Y";"Y";"D";"Y"
"731";"ALDO";"8328094";"IMO#";"EC";"PurseSeine";"PurseSeine_Large";"N";"06/19/2026 09:51:08";"06/19/2026 09:50:36";"Ecuador";"Purse Seine Large";"PurseSeine_Large";"Y";"IATTC";"Y";"Y";"Y";"Y";"Y";"Y";"Y";"Y";"D";"Y"
"289";"ALEJANDRA";"8716277";"IMO#";"EC";"PurseSeine";"PurseSeine_Large";"N";"03/27/2025 14:01:55";"07/15/2024 16:03:16";"Ecuador";"Purse Seine Large";"PurseSeine_Large";"Y";"IATTC";"Y";"Y";"Y";"Y";"Y";"Y";"Y";"Y";"D";"Y"
"80";"ALESHKA";"8415897";"IMO#";"MA";"PurseSeine";"PurseSeine_Large";"N";"08/21/2025 15:04:44";"07/03/2025 09:48:38";"Morocco";"Purse Seine Large";"PurseSeine_Large";"IP";"";"IP";"IP";"IP";"IP";"IP";"IP";"IP";"IP";"D";"IP"
"78";"ALESSIA";"8618736";"IMO#";"EC";"PurseSeine";"PurseSeine_Large";"N";"07/03/2025 13:23:31";"07/03/2025 13:23:16";"Ecuador";"Purse Seine Large";"PurseSeine_Large";"Y";"";"N";"Y";"Y";"Y";"Y";"Y";"Y";"Y";"D";"Y"
"6284";"ALETA AZUL";"8030245";"IMO#";"VE";"PurseSeine";"PurseSeine_Large";"N";"08/05/2025 07:57:07";"06/20/2024 11:54:22";"Venezuela, Bolivarian Republic of";"Purse Seine Large";"PurseSeine_Large";"Y";"IATTC";"Y";"Y";"Y";"Y";"Y";"Y";"Y";"Y";"D";"Y"
"122";"ALINA";"7920168";"IMO#";"EC";"PurseSeine";"PurseSeine_Large";"N";"07/17/2025 13:47:48";"04/05/2022 19:14:25";"Ecuador";"Purse Seine Large";"PurseSeine_Large";"Y";"IATTC";"Y";"Y";"Y";"Y";"Y";"Y";"Y";"Y";"D";"Y"
"678";"ALIZE";"7327885";"IMO#";"EC";"PurseSeine";"PurseSeine_Large";"N";"07/30/2025 17:49:31";"07/09/2025 07:40:10";"Ecuador";"Purse Seine Large";"PurseSeine_Large";"Y";"IATTC";"Y";"Y";"Y";"Y";"Y";"Y";"Y";"Y";"D";"Y"
"200";"ALMIRANTE 1";"7409164";"IMO#";"PA";"PurseSeine";"PurseSeine_Large";"N";"07/30/2025 12:13:07";"06/20/2024 11:48:35";"Panama";"Purse Seine Large";"PurseSeine_Large";"Y";"IATTC";"Y";"Y";"Y";"Y";"Y";"Y";"Y";"Y";"D";"Y"
"658";"AMALIS";"8800808";"IMO#";"EC";"PurseSeine";"PurseSeine_Large";"N";"07/16/2025 11:14:23";"07/18/2024 16:52:48";"Ecuador";"Purse Seine Large";"PurseSeine_Large";"Y";"IATTC";"Y";"Y";"Y";"Y";"NA";"Y";"Y";"Y";"D";"Y"
"410";"AMARYLLIS 88";"8748529";"IMO#";"PG";"PurseSeine";"PurseSeine_Large";"N";"06/26/2026 10:46:44";"06/26/2026 10:46:29";"Papua New Guinea";"Purse Seine Large";"PurseSeine_Large";"Y";"WCPFC";"Y";"Y";"Y";"Y";"Y";"Y";"Y";"Y";"D";"Y"
"710";"AMAZONAS";"7121138";"IMO#";"VE";"PurseSeine";"PurseSeine_Large";"N";"07/31/2026 05:40:18";"06/07/2026 02:42:20";"Venezuela, Bolivarian Republic of";"Purse Seine Large";"PurseSeine_Large";"IP";"";"IP";"IP";"IP";"IP";"IP";"IP";"IP";"IP";"D";"IP"
"709";"AMERICAN VICTORY";"9556674";"IMO#";"US";"PurseSeine";"PurseSeine_Large";"N";"05/03/2026 19:23:21";"02/27/2026 23:56:33";"United States of America";"Purse Seine Large";"PurseSeine_Large";"Y";"IATTC, WCPFC";"Y";"Y";"Y";"Y";"Y";"Y";"Y";"Y";"D";"Y"
"756";"ANDREA 1";"7365227";"IMO#";"NI";"PurseSeine";"PurseSeine_Large";"N";"06/02/2026 13:39:38";"06/02/2026 13:39:13";"Nicaragua";"Purse Seine Large";"PurseSeine_Large";"Y";"IATTC";"Y";"Y";"Y";"Y";"Y";"Y";"Y";"Y";"D";"Y"
"891";"ANDREA D";"8915134";"IMO#";"EC";"PurseSeine";"PurseSeine_Large";"N";"07/13/2026 13:31:25";"05/18/2023 13:08:53";"Ecuador";"Purse Seine Large";"PurseSeine_Large";"Y";"IATTC";"Y";"Y";"Y";"Y";"Y";"Y";"Y";"Y";"D";"Y"
"724";"ANTONIO H";"8908686";"IMO#";"EC";"PurseSeine";"PurseSeine_Large";"N";"07/17/2025 16:18:06";"06/18/2025 10:45:14";"Ecuador";"Purse Seine Large";"PurseSeine_Large";"Y";"IATTC";"Y";"Y";"Y";"Y";"Y";"Y";"Y";"Y";"D";"Y"
"704";"ARIETE";"9212280";"IMO#";"EC";"PurseSeine";"PurseSeine_Large";"N";"06/03/2026 11:20:55";"06/03/2026 11:20:42";"Ecuador";"Purse Seine Large";"PurseSeine_Large";"Y";"IATTC";"Y";"Y";"Y";"Y";"Y";"Y";"Y";"Y";"D";"Y"
"113";"ARTZA";"9202144";"IMO#";"SC";"PurseSeine";"PurseSeine_Large";"N";"09/16/2025 16:12:20";"08/16/2024 10:49:39";"Seychelles";"Purse Seine Large";"PurseSeine_Large";"Y";"IOTC";"Y";"Y";"Y";"Y";"Y";"Y";"Y";"Y";"D";"Y"
"645";"ATAHUALPA";"7124996";"IMO#";"PA";"PurseSeine";"PurseSeine_Large";"N";"08/20/2026 11:06:42";"06/12/2025 16:22:43";"Panama";"Purse Seine Large";"PurseSeine_Large";"Y";"IATTC";"Y";"Y";"Y";"Y";"Y";"Y";"Y";"Y";"D";"Y"
"10397";"ATERPE ALAI";"9842011";"IMO#";"ES";"PurseSeine";"PurseSeine_Large";"N";"06/19/2026 11:28:33";"06/19/2026 11:27:42";"Spain";"Purse Seine Large";"PurseSeine_Large";"Y";"IOTC";"Y";"Y";"Y";"Y";"Y";"Y";"Y";"Y";"D";"Y"
"119";"ATLANTIC GLORY";"8919403";"IMO#";"BZ";"PurseSeine";"PurseSeine_Large";"N";"08/21/2025 08:11:36";"06/19/2017 20:14:53";"Belize";"Purse Seine Large";"PurseSeine_Large";"Y";"ICCAT";"Y";"Y";"Y";"Y";"Y";"Y";"Y";"Y";"D";"Y"
"118";"ATLANTIC PRINCE";"8919415";"IMO#";"BZ";"PurseSeine";"PurseSeine_Large";"N";"08/21/2025 08:10:52";"07/01/2023 09:17:12";"Belize";"Purse Seine Large";"PurseSeine_Large";"Y";"ICCAT";"Y";"Y";"Y";"Y";"Y";"Y";"Y";"Y";"D";"Y"
"114";"ATLANTIC PRINCESS";"8124412";"IMO#";"GH";"PurseSeine";"PurseSeine_Large";"N";"08/21/2025 08:05:54";"04/28/2016 03:34:27";"Ghana";"Purse Seine Large";"PurseSeine_Large";"Y";"ICCAT";"Y";"Y";"Y";"Y";"Y";"Y";"Y";"Y";"D";"Y"
"116";"ATLANTIC QUEEN";"9223227";"IMO#";"GH";"PurseSeine";"PurseSeine_Large";"N";"08/21/2025 08:09:28";"06/27/2024 13:51:45";"Ghana";"Purse Seine Large";"PurseSeine_Large";"Y";"ICCAT";"Y";"Y";"Y";"Y";"Y";"Y";"Y";"Y";"D";"Y"
"20";"AURORA B";"9156058";"IMO#";"ES";"PurseSeine";"PurseSeine_Large";"N";"05/29/2026 15:09:22";"12/07/2018 16:17:09";"Spain";"Purse Seine Large";"PurseSeine_Large";"Y";"IATTC, WCPFC";"Y";"Y";"Y";"Y";"Y";"Y";"Y";"Y";"D";"Y"
"125";"AVEL VAD";"9128520";"IMO#";"FR";"PurseSeine";"PurseSeine_Large";"N";"08/07/2025 10:33:16";"07/22/2025 17:21:37";"France";"Purse Seine Large";"PurseSeine_Large";"Y";"IOTC";"Y";"Y";"Y";"Y";"Y";"Y";"Y";"Y";"D";"Y"
"348";"AZTECA 1";"7806300";"IMO#";"MX";"PurseSeine";"PurseSeine_Large";"N";"01/15/2024 15:49:07";"01/11/2024 00:09:30";"Mexico";"Purse Seine Large";"PurseSeine_Large";"Y";"IATTC";"Y";"Y";"Y";"Y";"Y";"Y";"Y";"Y";"D";"Y"
"365";"AZTECA 10";"8812215";"IMO#";"MX";"PurseSeine";"PurseSeine_Large";"N";"01/24/2024 13:02:50";"01/11/2024 00:09:30";"Mexico";"Purse Seine Large";"PurseSeine_Large";"Y";"IATTC";"Y";"Y";"Y";"Y";"Y";"Y";"Y";"Y";"D";"Y"
"349";"AZTECA 2";"8003228";"IMO#";"MX";"PurseSeine";"PurseSeine_Large";"N";"07/22/2025 17:26:21";"07/22/2025 17:26:00";"Mexico";"Purse Seine Large";"PurseSeine_Large";"Y";"IATTC";"Y";"Y";"Y";"Y";"Y";"Y";"Y";"Y";"D";"Y"
"350";"AZTECA 3";"8111350";"IMO#";"MX";"PurseSeine";"PurseSeine_Large";"N";"08/08/2024 14:51:22";"01/11/2024 00:09:30";"Mexico";"Purse Seine Large";"PurseSeine_Large";"Y";"IATTC";"Y";"Y";"Y";"Y";"Y";"Y";"Y";"Y";"D";"Y"
"351";"AZTECA 4";"8113396";"IMO#";"MX";"PurseSeine";"PurseSeine_Large";"N";"07/22/2025 17:28:05";"07/22/2025 17:27:51";"Mexico";"Purse Seine Large";"PurseSeine_Large";"Y";"IATTC";"Y";"Y";"Y";"Y";"Y";"Y";"Y";"Y";"D";"Y"
"360";"AZTECA 5";"8113413";"IMO#";"MX";"PurseSeine";"PurseSeine_Large";"N";"08/08/2024 14:56:15";"01/11/2024 00:09:30";"Mexico";"Purse Seine Large";"PurseSeine_Large";"Y";"IATTC";"Y";"Y";"Y";"Y";"Y";"Y";"Y";"Y";"D";"Y"
"361";"AZTECA 6";"8113425";"IMO#";"MX";"PurseSeine";"PurseSeine_Large";"N";"08/08/2024 14:56:43";"01/11/2024 00:09:30";"Mexico";"Purse Seine Large";"PurseSeine_Large";"Y";"IATTC";"Y";"Y";"Y";"Y";"Y";"Y";"Y";"Y";"D";"Y"
"447";"AZTECA 7";"7823396";"IMO#";"MX";"PurseSeine";"PurseSeine_Large";"N";"06/07/2026 02:48:06";"06/07/2026 02:47:48";"Mexico";"Purse Seine Large";"PurseSeine_Large";"Y";"IATTC";"Y";"Y";"Y";"Y";"Y";"Y";"Y";"Y";"D";"Y"
"363";"AZTECA 8";"8107658";"IMO#";"MX";"PurseSeine";"PurseSeine_Large";"N";"07/22/2025 17:29:20";"07/22/2025 17:29:04";"Mexico";"Purse Seine Large";"PurseSeine_Large";"Y";"IATTC";"Y";"Y";"Y";"Y";"Y";"Y";"Y";"Y";"D";"Y"
"364";"AZTECA 9";"8102309";"IMO#";"MX";"PurseSeine";"PurseSeine_Large";"N";"07/22/2025 17:30:05";"07/22/2025 17:29:47";"Mexico";"Purse Seine Large";"PurseSeine_Large";"Y";"IATTC";"Y";"Y";"Y";"Y";"Y";"Y";"Y";"Y";"D";"Y"
"8312";"BAMAR 1";"9130731";"IMO#";"PE";"PurseSeine";"PurseSeine_Large";"N";"07/22/2026 12:10:13";"05/24/2024 10:48:21";"Peru";"Purse Seine Large";"PurseSeine_Large";"IP";"";"IP";"IP";"IP";"IP";"IP";"IP";"IP";"IP";"D";"IP"
"8313";"BAMAR II";"9130743";"IMO#";"PE";"PurseSeine";"PurseSeine_Large";"N";"07/30/2025 17:59:48";"05/24/2024 10:42:58";"Peru";"Purse Seine Large";"PurseSeine_Large";"IP";"";"IP";"IP";"IP";"IP";"IP";"IP";"IP";"IP";"D";"IP"
"492";"BAMAR VIII";"9133678";"IMO#";"PE";"PurseSeine";"PurseSeine_Large";"N";"06/28/2024 07:26:13";"07/01/2023 10:23:59";"Peru";"Purse Seine Large";"PurseSeine_Large";"N";"";"N";"N";"N";"N";"N";"N";"N";"N";"D";"N"
"727";"BAO LUCKY";"7809273";"IMO#";"BZ";"PurseSeine";"PurseSeine_Large";"N";"06/22/2026 01:30:32";"06/07/2026 02:51:38";"Belize";"Purse Seine Large";"PurseSeine_Large";"Y";"ICCAT";"Y";"Y";"Y";"Y";"Y";"Y";"Y";"Y";"D";"Y"
"728";"BAO WIN";"7360320";"IMO#";"BZ";"PurseSeine";"PurseSeine_Large";"N";"04/04/2025 13:44:36";"02/15/2022 12:30:46";"Belize";"Purse Seine Large";"PurseSeine_Large";"Y";"ICCAT";"Y";"Y";"Y";"Y";"Y";"Y";"Y";"Y";"D";"Y"
"529";"BARAKA";"8103107";"IMO#";"PA";"PurseSeine";"PurseSeine_Large";"N";"03/04/2026 11:38:27";"05/29/2024 07:38:58";"Panama";"Purse Seine Large";"PurseSeine_Large";"Y";"IATTC";"Y";"Y";"Y";"Y";"Y";"Y";"Y";"Y";"D";"Y"
"204";"BEATRIZ CRISTINA";"8806955";"IMO#";"US";"PurseSeine";"PurseSeine_Large";"N";"05/31/2026 16:04:19";"10/27/2025 19:56:36";"United States of America";"Purse Seine Large";"PurseSeine_Large";"Y";"IATTC";"Y";"Y";"Y";"Y";"Y";"Y";"Y";"Y";"D";"Y"
"391";"BELINDA";"9108946";"IMO#";"PH";"PurseSeine";"PurseSeine_Large";"N";"06/19/2026 16:39:19";"06/19/2026 16:38:45";"Philippines";"Purse Seine Large";"PurseSeine_Large";"Y";"WCPFC";"Y";"Y";"Y";"Y";"Y";"Y";"Y";"Y";"D";"Y"
"376";"BELLE ISLE";"9679634";"IMO#";"EC";"PurseSeine";"PurseSeine_Large";"N";"10/09/2025 12:17:20";"08/30/2024 18:17:37";"Ecuador";"Purse Seine Large";"PurseSeine_Large";"Y";"IATTC";"Y";"Y";"Y";"Y";"Y";"Y";"Y";"Y";"D";"Y"
"375";"BELLE RIVE";"9679622";"IMO#";"EC";"PurseSeine";"PurseSeine_Large";"N";"10/09/2025 12:16:28";"07/22/2025 17:54:41";"Ecuador";"Purse Seine Large";"PurseSeine_Large";"Y";"IATTC";"Y";"Y";"Y";"Y";"Y";"Y";"Y";"Y";"D";"Y"
"142";"BELOUVE";"9653848";"IMO#";"EC";"PurseSeine";"PurseSeine_Large";"N";"10/09/2025 12:13:16";"10/29/2024 14:22:20";"Ecuador";"Purse Seine Large";"PurseSeine_Large";"Y";"IATTC";"Y";"Y";"Y";"Y";"Y";"Y";"Y";"Y";"D";"Y"
"10587";"BERNARDITA B";"7015133";"IMO#";"EC";"PurseSeine";"PurseSeine_Large";"N";"04/16/2025 15:16:56";"03/21/2022 10:32:42";"Ecuador";"Purse Seine Large";"PurseSeine_Large";"Y";"IATTC";"Y";"Y";"Y";"Y";"Y";"Y";"Y";"Y";"D";"Y"
"143";"BERNICA";"9600853";"IMO#";"FR";"PurseSeine";"PurseSeine_Large";"N";"05/08/2025 16:36:43";"05/08/2025 16:36:23";"France";"Purse Seine Large";"PurseSeine_Large";"Y";"IOTC";"Y";"Y";"Y";"Y";"Y";"Y";"Y";"Y";"D";"Y"
"203";"BETI AURRERA";"9228162";"IMO#";"SC";"PurseSeine";"PurseSeine_Large";"N";"08/03/2026 18:35:57";"01/31/2025 13:20:47";"Seychelles";"Purse Seine Large";"PurseSeine_Large";"IP";"";"IP";"IP";"IP";"IP";"IP";"IP";"IP";"IP";"D";"IP"
"243";"BLUE OCEAN";"9509396";"IMO#";"KR";"PurseSeine";"PurseSeine_Large";"N";"05/05/2025 13:04:48";"05/05/2025 13:04:24";"Korea, Republic of";"Purse Seine Large";"PurseSeine_Large";"Y";"IOTC, WCPFC";"Y";"Y";"Y";"Y";"Y";"Y";"Y";"Y";"D";"Y"
"11159";"BONAMI";"9848869";"IMO#";"KR";"PurseSeine";"PurseSeine_Large";"B";"05/29/2026 11:40:47";"06/30/2023 10:59:30";"Korea, Republic of";"Purse Seine Large";"PurseSeine_Large";"Y";"WCPFC";"Y";"Y";"Y";"Y";"Y";"Y";"Y";"Y";"D";"Y"
"386";"BONNIE";"8124060";"IMO#";"MX";"PurseSeine";"PurseSeine_Large";"N";"07/28/2025 15:11:10";"07/28/2025 15:10:56";"Mexico";"Purse Seine Large";"PurseSeine_Large";"Y";"IATTC";"Y";"Y";"Y";"Y";"Y";"Y";"Y";"Y";"D";"Y"
"372";"CAMILA";"9685580";"IMO#";"MX";"PurseSeine";"PurseSeine_Large";"N";"07/28/2025 15:33:34";"07/28/2025 15:33:15";"Mexico";"Purse Seine Large";"PurseSeine_Large";"Y";"IATTC";"Y";"Y";"Y";"Y";"Y";"Y";"Y";"Y";"D";"Y"
"262";"CAP BERNY B";"7826702";"IMO#";"EC";"PurseSeine";"PurseSeine_Large";"N";"07/28/2025 15:37:16";"07/28/2025 15:36:35";"Ecuador";"Purse Seine Large";"PurseSeine_Large";"Y";"IATTC";"Y";"Y";"Y";"Y";"Y";"Y";"Y";"Y";"D";"Y"
"127";"CAP BOJADOR";"8908026";"IMO#";"FR";"PurseSeine";"PurseSeine_Large";"N";"12/11/2024 16:16:35";"08/19/2024 14:08:06";"France";"Purse Seine Large";"PurseSeine_Large";"Y";"ICCAT";"Y";"Y";"Y";"Y";"Y";"Y";"Y";"Y";"D";"Y"
"266";"CAP DANNY B";"7015121";"IMO#";"EC";"PurseSeine";"PurseSeine_Large";"N";"04/16/2025 15:20:35";"05/20/2022 09:57:28";"Ecuador";"Purse Seine Large";"PurseSeine_Large";"Y";"IATTC";"Y";"Y";"Y";"Y";"Y";"Y";"Y";"Y";"D";"Y"
"129";"CAP SAINT VINCENT";"9225536";"IMO#";"FR";"PurseSeine";"PurseSeine_Large";"N";"07/17/2025 16:31:42";"05/20/2022 09:53:57";"France";"Purse Seine Large";"PurseSeine_Large";"Y";"IOTC";"Y";"Y";"Y";"Y";"Y";"Y";"Y";"Y";"D";"Y"
"128";"CAP SAINTE MARIE";"9168063";"IMO#";"FR";"PurseSeine";"PurseSeine_Large";"N";"08/07/2025 10:33:22";"07/28/2025 15:50:40";"France";"Purse Seine Large";"PurseSeine_Large";"Y";"IOTC";"Y";"Y";"Y";"Y";"Y";"Y";"Y";"Y";"D";"Y"
"31";"CAPE BRETON";"7803255";"IMO#";"US";"PurseSeine";"PurseSeine_Large";"N";"12/02/2025 12:20:14";"04/28/2016 03:34:27";"United States of America";"Purse Seine Large";"PurseSeine_Large";"Y";"WCPFC";"Y";"Y";"Y";"Y";"Y";"Y";"Y";"Y";"D";"Y"
"26";"CAPE COD";"7806283";"IMO#";"US";"PurseSeine";"PurseSeine_Large";"N";"12/02/2025 12:20:51";"06/20/2024 09:41:22";"United States of America";"Purse Seine Large";"PurseSeine_Large";"Y";"WCPFC";"Y";"Y";"Y";"Y";"Y";"Y";"Y";"Y";"D";"Y"
"530";"CAPE CORAL";"9699050";"IMO#";"MU";"PurseSeine";"PurseSeine_Large";"N";"06/07/2026 03:29:36";"06/07/2026 03:28:27";"Mauritius";"Purse Seine Large";"PurseSeine_Large";"Y";"IOTC";"Y";"Y";"Y";"Y";"Y";"Y";"Y";"Y";"D";"Y"
"29";"CAPE ELIZABETH III";"9018892";"IMO#";"US";"PurseSeine";"PurseSeine_Large";"N";"12/02/2025 12:21:25";"04/28/2016 03:34:27";"United States of America";"Purse Seine Large";"PurseSeine_Large";"Y";"WCPFC";"Y";"Y";"Y";"Y";"Y";"Y";"Y";"Y";"D";"Y"
"35";"CAPE FERRAT";"7803267";"IMO#";"US";"PurseSeine";"PurseSeine_Large";"N";"12/02/2025 12:21:53";"06/20/2024 09:39:15";"United States of America";"Purse Seine Large";"PurseSeine_Large";"Y";"WCPFC";"Y";"Y";"Y";"Y";"Y";"Y";"Y";"Y";"D";"Y"
"30";"CAPE FINISTERRE";"7912094";"IMO#";"US";"PurseSeine";"PurseSeine_Large";"N";"10/23/2025 16:42:10";"06/19/2024 20:46:11";"United States of America";"Purse Seine Large";"PurseSeine_Large";"Y";"WCPFC";"Y";"Y";"Y";"Y";"Y";"Y";"Y";"Y";"D";"Y"
"33";"CAPT VINCENT GANN";"9018880";"IMO#";"US";"PurseSeine";"PurseSeine_Large";"N";"05/19/2026 14:21:51";"09/12/2017 21:40:30";"United States of America";"Purse Seine Large";"PurseSeine_Large";"Y";"IATTC, WCPFC";"Y";"Y";"Y";"Y";"Y";"Y";"Y";"Y";"D";"Y"
"241";"CARIBE";"8102854";"IMO#";"TV";"PurseSeine";"PurseSeine_Large";"N";"10/23/2025 16:43:17";"03/23/2022 20:28:40";"Tuvalu";"Purse Seine Large";"PurseSeine_Large";"Y";"WCPFC";"Y";"Y";"Y";"Y";"Y";"Y";"Y";"Y";"D";"Y"
"414";"CARIBE TUNA";"7819230";"IMO#";"VE";"PurseSeine";"PurseSeine_Large";"N";"08/21/2026 01:54:20";"07/28/2025 15:59:34";"Venezuela, Bolivarian Republic of";"Purse Seine Large";"PurseSeine_Large";"IP";"";"IP";"IP";"IP";"IP";"IP";"IP";"IP";"IP";"D";"IP"
"995";"CARMELA";"7827457";"IMO#";"VE";"PurseSeine";"PurseSeine_Large";"N";"06/17/2026 03:18:08";"07/01/2023 10:52:13";"Venezuela, Bolivarian Republic of";"Purse Seine Large";"PurseSeine_Large";"IP";"";"IP";"IP";"IP";"IP";"IP";"IP";"IP";"IP";"D";"IP"
"196";"CARMEN D";"7021182";"IMO#";"EC";"PurseSeine";"PurseSeine_Large";"N";"07/15/2025 17:16:53";"06/15/2024 09:29:06";"Ecuador";"Purse Seine Large";"PurseSeine_Large";"Y";"IATTC";"Y";"Y";"Y";"Y";"Y";"Y";"Y";"Y";"D";"Y"
"229";"CAROLINE I";"8102866";"IMO#";"FM";"PurseSeine";"PurseSeine_Large";"N";"06/19/2026 17:00:00";"06/19/2026 16:59:39";"Micronesia, Federated States of";"Purse Seine Large";"PurseSeine_Large";"Y";"WCPFC";"Y";"Y";"Y";"Y";"Y";"Y";"Y";"Y";"D";"Y"
"713";"CARONI II";"7110684";"IMO#";"VE";"PurseSeine";"PurseSeine_Large";"N";"04/09/2026 14:16:33";"02/26/2026 17:05:07";"Venezuela, Bolivarian Republic of";"Purse Seine Large";"PurseSeine_Large";"Y";"IATTC";"Y";"Y";"Y";"Y";"Y";"Y";"Y";"Y";"D";"Y"
"27";"CAYO CRASQUI";"8718079";"IMO#";"VE";"PurseSeine";"PurseSeine_Large";"N";"03/27/2025 14:04:48";"06/19/2024 20:28:31";"Venezuela, Bolivarian Republic of";"Purse Seine Large";"PurseSeine_Large";"Y";"IATTC";"Y";"Y";"Y";"Y";"Y";"Y";"Y";"Y";"D";"Y"
"34";"CAYO NORONKY";"8107139";"IMO#";"VE";"PurseSeine";"PurseSeine_Large";"N";"03/27/2025 14:03:51";"06/19/2024 20:23:38";"Venezuela, Bolivarian Republic of";"Purse Seine Large";"PurseSeine_Large";"Y";"IATTC";"Y";"Y";"Y";"Y";"Y";"Y";"Y";"Y";"D";"Y"
"996";"CAYUDE";"7601736";"IMO#";"VE";"PurseSeine";"PurseSeine_Large";"N";"12/26/2025 11:42:07";"05/20/2022 10:03:48";"Venezuela, Bolivarian Republic of";"Purse Seine Large";"PurseSeine_Large";"Y";"IATTC";"Y";"Y";"Y";"Y";"Y";"Y";"Y";"Y";"D";"Y"
"723";"CEMACO";"7302782";"IMO#";"PA";"PurseSeine";"PurseSeine_Large";"N";"07/14/2026 11:29:26";"06/29/2026 16:22:51";"Panama";"Purse Seine Large";"PurseSeine_Large";"Y";"IATTC";"Y";"Y";"Y";"Y";"Y";"Y";"Y";"Y";"D";"Y"
"432";"CENTURY PRIDE";"9417397";"IMO#";"NR";"PurseSeine";"PurseSeine_Large";"N";"04/04/2025 13:17:50";"06/19/2024 20:18:57";"Nauru";"Purse Seine Large";"PurseSeine_Large";"Y";"WCPFC";"Y";"Y";"Y";"Y";"Y";"Y";"Y";"Y";"D";"Y"
"431";"CENTURY RANGER";"9394789";"IMO#";"NR";"PurseSeine";"PurseSeine_Large";"N";"06/09/2026 17:37:26";"06/09/2026 17:37:14";"Nauru";"Purse Seine Large";"PurseSeine_Large";"Y";"WCPFC";"Y";"Y";"Y";"Y";"Y";"Y";"Y";"Y";"D";"Y"
"319";"CHACAO";"7915917";"IMO#";"PA";"PurseSeine";"PurseSeine_Large";"N";"07/16/2025 10:29:04";"06/28/2024 14:15:15";"Panama";"Purse Seine Large";"PurseSeine_Large";"Y";"IATTC";"Y";"Y";"Y";"Y";"Y";"Y";"Y";"Y";"D";"Y"
"22";"CHARO";"8107646";"IMO#";"EC";"PurseSeine";"PurseSeine_Large";"N";"08/05/2025 15:03:31";"07/16/2024 10:06:17";"Ecuador";"Purse Seine Large";"PurseSeine_Large";"Y";"IATTC, WCPFC";"Y";"Y";"Y";"Y";"Y";"Y";"Y";"Y";"D";"Y"
"524";"CHASCA";"7369651";"IMO#";"EC";"PurseSeine";"PurseSeine_Large";"N";"08/05/2025 14:27:56";"12/05/2023 14:26:20";"Ecuador";"Purse Seine Large";"PurseSeine_Large";"N";"";"N";"N";"N";"N";"N";"N";"N";"N";"D";"N"
"8436";"CHAVELI 2";"9130080";"IMO#";"PE";"PurseSeine";"PurseSeine_Large";"N";"07/30/2025 17:57:22";"05/24/2024 10:35:51";"Peru";"Purse Seine Large";"PurseSeine_Large";"IP";"";"IP";"IP";"IP";"IP";"IP";"IP";"IP";"IP";"D";"IP"
"647";"CHENILLE";"8204585";"IMO#";"PH";"PurseSeine";"PurseSeine_Large";"N";"03/05/2026 19:05:10";"06/30/2023 10:23:33";"Philippines";"Purse Seine Large";"PurseSeine_Large";"IP";"";"IP";"IP";"IP";"IP";"IP";"IP";"IP";"IP";"D";"IP"
"81";"CHIARA";"8029038";"IMO#";"EC";"PurseSeine";"PurseSeine_Large";"N";"07/31/2025 12:54:19";"07/31/2025 12:53:41";"Ecuador";"Purse Seine Large";"PurseSeine_Large";"Y";"IATTC";"Y";"Y";"Y";"Y";"Y";"Y";"Y";"Y";"D";"Y"
"357";"CLAUDIA L";"8974520";"IMO#";"EC";"PurseSeine";"PurseSeine_Large";"N";"08/21/2026 02:01:58";"08/21/2026 02:01:28";"Ecuador";"Purse Seine Large";"PurseSeine_Large";"Y";"IATTC";"Y";"Y";"Y";"Y";"Y";"Y";"Y";"Y";"D";"Y"
"370";"CLIPPERTON";"8026517";"IMO#";"MX";"PurseSeine";"PurseSeine_Large";"N";"07/31/2025 16:46:58";"07/31/2025 16:46:40";"Mexico";"Purse Seine Large";"PurseSeine_Large";"Y";"IATTC";"Y";"Y";"Y";"Y";"Y";"Y";"Y";"Y";"D";"Y"
"660";"CONNIE JEAN TWO";"6707038";"IMO#";"EC";"PurseSeine";"PurseSeine_Large";"N";"07/17/2025 13:54:15";"07/01/2023 14:35:18";"Ecuador";"Purse Seine Large";"PurseSeine_Large";"Y";"IATTC";"Y";"Y";"Y";"Y";"Y";"Y";"Y";"Y";"D";"Y"
"384";"CONQUISTA";"7333212";"IMO#";"MX";"PurseSeine";"PurseSeine_Large";"N";"10/15/2024 14:11:25";"05/23/2022 08:36:37";"Mexico";"Purse Seine Large";"PurseSeine_Large";"Y";"IATTC";"Y";"Y";"Y";"Y";"Y";"Y";"Y";"Y";"D";"Y"
"257";"CONTADORA 1";"7385409";"IMO#";"PA";"PurseSeine";"PurseSeine_Large";"N";"10/08/2025 07:33:21";"03/25/2024 12:25:11";"Panama";"Purse Seine Large";"PurseSeine_Large";"Y";"IATTC";"Y";"Y";"Y";"Y";"Y";"Y";"Y";"Y";"D";"Y"
"240";"COSMOS KIM";"8103092";"IMO#";"SN";"PurseSeine";"PurseSeine_Large";"N";"08/20/2026 10:57:56";"02/25/2026 10:09:34";"Senegal";"Purse Seine Large";"PurseSeine_Large";"Y";"ICCAT";"Y";"Y";"Y";"Y";"Y";"Y";"Y";"Y";"D";"Y"
"573";"CROMWELL 1";"9732656";"IMO#";"FM";"PurseSeine";"PurseSeine_Large";"N";"08/24/2026 15:59:18";"07/01/2023 14:50:13";"Micronesia, Federated States of";"Purse Seine Large";"PurseSeine_Large";"Y";"WCPFC";"Y";"Y";"Y";"Y";"Y";"Y";"Y";"Y";"D";"Y"
"8031";"CROMWELL 101";"9853773";"IMO#";"FM";"PurseSeine";"PurseSeine_Large";"N";"09/11/2025 18:21:06";"07/02/2024 16:48:19";"Micronesia, Federated States of";"Purse Seine Large";"PurseSeine_Large";"Y";"WCPFC";"Y";"Y";"Y";"Y";"Y";"Y";"Y";"Y";"D";"Y"
"997";"CURIMAGUA";"7366740";"IMO#";"VE";"PurseSeine";"PurseSeine_Large";"N";"06/09/2026 01:29:54";"05/20/2022 12:24:43";"Venezuela, Bolivarian Republic of";"Purse Seine Large";"PurseSeine_Large";"IP";"";"IP";"IP";"IP";"IP";"IP";"IP";"IP";"IP";"D";"IP"
"1032";"DALMACIA C";"8908662";"IMO#";"EC";"PurseSeine";"PurseSeine_Large";"N";"08/01/2025 16:02:18";"08/01/2025 16:01:17";"Ecuador";"Purse Seine Large";"PurseSeine_Large";"Y";"IATTC";"Y";"Y";"Y";"Y";"Y";"Y";"Y";"Y";"D";"Y"
"737";"DANIELA";"7107716";"IMO#";"US";"PurseSeine";"PurseSeine_Large";"N";"06/30/2026 10:09:24";"06/30/2026 10:08:45";"United States of America";"Purse Seine Large";"PurseSeine_Large";"Y";"IATTC, WCPFC";"Y";"Y";"Y";"Y";"Y";"Y";"Y";"Y";"D";"Y"
"526";"DELIA";"7383724";"IMO#";"EC";"PurseSeine";"PurseSeine_Large";"N";"06/03/2026 22:00:15";"07/02/2024 16:35:20";"Ecuador";"Purse Seine Large";"PurseSeine_Large";"N";"";"N";"N";"N";"N";"N";"N";"N";"N";"D";"N"
"992";"DICHA SIETE";"9197650";"IMO#";"BZ";"PurseSeine";"PurseSeine_Large";"N";"04/06/2026 10:26:04";"07/24/2025 07:30:46";"Belize";"Purse Seine Large";"PurseSeine_Large";"Y";"ICCAT";"Y";"Y";"Y";"Y";"Y";"Y";"Y";"Y";"D";"Y"
"895";"DICHA UNO";"8029026";"IMO#";"BZ";"PurseSeine";"PurseSeine_Large";"N";"04/06/2026 10:27:13";"06/19/2024 20:04:47";"Belize";"Purse Seine Large";"PurseSeine_Large";"Y";"ICCAT";"Y";"Y";"Y";"Y";"Y";"Y";"Y";"Y";"D";"Y"
"144";"DOLOMIEU";"9651993";"IMO#";"FR";"PurseSeine";"PurseSeine_Large";"N";"08/01/2025 17:36:28";"08/01/2025 17:36:02";"France";"Purse Seine Large";"PurseSeine_Large";"Y";"IOTC";"Y";"Y";"Y";"Y";"Y";"Y";"Y";"Y";"D";"Y"
"358";"DOMENICA L";"8000886";"IMO#";"EC";"PurseSeine";"PurseSeine_Large";"N";"08/25/2026 02:22:09";"08/25/2026 02:21:35";"Ecuador";"Purse Seine Large";"PurseSeine_Large";"Y";"IATTC";"Y";"Y";"Y";"Y";"Y";"Y";"Y";"Y";"D";"Y"
"238";"DON ALVARO";"8963832";"IMO#";"EC";"PurseSeine";"PurseSeine_Large";"N";"08/10/2026 11:24:39";"08/01/2025 17:36:52";"Ecuador";"Purse Seine Large";"PurseSeine_Large";"N";"";"N";"N";"N";"N";"N";"N";"N";"N";"D";"N"
"75";"DON BARTOLO";"7005839";"IMO#";"EC";"PurseSeine";"PurseSeine_Large";"N";"05/15/2026 15:06:52";"08/01/2025 17:40:03";"Ecuador";"Purse Seine Large";"PurseSeine_Large";"Y";"IATTC";"Y";"Y";"Y";"Y";"Y";"Y";"Y";"Y";"D";"Y"
"890";"DON F";"8921406";"IMO#";"EC";"PurseSeine";"PurseSeine_Large";"N";"04/16/2025 15:33:59";"06/01/2023 14:50:55";"Ecuador";"Purse Seine Large";"PurseSeine_Large";"Y";"IATTC";"Y";"Y";"Y";"Y";"Y";"Y";"Y";"Y";"D";"Y"
"998";"DON FRANCESCO";"7827471";"IMO#";"VE";"PurseSeine";"PurseSeine_Large";"N";"06/09/2026 01:02:10";"05/20/2022 12:26:02";"Venezuela, Bolivarian Republic of";"Purse Seine Large";"PurseSeine_Large";"IP";"";"IP";"IP";"IP";"IP";"IP";"IP";"IP";"IP";"D";"IP"
"491";"DON JUAN";"9127332";"IMO#";"PE";"PurseSeine";"PurseSeine_Large";"N";"06/28/2024 14:12:03";"06/28/2024 14:11:26";"Peru";"Purse Seine Large";"PurseSeine_Large";"IP";"";"IP";"IP";"IP";"IP";"IP";"IP";"IP";"IP";"D";"IP"
"729";"DON MARIO";"7032105";"IMO#";"EC";"PurseSeine";"PurseSeine_Large";"N";"10/08/2025 07:34:06";"04/28/2016 03:34:27";"Ecuador";"Purse Seine Large";"PurseSeine_Large";"Y";"IATTC";"Y";"Y";"Y";"Y";"Y";"Y";"Y";"Y";"D";"Y"
"661";"DOÑA CHULE";"7369663";"IMO#";"EC";"PurseSeine";"PurseSeine_Large";"N";"03/27/2025 14:01:07";"05/20/2022 12:27:25";"Ecuador";"Purse Seine Large";"PurseSeine_Large";"Y";"IATTC";"Y";"Y";"Y";"Y";"Y";"Y";"Y";"Y";"D";"Y"
"563";"DOÑA LUCIA";"7910670";"IMO#";"PA";"PurseSeine";"PurseSeine_Large";"N";"06/22/2026 03:28:47";"06/22/2026 03:28:23";"Panama";"Purse Seine Large";"PurseSeine_Large";"Y";"IATTC";"Y";"Y";"Y";"Y";"Y";"Y";"Y";"Y";"D";"Y"
"10719";"DOÑA MARUJA";"8502262";"IMO#";"EC";"PurseSeine";"PurseSeine_Large";"N";"01/13/2026 09:42:36";"06/19/2024 13:24:43";"Ecuador";"Purse Seine Large";"PurseSeine_Large";"Y";"IATTC";"Y";"Y";"Y";"Y";"Y";"Y";"Y";"Y";"D";"Y"
"32";"DOÑA RAQUEL";"8103028";"IMO#";"CO";"PurseSeine";"PurseSeine_Large";"N";"06/03/2026 23:12:21";"06/19/2024 20:43:02";"Colombia";"Purse Seine Large";"PurseSeine_Large";"N";"";"N";"N";"N";"N";"N";"N";"N";"N";"D";"N"
"287";"DOÑA ROGE";"7005279";"IMO#";"EC";"PurseSeine";"PurseSeine_Large";"N";"10/09/2025 12:15:30";"08/09/2025 08:52:19";"Ecuador";"Purse Seine Large";"PurseSeine_Large";"Y";"IATTC";"Y";"Y";"Y";"Y";"Y";"Y";"Y";"Y";"D";"Y"
"392";"DOÑA TERE";"9685592";"IMO#";"MX";"PurseSeine";"PurseSeine_Large";"N";"08/01/2025 17:42:41";"08/01/2025 17:42:12";"Mexico";"Purse Seine Large";"PurseSeine_Large";"Y";"IATTC";"Y";"Y";"Y";"Y";"Y";"Y";"Y";"Y";"D";"Y"
"691";"DOÑA TULA";"7114927";"IMO#";"EC";"PurseSeine";"PurseSeine_Large";"N";"07/17/2025 16:16:13";"05/19/2025 20:53:29";"Ecuador";"Purse Seine Large";"PurseSeine_Large";"Y";"IATTC";"Y";"Y";"Y";"Y";"Y";"Y";"Y";"Y";"D";"Y"
"111";"DONIENE";"9130779";"IMO#";"ES";"PurseSeine";"PurseSeine_Large";"N";"09/09/2025 17:47:47";"08/16/2024 10:44:30";"Spain";"Purse Seine Large";"PurseSeine_Large";"Y";"IOTC";"Y";"Y";"Y";"Y";"Y";"Y";"Y";"Y";"D";"Y"
"70";"DRACO";"9335226";"IMO#";"SC";"PurseSeine";"PurseSeine_Large";"N";"12/11/2024 14:47:21";"11/01/2018 21:25:40";"Seychelles";"Purse Seine Large";"PurseSeine_Large";"Y";"IOTC";"Y";"Y";"Y";"Y";"Y";"Y";"Y";"Y";"D";"Y"
"93";"DRENNEC";"8111453";"IMO#";"EC";"PurseSeine";"PurseSeine_Large";"N";"04/09/2026 06:44:37";"08/12/2024 11:26:51";"Ecuador";"Purse Seine Large";"PurseSeine_Large";"Y";"IATTC";"Y";"Y";"Y";"Y";"Y";"Y";"Y";"Y";"D";"Y"
"317";"EASTERN MARINE";"9217369";"IMO#";"NR";"PurseSeine";"PurseSeine_Large";"N";"10/23/2025 16:46:02";"06/26/2024 19:36:41";"Nauru";"Purse Seine Large";"PurseSeine_Large";"Y";"WCPFC";"Y";"Y";"Y";"Y";"Y";"Y";"Y";"Y";"D";"Y"
"659";"EASTERN PACIFIC";"6602240";"IMO#";"EC";"PurseSeine";"PurseSeine_Large";"N";"12/11/2024 15:40:48";"07/01/2023 15:51:56";"Ecuador";"Purse Seine Large";"PurseSeine_Large";"Y";"IATTC";"Y";"Y";"Y";"Y";"Y";"Y";"Y";"Y";"D";"Y"
"320";"EASTERN STAR";"8996097";"IMO#";"NR";"PurseSeine";"PurseSeine_Large";"N";"10/23/2025 16:48:06";"06/26/2024 19:34:21";"Nauru";"Purse Seine Large";"PurseSeine_Large";"Y";"WCPFC";"Y";"Y";"Y";"Y";"Y";"Y";"Y";"Y";"D";"Y"
"335";"EGALABUR";"9710995";"IMO#";"SC";"PurseSeine";"PurseSeine_Large";"N";"10/18/2025 11:44:26";"08/03/2025 08:56:41";"Seychelles";"Purse Seine Large";"PurseSeine_Large";"Y";"IOTC";"Y";"Y";"Y";"Y";"Y";"Y";"Y";"Y";"D";"Y"
"108";"EGALUZE";"8109620";"IMO#";"ES";"PurseSeine";"PurseSeine_Large";"N";"08/20/2025 15:28:13";"08/16/2024 10:18:31";"Spain";"Purse Seine Large";"PurseSeine_Large";"Y";"ICCAT";"Y";"Y";"Y";"Y";"Y";"Y";"Y";"Y";"D";"Y"
"237";"EILEEN MARIE";"8869488";"IMO#";"EC";"PurseSeine";"PurseSeine_Large";"N";"08/09/2026 15:01:02";"07/14/2024 13:48:58";"Ecuador";"Purse Seine Large";"PurseSeine_Large";"N";"";"N";"N";"N";"N";"N";"N";"N";"N";"D";"N"
"6294";"EISEI MARU";"9209099";"IMO#";"JP";"PurseSeine";"PurseSeine_Large";"N";"08/25/2026 02:05:47";"07/01/2023 15:58:59";"Japan";"Purse Seine Large";"PurseSeine_Large";"Y";"WCPFC";"Y";"Y";"Y";"Y";"NA";"Y";"Y";"Y";"D";"Y"
"366";"EL DORADO";"8129539";"IMO#";"MX";"PurseSeine";"PurseSeine_Large";"N";"08/03/2025 09:05:23";"08/03/2025 09:05:11";"Mexico";"Purse Seine Large";"PurseSeine_Large";"Y";"IATTC";"Y";"Y";"Y";"Y";"Y";"Y";"Y";"Y";"D";"Y"
"6271";"EL DUQUE";"9766102";"IMO#";"MX";"PurseSeine";"PurseSeine_Large";"N";"05/24/2024 09:42:09";"01/11/2024 00:09:30";"Mexico";"Purse Seine Large";"PurseSeine_Large";"Y";"IATTC";"Y";"Y";"Y";"Y";"Y";"Y";"Y";"Y";"D";"Y"
"307";"EL MARQUEZ";"7515652";"IMO#";"EC";"PurseSeine";"PurseSeine_Large";"N";"07/20/2026 23:21:28";"08/03/2025 17:08:22";"Ecuador";"Purse Seine Large";"PurseSeine_Large";"Y";"IATTC";"Y";"Y";"Y";"Y";"Y";"Y";"Y";"Y";"D";"Y"
"88";"ELAI ALAI";"9046966";"IMO#";"ES";"PurseSeine";"PurseSeine_Large";"N";"03/05/2025 11:23:24";"09/05/2018 21:54:27";"Spain";"Purse Seine Large";"PurseSeine_Large";"Y";"IOTC";"Y";"Y";"Y";"Y";"Y";"Y";"Y";"Y";"D";"Y"
"95";"ELIZABETH F";"7383683";"IMO#";"EC";"PurseSeine";"PurseSeine_Large";"N";"04/16/2025 15:38:26";"08/12/2024 11:18:14";"Ecuador";"Purse Seine Large";"PurseSeine_Large";"Y";"IATTC";"Y";"Y";"Y";"Y";"Y";"Y";"Y";"Y";"D";"Y"
"253";"ELSPETH";"7827483";"IMO#";"TV";"PurseSeine";"PurseSeine_Large";"N";"05/19/2026 13:56:13";"08/03/2025 17:55:11";"Tuvalu";"Purse Seine Large";"PurseSeine_Large";"Y";"WCPFC";"Y";"Y";"Y";"Y";"Y";"Y";"Y";"Y";"D";"Y"
"269";"EMILIO";"7235628";"IMO#";"EC";"PurseSeine";"PurseSeine_Large";"N";"06/09/2026 00:37:47";"08/03/2025 09:02:07";"Ecuador";"Purse Seine Large";"PurseSeine_Large";"IP";"";"IP";"IP";"IP";"IP";"IP";"IP";"IP";"IP";"D";"IP"
"202";"ESTHERCHO";"7207499";"IMO#";"PA";"PurseSeine";"PurseSeine_Large";"N";"06/07/2026 03:40:16";"06/07/2026 03:39:31";"Panama";"Purse Seine Large";"PurseSeine_Large";"Y";"IATTC";"Y";"Y";"Y";"Y";"Y";"Y";"Y";"Y";"D";"Y"
"139";"EUROS TUNA";"9017862";"IMO#";"VE";"PurseSeine";"PurseSeine_Large";"N";"08/05/2025 07:57:30";"11/27/2023 16:00:26";"Venezuela, Bolivarian Republic of";"Purse Seine Large";"PurseSeine_Large";"Y";"ICCAT, IATTC";"Y";"Y";"Y";"Y";"Y";"Y";"Y";"Y";"D";"Y"
"558";"EUSKADI ALAI";"9733480";"IMO#";"SC";"PurseSeine";"PurseSeine_Large";"N";"03/05/2025 11:25:03";"07/02/2024 16:32:55";"Seychelles";"Purse Seine Large";"PurseSeine_Large";"Y";"IOTC";"Y";"Y";"Y";"Y";"Y";"Y";"Y";"Y";"D";"Y"
"641";"FAIR BRAVO 707";"9738703";"IMO#";"TW";"PurseSeine";"PurseSeine_Large";"N";"10/23/2025 16:49:10";"07/02/2024 16:30:10";"Chinese Taipei";"Purse Seine Large";"PurseSeine_Large";"Y";"WCPFC";"Y";"Y";"Y";"Y";"Y";"Y";"Y";"Y";"D";"Y"
"640";"FAIR WELL 707";"8996346";"IMO#";"TW";"PurseSeine";"PurseSeine_Large";"N";"10/23/2025 16:49:43";"07/02/2024 16:27:51";"Chinese Taipei";"Purse Seine Large";"PurseSeine_Large";"Y";"WCPFC";"Y";"Y";"Y";"Y";"Y";"Y";"Y";"Y";"D";"Y"
"999";"FALCON";"7395521";"IMO#";"VE";"PurseSeine";"PurseSeine_Large";"N";"06/09/2026 01:28:43";"07/01/2023 16:08:40";"Venezuela, Bolivarian Republic of";"Purse Seine Large";"PurseSeine_Large";"IP";"";"IP";"IP";"IP";"IP";"IP";"IP";"IP";"IP";"D";"IP"
"330";"FENG XIANG 818";"8996176";"IMO#";"CN";"PurseSeine";"PurseSeine_Large";"N";"06/07/2026 03:47:33";"06/07/2026 03:47:19";"China, People's Republic of";"Purse Seine Large";"PurseSeine_Large";"Y";"WCPFC";"Y";"Y";"Y";"Y";"Y";"Y";"Y";"Y";"D";"Y"
"353";"FIORELLA L";"7415474";"IMO#";"EC";"PurseSeine";"PurseSeine_Large";"N";"08/10/2026 15:17:02";"08/03/2025 18:16:52";"Ecuador";"Purse Seine Large";"PurseSeine_Large";"Y";"IATTC";"Y";"Y";"Y";"Y";"Y";"Y";"Y";"Y";"D";"Y"
"471";"FONG KUO 188";"9712125";"IMO#";"TW";"PurseSeine";"PurseSeine_Large";"N";"12/02/2025 12:23:12";"06/26/2024 19:29:43";"Chinese Taipei";"Purse Seine Large";"PurseSeine_Large";"Y";"WCPFC";"Y";"Y";"Y";"Y";"Y";"Y";"Y";"Y";"D";"Y"
"473";"FONG KUO 189";"9720213";"IMO#";"TW";"PurseSeine";"PurseSeine_Large";"N";"06/07/2026 03:48:44";"06/07/2026 03:48:32";"Chinese Taipei";"Purse Seine Large";"PurseSeine_Large";"Y";"WCPFC";"Y";"Y";"Y";"Y";"Y";"Y";"Y";"Y";"D";"Y"
"556";"FONG KUO 688";"9764271";"IMO#";"TW";"PurseSeine";"PurseSeine_Large";"N";"12/02/2025 12:24:10";"07/15/2024 15:57:44";"Chinese Taipei";"Purse Seine Large";"PurseSeine_Large";"Y";"WCPFC";"Y";"Y";"Y";"Y";"Y";"Y";"Y";"Y";"D";"Y"
"470";"FONG KUO 828";"9712137";"IMO#";"TW";"PurseSeine";"PurseSeine_Large";"N";"06/07/2026 03:53:27";"06/07/2026 03:53:17";"Chinese Taipei";"Purse Seine Large";"PurseSeine_Large";"Y";"WCPFC";"Y";"Y";"Y";"Y";"Y";"Y";"Y";"Y";"D";"Y"
"472";"FONG KUO 866";"8748646";"IMO#";"TW";"PurseSeine";"PurseSeine_Large";"N";"06/12/2026 18:56:09";"06/26/2024 19:25:17";"Chinese Taipei";"Purse Seine Large";"PurseSeine_Large";"Y";"WCPFC";"Y";"Y";"Y";"Y";"Y";"Y";"Y";"Y";"D";"Y"
"322";"FONG KUO 889";"9674244";"IMO#";"TW";"PurseSeine";"PurseSeine_Large";"N";"12/02/2025 12:26:05";"06/26/2024 19:18:31";"Chinese Taipei";"Purse Seine Large";"PurseSeine_Large";"Y";"WCPFC";"Y";"Y";"Y";"Y";"Y";"Y";"Y";"Y";"D";"Y"
"230";"FORMOSA MANZAI 707";"8131441";"IMO#";"NR";"PurseSeine";"PurseSeine_Large";"N";"06/09/2026 17:36:28";"06/09/2026 17:36:12";"Nauru";"Purse Seine Large";"PurseSeine_Large";"Y";"WCPFC";"Y";"Y";"Y";"Y";"Y";"Y";"Y";"Y";"D";"Y"
"145";"FRANCHE TERRE";"9540156";"IMO#";"FR";"PurseSeine";"PurseSeine_Large";"N";"08/03/2025 18:24:07";"08/03/2025 18:23:29";"France";"Purse Seine Large";"PurseSeine_Large";"Y";"IOTC";"Y";"Y";"Y";"Y";"Y";"Y";"Y";"Y";"D";"Y"
"369";"FRANZ";"9363235";"IMO#";"MX";"PurseSeine";"PurseSeine_Large";"N";"08/03/2025 18:24:25";"08/03/2025 18:24:11";"Mexico";"Purse Seine Large";"PurseSeine_Large";"Y";"IATTC";"Y";"Y";"Y";"Y";"Y";"Y";"Y";"Y";"D";"Y"
"419";"FRIESLAND";"9310953";"IMO#";"US";"PurseSeine";"PurseSeine_Large";"N";"06/30/2026 10:17:27";"06/30/2026 10:16:57";"United States of America";"Purse Seine Large";"PurseSeine_Large";"Y";"IATTC, WCPFC";"Y";"Y";"Y";"Y";"Y";"Y";"Y";"Y";"D";"Y"
"534";"FULL FORTUNE 101";"8748505";"IMO#";"FM";"PurseSeine";"PurseSeine_Large";"B";"06/03/2026 23:19:53";"06/26/2024 19:03:48";"Micronesia, Federated States of";"Purse Seine Large";"PurseSeine_Large";"N";"";"N";"N";"N";"N";"N";"N";"N";"N";"D";"N"
"532";"FULL FORTUNE 301";"8748579";"IMO#";"FM";"PurseSeine";"PurseSeine_Large";"B";"06/03/2026 23:15:32";"06/26/2023 11:47:59";"Micronesia, Federated States of";"Purse Seine Large";"PurseSeine_Large";"N";"";"N";"N";"N";"N";"N";"N";"N";"N";"D";"N"
"96";"GABRIELA A";"9007403";"IMO#";"EC";"PurseSeine";"PurseSeine_Large";"N";"08/03/2026 14:57:24";"08/03/2025 19:01:03";"Ecuador";"Purse Seine Large";"PurseSeine_Large";"Y";"IATTC";"Y";"Y";"Y";"Y";"Y";"Y";"Y";"Y";"D";"Y"
"83";"GABRIELLE";"7124697";"IMO#";"US";"PurseSeine";"PurseSeine_Large";"N";"05/19/2026 13:51:52";"08/03/2025 18:32:04";"United States of America";"Purse Seine Large";"PurseSeine_Large";"Y";"IATTC, WCPFC";"Y";"Y";"Y";"Y";"Y";"Y";"Y";"Y";"D";"Y"
"458";"GABRIELLE LT";"8748672";"IMO#";"PH";"PurseSeine";"PurseSeine_Large";"N";"05/19/2026 14:15:28";"06/30/2023 09:57:34";"Philippines";"Purse Seine Large";"PurseSeine_Large";"Y";"WCPFC";"Y";"Y";"Y";"Y";"Y";"Y";"Y";"Y";"D";"Y"
"297";"GALERNA II";"9663154";"IMO#";"SC";"PurseSeine";"PurseSeine_Large";"N";"07/21/2025 21:13:00";"07/21/2025 21:11:50";"Seychelles";"Purse Seine Large";"PurseSeine_Large";"Y";"IOTC";"Y";"Y";"Y";"Y";"Y";"Y";"Y";"Y";"D";"Y"
"380";"GALERNA III";"9663166";"IMO#";"SC";"PurseSeine";"PurseSeine_Large";"N";"08/21/2026 12:40:40";"08/21/2026 12:39:26";"Seychelles";"Purse Seine Large";"PurseSeine_Large";"Y";"IOTC";"Y";"Y";"Y";"Y";"Y";"Y";"Y";"Y";"D";"Y"
"11189";"GALERNA LAU";"9861495";"IMO#";"MU";"PurseSeine";"PurseSeine_Large";"B";"06/30/2026 13:58:01";"06/30/2026 13:56:06";"Mauritius";"Purse Seine Large";"PurseSeine_Large";"Y";"IOTC";"Y";"Y";"Y";"Y";"Y";"Y";"Y";"Y";"D";"Y"
"152";"GARDENIA";"8113891";"IMO#";"PH";"PurseSeine";"PurseSeine_Large";"N";"06/11/2026 00:45:27";"05/23/2022 09:10:15";"Philippines";"Purse Seine Large";"PurseSeine_Large";"IP";"";"IP";"IP";"IP";"IP";"IP";"IP";"IP";"IP";"D";"IP"
"746";"GARDENIA 888";"8648028";"IMO#";"PG";"PurseSeine";"PurseSeine_Large";"N";"06/26/2026 11:16:46";"06/26/2026 11:16:30";"Papua New Guinea";"Purse Seine Large";"PurseSeine_Large";"Y";"WCPFC";"Y";"Y";"Y";"Y";"Y";"Y";"Y";"Y";"D";"Y"
"7890";"GEVRED";"9741097";"IMO#";"FR";"PurseSeine";"PurseSeine_Large";"N";"12/11/2024 15:56:36";"06/28/2024 14:09:23";"France";"Purse Seine Large";"PurseSeine_Large";"Y";"IOTC";"Y";"Y";"Y";"Y";"Y";"Y";"Y";"Y";"D";"Y"
"732";"GINO D";"7383700";"IMO#";"EC";"PurseSeine";"PurseSeine_Large";"N";"10/08/2025 07:35:00";"06/28/2024 14:06:24";"Ecuador";"Purse Seine Large";"PurseSeine_Large";"Y";"IATTC";"Y";"Y";"Y";"Y";"Y";"Y";"Y";"Y";"D";"Y"
"74";"GIULIETTA";"8210481";"IMO#";"EC";"PurseSeine";"PurseSeine_Large";"N";"04/16/2025 15:41:46";"06/18/2024 12:29:11";"Ecuador";"Purse Seine Large";"PurseSeine_Large";"Y";"IATTC";"Y";"Y";"Y";"Y";"Y";"Y";"Y";"Y";"D";"Y"
"97";"GLORIA A";"7011632";"IMO#";"EC";"PurseSeine";"PurseSeine_Large";"N";"04/16/2025 15:42:20";"08/12/2024 11:15:41";"Ecuador";"Purse Seine Large";"PurseSeine_Large";"Y";"IATTC";"Y";"Y";"Y";"Y";"Y";"Y";"Y";"Y";"D";"Y"
"239";"GOLD TUNA";"6718300";"IMO#";"EC";"PurseSeine";"PurseSeine_Large";"N";"08/19/2026 15:41:21";"07/14/2024 10:51:19";"Ecuador";"Purse Seine Large";"PurseSeine_Large";"Y";"";"N";"Y";"Y";"Y";"Y";"Y";"Y";"Y";"D";"Y"
"747";"GOLDEN SAPPHIRE 88";"8324177";"IMO#";"PG";"PurseSeine";"PurseSeine_Large";"N";"06/26/2026 11:19:58";"06/26/2026 11:19:32";"Papua New Guinea";"Purse Seine Large";"PurseSeine_Large";"Y";"WCPFC";"Y";"Y";"Y";"Y";"Y";"Y";"Y";"Y";"D";"Y"
"469";"GRAN ROQUE";"9698757";"IMO#";"VE";"PurseSeine";"PurseSeine_Large";"N";"05/14/2024 10:55:58";"03/20/2017 18:55:34";"Venezuela, Bolivarian Republic of";"Purse Seine Large";"PurseSeine_Large";"Y";"ICCAT, IATTC";"Y";"Y";"Y";"Y";"Y";"Y";"Y";"Y";"D";"Y"
"584";"GRANADA";"8102907";"IMO#";"SN";"PurseSeine";"PurseSeine_Large";"N";"08/17/2026 13:25:57";"08/17/2026 13:25:31";"Senegal";"Purse Seine Large";"PurseSeine_Large";"Y";"ICCAT";"Y";"Y";"Y";"Y";"Y";"Y";"Y";"Y";"D";"Y"
"468";"GUAYACAN";"7383786";"IMO#";"VE";"PurseSeine";"PurseSeine_Large";"N";"06/18/2024 10:47:36";"06/18/2024 10:47:06";"Venezuela, Bolivarian Republic of";"Purse Seine Large";"PurseSeine_Large";"IP";"";"IP";"IP";"IP";"IP";"IP";"IP";"IP";"IP";"D";"IP"
"11";"GUAYATUNA DOS";"8111087";"IMO#";"EC";"PurseSeine";"PurseSeine_Large";"N";"05/19/2026 14:05:55";"06/26/2024 11:51:34";"Ecuador";"Purse Seine Large";"PurseSeine_Large";"Y";"IATTC, WCPFC";"Y";"Y";"Y";"Y";"Y";"Y";"Y";"Y";"D";"Y"
"12";"GUAYATUNA UNO";"8107476";"IMO#";"SC";"PurseSeine";"PurseSeine_Large";"N";"06/09/2026 15:16:40";"05/12/2022 15:35:06";"Seychelles";"Purse Seine Large";"PurseSeine_Large";"Y";"IOTC";"Y";"Y";"Y";"Y";"Y";"Y";"Y";"Y";"D";"Y"
"133";"GUEOTEC";"8912986";"IMO#";"FR";"PurseSeine";"PurseSeine_Large";"N";"12/11/2024 16:20:15";"06/28/2024 10:49:57";"France";"Purse Seine Large";"PurseSeine_Large";"Y";"ICCAT";"Y";"Y";"Y";"Y";"Y";"Y";"Y";"Y";"D";"Y"
"134";"GUERIDEN";"8912998";"IMO#";"FR";"PurseSeine";"PurseSeine_Large";"N";"12/11/2024 16:17:57";"06/28/2024 10:47:14";"France";"Purse Seine Large";"PurseSeine_Large";"Y";"ICCAT";"Y";"Y";"Y";"Y";"Y";"Y";"Y";"Y";"D";"Y"
"717";"GURIA";"9758351";"IMO#";"EC";"PurseSeine";"PurseSeine_Large";"N";"07/25/2026 16:53:27";"03/14/2026 20:20:00";"Ecuador";"Purse Seine Large";"PurseSeine_Large";"Y";"IATTC";"Y";"Y";"Y";"Y";"Y";"Y";"Y";"Y";"D";"Y"
"6981";"HAKKO MARU 2";"9326251";"IMO#";"JP";"PurseSeine";"PurseSeine_Large";"N";"06/09/2026 11:25:59";"06/09/2026 11:25:42";"Japan";"Purse Seine Large";"PurseSeine_Large";"Y";"WCPFC";"Y";"Y";"Y";"Y";"Y";"Y";"Y";"Y";"D";"Y"
"6982";"HAKKO MARU 35";"9690315";"IMO#";"JP";"PurseSeine";"PurseSeine_Large";"N";"08/25/2026 02:06:44";"06/09/2026 11:27:06";"Japan";"Purse Seine Large";"PurseSeine_Large";"Y";"WCPFC";"Y";"Y";"Y";"Y";"NA";"Y";"Y";"Y";"D";"Y"
"734";"HANARA";"9743435";"IMO#";"KR";"PurseSeine";"PurseSeine_Large";"N";"05/30/2026 14:09:58";"06/30/2023 11:03:15";"Korea, Republic of";"Purse Seine Large";"PurseSeine_Large";"Y";"WCPFC";"Y";"Y";"Y";"Y";"Y";"Y";"Y";"Y";"D";"Y"
"368";"HANNA";"9363247";"IMO#";"MX";"PurseSeine";"PurseSeine_Large";"N";"08/08/2024 14:52:38";"01/11/2024 00:09:30";"Mexico";"Purse Seine Large";"PurseSeine_Large";"Y";"IATTC";"Y";"Y";"Y";"Y";"Y";"Y";"Y";"Y";"D";"Y"
"19535";"HANYANG 66";"1057127";"IMO#";"CN";"PurseSeine";"PurseSeine_Large";"B";"05/19/2026 17:42:19";"02/09/2026 08:32:32";"China, People's Republic of";"Purse Seine Large";"PurseSeine_Large";"Y";"WCPFC";"Y";"Y";"Y";"Y";"Y";"Y";"Y";"Y";"D";"Y"
"19540";"HANYANG 77";"1057139";"IMO#";"CN";"PurseSeine";"PurseSeine_Large";"B";"05/19/2026 17:42:37";"02/09/2026 11:04:06";"China, People's Republic of";"Purse Seine Large";"PurseSeine_Large";"Y";"WCPFC";"Y";"Y";"Y";"Y";"Y";"Y";"Y";"Y";"D";"Y"
"137";"HAWWA";"9359698";"IMO#";"OM";"PurseSeine";"PurseSeine_Large";"N";"12/03/2025 16:40:01";"08/07/2025 15:16:54";"Oman";"Purse Seine Large";"PurseSeine_Large";"Y";"IOTC";"Y";"Y";"Y";"Y";"Y";"Y";"Y";"Y";"D";"Y"
"40";"HELLAS TUNA";"8021763";"IMO#";"PA";"PurseSeine";"PurseSeine_Large";"N";"08/12/2026 11:32:10";"05/13/2022 18:09:21";"Panama";"Purse Seine Large";"PurseSeine_Large";"Y";"IATTC";"Y";"Y";"Y";"Y";"Y";"Y";"Y";"Y";"D";"Y"
"6958";"HOKUSHO MARU";"9380013";"IMO#";"JP";"PurseSeine";"PurseSeine_Large";"N";"05/04/2025 10:08:17";"06/30/2023 09:34:07";"Japan";"Purse Seine Large";"PurseSeine_Large";"Y";"WCPFC";"Y";"Y";"Y";"Y";"Y";"Y";"Y";"Y";"D";"N"
"527";"IGNACIO MAR 1";"7015597";"IMO#";"EC";"PurseSeine";"PurseSeine_Large";"N";"08/08/2024 13:07:08";"07/01/2023 17:05:46";"Ecuador";"Purse Seine Large";"PurseSeine_Large";"Y";"IATTC";"Y";"Y";"Y";"Y";"Y";"Y";"Y";"Y";"D";"Y"
"8";"INTERTUNA TRES";"9202704";"IMO#";"PA";"PurseSeine";"PurseSeine_Large";"N";"05/04/2026 13:31:38";"07/21/2025 20:29:59";"Panama";"Purse Seine Large";"PurseSeine_Large";"Y";"IATTC, WCPFC";"Y";"Y";"Y";"Y";"Y";"Y";"Y";"Y";"D";"Y"
"115";"IRIS J";"8214310";"IMO#";"GH";"PurseSeine";"PurseSeine_Large";"N";"06/07/2026 03:08:32";"06/07/2026 03:08:09";"Ghana";"Purse Seine Large";"PurseSeine_Large";"Y";"ICCAT";"Y";"Y";"Y";"Y";"Y";"Y";"Y";"Y";"D";"Y"
"939";"IRIS QUEEN";"8210493";"IMO#";"GH";"PurseSeine";"PurseSeine_Large";"N";"05/05/2025 17:54:05";"05/05/2025 17:53:51";"Ghana";"Purse Seine Large";"PurseSeine_Large";"Y";"ICCAT";"Y";"Y";"Y";"Y";"Y";"Y";"Y";"Y";"D";"Y"
"493";"ISABELITA";"8683444";"IMO#";"PE";"PurseSeine";"PurseSeine_Large";"N";"06/28/2024 07:25:28";"06/30/2023 15:19:24";"Peru";"Purse Seine Large";"PurseSeine_Large";"N";"";"N";"N";"N";"N";"N";"N";"N";"N";"D";"N"
"736";"ISABELLA";"8111465";"IMO#";"US";"PurseSeine";"PurseSeine_Large";"N";"06/30/2026 10:20:04";"06/30/2026 10:19:40";"United States of America";"Purse Seine Large";"PurseSeine_Large";"Y";"IATTC";"Y";"Y";"Y";"Y";"Y";"Y";"Y";"Y";"D";"Y"
"219";"ITSAS TXORI";"9702869";"IMO#";"ES";"PurseSeine";"PurseSeine_Large";"N";"06/09/2026 11:38:11";"06/09/2026 11:36:59";"Spain";"Purse Seine Large";"PurseSeine_Large";"Y";"IOTC";"Y";"Y";"Y";"Y";"Y";"Y";"Y";"Y";"D";"Y"
"228";"IZARO";"9684500";"IMO#";"SC";"PurseSeine";"PurseSeine_Large";"N";"06/09/2026 11:41:43";"06/09/2026 11:41:00";"Seychelles";"Purse Seine Large";"PurseSeine_Large";"Y";"IOTC";"Y";"Y";"Y";"Y";"Y";"Y";"Y";"Y";"D";"Y"
"112";"IZURDIA";"9292785";"IMO#";"ES";"PurseSeine";"PurseSeine_Large";"N";"09/09/2025 17:48:37";"03/31/2022 13:37:33";"Spain";"Purse Seine Large";"PurseSeine_Large";"Y";"IOTC";"Y";"Y";"Y";"Y";"Y";"Y";"Y";"Y";"D";"Y"
"10617";"JABBUK";"9784477";"IMO#";"MH";"PurseSeine";"PurseSeine_Large";"N";"08/24/2026 15:42:38";"07/16/2024 10:03:09";"Marshall Islands, Republic of";"Purse Seine Large";"PurseSeine_Large";"Y";"WCPFC";"Y";"Y";"Y";"Y";"Y";"Y";"Y";"Y";"D";"Y"
"270";"JAGUAR";"7930759";"IMO#";"MX";"PurseSeine";"PurseSeine_Large";"N";"05/17/2025 07:46:55";"05/17/2025 07:46:46";"Mexico";"Purse Seine Large";"PurseSeine_Large";"Y";"IATTC";"Y";"Y";"Y";"Y";"Y";"Y";"Y";"Y";"D";"Y"
"503";"JAI ALAI";"9733478";"IMO#";"SC";"PurseSeine";"PurseSeine_Large";"N";"03/05/2025 11:27:45";"07/02/2024 16:06:23";"Seychelles";"Purse Seine Large";"PurseSeine_Large";"Y";"IOTC";"Y";"Y";"Y";"Y";"Y";"Y";"Y";"Y";"D";"Y"
"24";"JANE IV";"7915931";"IMO#";"PA";"PurseSeine";"PurseSeine_Large";"N";"05/03/2026 19:08:46";"08/20/2024 11:16:29";"Panama";"Purse Seine Large";"PurseSeine_Large";"Y";"IATTC";"Y";"Y";"Y";"Y";"Y";"Y";"Y";"Y";"D";"Y"
"244";"JANG BO GO";"9511301";"IMO#";"KR";"PurseSeine";"PurseSeine_Large";"N";"12/02/2025 12:29:30";"04/18/2017 20:30:36";"Korea, Republic of";"Purse Seine Large";"PurseSeine_Large";"Y";"WCPFC";"Y";"Y";"Y";"Y";"Y";"Y";"Y";"Y";"D";"Y"
"873";"JASMIN 888";"8822064";"IMO#";"PH";"PurseSeine";"PurseSeine_Large";"N";"06/26/2026 10:59:09";"06/26/2026 10:58:50";"Philippines";"Purse Seine Large";"PurseSeine_Large";"Y";"WCPFC";"Y";"Y";"Y";"Y";"Y";"Y";"Y";"Y";"D";"Y"
"402";"JC GLORIA";"8988818";"IMO#";"BZ";"PurseSeine";"PurseSeine_Large";"N";"04/06/2026 10:22:29";"02/14/2022 17:14:18";"Belize";"Purse Seine Large";"PurseSeine_Large";"Y";"ICCAT";"Y";"Y";"Y";"Y";"Y";"Y";"Y";"Y";"D";"Y"
"638";"JC VICTORIA";"7641580";"IMO#";"BZ";"PurseSeine";"PurseSeine_Large";"N";"04/06/2026 10:23:27";"05/02/2024 16:08:13";"Belize";"Purse Seine Large";"PurseSeine_Large";"Y";"ICCAT";"Y";"Y";"Y";"Y";"Y";"Y";"Y";"Y";"D";"Y"
"281";"JEANNINE";"7415242";"IMO#";"CK";"PurseSeine";"PurseSeine_Large";"N";"03/05/2026 18:48:58";"06/01/2023 11:40:31";"Cook Islands";"Purse Seine Large";"PurseSeine_Large";"Y";"WCPFC";"Y";"Y";"Y";"Y";"Y";"Y";"Y";"Y";"D";"Y"
"664";"JIH YU 168";"9794745";"IMO#";"TW";"PurseSeine";"PurseSeine_Large";"N";"06/17/2026 01:08:29";"06/17/2026 01:08:14";"Chinese Taipei";"Purse Seine Large";"PurseSeine_Large";"Y";"WCPFC";"Y";"Y";"Y";"Y";"Y";"Y";"Y";"Y";"D";"Y"
"14256";"JIH YU 568";"9923645";"IMO#";"TW";"PurseSeine";"PurseSeine_Large";"B";"12/02/2025 12:31:10";"01/08/2021 12:29:47";"Chinese Taipei";"Purse Seine Large";"PurseSeine_Large";"Y";"WCPFC";"Y";"Y";"Y";"Y";"Y";"Y";"Y";"Y";"D";"Y"
"663";"JIH YU 668";"9732876";"IMO#";"TW";"PurseSeine";"PurseSeine_Large";"N";"06/21/2026 20:59:36";"06/21/2026 20:59:24";"Chinese Taipei";"Purse Seine Large";"PurseSeine_Large";"Y";"WCPFC";"Y";"Y";"Y";"Y";"Y";"Y";"Y";"Y";"D";"Y"
"665";"JIH YU 768";"9765976";"IMO#";"TW";"PurseSeine";"PurseSeine_Large";"N";"06/21/2026 21:01:05";"06/21/2026 21:00:52";"Chinese Taipei";"Purse Seine Large";"PurseSeine_Large";"Y";"WCPFC";"Y";"Y";"Y";"Y";"Y";"Y";"Y";"Y";"D";"Y"
"325";"JIH YU 968";"9680164";"IMO#";"TW";"PurseSeine";"PurseSeine_Large";"N";"06/21/2026 21:10:50";"06/21/2026 21:10:36";"Chinese Taipei";"Purse Seine Large";"PurseSeine_Large";"Y";"WCPFC";"Y";"Y";"Y";"Y";"Y";"Y";"Y";"Y";"D";"Y"
"484";"JIN HUI 18";"9733404";"IMO#";"CN";"PurseSeine";"PurseSeine_Large";"N";"10/23/2025 16:57:20";"05/11/2022 16:45:07";"China, People's Republic of";"Purse Seine Large";"PurseSeine_Large";"Y";"WCPFC";"Y";"Y";"Y";"Y";"Y";"Y";"Y";"Y";"D";"Y"
"7904";"JIN HUI 58";"9808687";"IMO#";"CN";"PurseSeine";"PurseSeine_Large";"N";"12/02/2025 13:07:35";"07/01/2023 20:09:45";"China, People's Republic of";"Purse Seine Large";"PurseSeine_Large";"Y";"WCPFC";"Y";"Y";"Y";"Y";"Y";"Y";"Y";"Y";"D";"Y"
"480";"JIN HUI 6";"8924381";"IMO#";"CN";"PurseSeine";"PurseSeine_Large";"N";"10/23/2025 16:54:46";"05/13/2022 18:44:40";"China, People's Republic of";"Purse Seine Large";"PurseSeine_Large";"Y";"WCPFC";"Y";"Y";"Y";"Y";"Y";"Y";"Y";"Y";"D";"Y"
"14257";"JIN HUI 68";"9885702";"IMO#";"CN";"PurseSeine";"PurseSeine_Large";"B";"07/15/2026 03:01:49";"07/10/2026 16:54:23";"China, People's Republic of";"Purse Seine Large";"PurseSeine_Large";"Y";"WCPFC";"Y";"Y";"Y";"Y";"Y";"Y";"Y";"Y";"D";"Y"
"482";"JIN HUI 8";"9676187";"IMO#";"CN";"PurseSeine";"PurseSeine_Large";"N";"12/02/2025 13:10:06";"05/13/2022 18:43:32";"China, People's Republic of";"Purse Seine Large";"PurseSeine_Large";"Y";"WCPFC";"Y";"Y";"Y";"Y";"Y";"Y";"Y";"Y";"D";"Y"
"483";"JIN HUI 9";"9682825";"IMO#";"CN";"PurseSeine";"PurseSeine_Large";"N";"12/02/2025 13:10:59";"07/01/2023 20:10:33";"China, People's Republic of";"Purse Seine Large";"PurseSeine_Large";"Y";"WCPFC";"Y";"Y";"Y";"Y";"Y";"Y";"Y";"Y";"D";"Y"
"82";"JO LINDA";"7202293";"IMO#";"EC";"PurseSeine";"PurseSeine_Large";"N";"08/07/2025 17:52:04";"08/07/2025 17:51:12";"Ecuador";"Purse Seine Large";"PurseSeine_Large";"Y";"IATTC";"Y";"Y";"Y";"Y";"Y";"Y";"Y";"Y";"D";"Y"
"437";"JOCAY";"9710983";"IMO#";"EC";"PurseSeine";"PurseSeine_Large";"N";"07/17/2025 13:51:21";"08/20/2024 10:59:23";"Ecuador";"Purse Seine Large";"PurseSeine_Large";"Y";"IATTC";"Y";"Y";"Y";"Y";"Y";"Y";"Y";"Y";"D";"Y"
"424";"JOE TURNER";"9097355";"IMO#";"PH";"PurseSeine";"PurseSeine_Large";"N";"06/07/2026 03:11:19";"06/07/2026 03:10:46";"Philippines";"Purse Seine Large";"PurseSeine_Large";"Y";"WCPFC";"Y";"Y";"Y";"Y";"Y";"Y";"Y";"Y";"D";"Y"
"429";"JOHN FISHER";"8996188";"IMO#";"PH";"PurseSeine";"PurseSeine_Large";"N";"06/07/2026 03:14:46";"06/07/2026 03:14:19";"Philippines";"Purse Seine Large";"PurseSeine_Large";"Y";"WCPFC";"Y";"Y";"Y";"Y";"Y";"Y";"Y";"Y";"D";"Y"
"459";"JOHN REYNALD";"8118322";"IMO#";"PH";"PurseSeine";"PurseSeine_Large";"N";"06/07/2026 03:16:08";"06/07/2026 03:15:55";"Philippines";"Purse Seine Large";"PurseSeine_Large";"IP";"";"IP";"IP";"IP";"IP";"IP";"IP";"IP";"IP";"D";"IP"
"7644";"JORGE MARIO";"7385473";"IMO#";"EC";"PurseSeine";"PurseSeine_Large";"N";"08/08/2024 13:10:50";"06/06/2023 07:49:20";"Ecuador";"Purse Seine Large";"PurseSeine_Large";"Y";"IATTC";"Y";"Y";"Y";"Y";"Y";"Y";"Y";"Y";"D";"Y"
"10401";"JUAN PABLO II";"9831189";"IMO#";"PA";"PurseSeine";"PurseSeine_Large";"B";"07/16/2025 10:29:33";"10/21/2021 18:01:34";"Panama";"Purse Seine Large";"PurseSeine_Large";"Y";"IATTC";"Y";"Y";"Y";"Y";"Y";"Y";"Y";"Y";"D";"Y"
"10749";"JUBILEE";"9848857";"IMO#";"KR";"PurseSeine";"PurseSeine_Large";"N";"05/30/2026 14:09:34";"07/03/2025 15:12:00";"Korea, Republic of";"Purse Seine Large";"PurseSeine_Large";"Y";"WCPFC";"Y";"Y";"Y";"Y";"Y";"Y";"Y";"Y";"D";"Y"
"517";"JULIA D";"6723599";"IMO#";"EC";"PurseSeine";"PurseSeine_Large";"N";"08/07/2025 17:53:22";"08/07/2025 17:52:59";"Ecuador";"Purse Seine Large";"PurseSeine_Large";"Y";"IATTC";"Y";"Y";"Y";"Y";"Y";"Y";"Y";"Y";"D";"Y"
"565";"JULIE L";"7053288";"IMO#";"PA";"PurseSeine";"PurseSeine_Large";"N";"07/20/2026 08:29:34";"07/15/2022 08:49:41";"Panama";"Purse Seine Large";"PurseSeine_Large";"IP";"";"IP";"IP";"IP";"IP";"IP";"IP";"IP";"IP";"D";"IP"
"19529";"JUNMETO";"1126617";"IMO#";"MH";"PurseSeine";"PurseSeine_Large";"B";"08/24/2026 15:44:00";"01/27/2026 02:45:47";"Marshall Islands, Republic of";"Purse Seine Large";"PurseSeine_Large";"Y";"WCPFC";"Y";"Y";"Y";"Y";"Y";"Y";"Y";"Y";"D";"Y"
"275";"KAILE 888";"9708241";"IMO#";"PH";"PurseSeine";"PurseSeine_Large";"N";"06/26/2026 11:34:42";"06/26/2026 11:34:26";"Philippines";"Purse Seine Large";"PurseSeine_Large";"Y";"WCPFC";"Y";"Y";"Y";"Y";"Y";"Y";"Y";"Y";"D";"Y"
"896";"KAMILAH";"8130174";"IMO#";"PH";"PurseSeine";"PurseSeine_Large";"N";"05/30/2026 18:07:05";"08/07/2025 17:53:36";"Philippines";"Purse Seine Large";"PurseSeine_Large";"N";"";"N";"N";"N";"N";"N";"N";"N";"N";"D";"N"
"327";"KAOHSIUNG MANZAI 707";"8996308";"IMO#";"NR";"PurseSeine";"PurseSeine_Large";"N";"10/16/2025 10:53:58";"05/30/2024 08:19:02";"Nauru";"Purse Seine Large";"PurseSeine_Large";"Y";"WCPFC";"Y";"Y";"Y";"Y";"Y";"Y";"Y";"Y";"D";"Y"
"10725";"KIARA B";"9292644";"IMO#";"PE";"PurseSeine";"PurseSeine_Large";"N";"07/22/2026 12:08:36";"05/24/2024 10:32:59";"Peru";"Purse Seine Large";"PurseSeine_Large";"IP";"";"IP";"IP";"IP";"IP";"IP";"IP";"IP";"IP";"D";"IP"
"15360";"KIBENA 1";"9934424";"IMO#";"KI";"PurseSeine";"PurseSeine_Large";"B";"10/23/2025 17:00:42";"12/15/2021 05:58:41";"Kiribati";"Purse Seine Large";"PurseSeine_Large";"Y";"WCPFC";"Y";"Y";"Y";"Y";"Y";"Y";"Y";"Y";"D";"Y"
"15542";"KIBENA 2";"9959682";"IMO#";"KI";"PurseSeine";"PurseSeine_Large";"B";"10/23/2025 17:01:13";"06/09/2022 09:03:46";"Kiribati";"Purse Seine Large";"PurseSeine_Large";"Y";"WCPFC";"Y";"Y";"Y";"Y";"Y";"Y";"Y";"Y";"D";"Y"
"15849";"KIBENA 3";"9973999";"IMO#";"KI";"PurseSeine";"PurseSeine_Large";"B";"08/24/2026 15:35:52";"12/08/2022 08:41:43";"Kiribati";"Purse Seine Large";"PurseSeine_Large";"Y";"WCPFC";"Y";"Y";"Y";"Y";"Y";"Y";"Y";"Y";"D";"Y"
"18864";"KIBENA 6";"1024168";"IMO#";"KI";"PurseSeine";"PurseSeine_Large";"B";"08/24/2026 15:36:25";"03/09/2025 12:54:21";"Kiribati";"Purse Seine Large";"PurseSeine_Large";"Y";"WCPFC";"Y";"Y";"Y";"Y";"Y";"Y";"Y";"Y";"D";"Y"
"18865";"KIBENA 7";"1024170";"IMO#";"KI";"PurseSeine";"PurseSeine_Large";"B";"08/24/2026 15:36:55";"03/09/2025 13:41:52";"Kiribati";"Purse Seine Large";"PurseSeine_Large";"Y";"WCPFC";"Y";"Y";"Y";"Y";"Y";"Y";"Y";"Y";"D";"Y"
"523";"KILLA";"7369649";"IMO#";"EC";"PurseSeine";"PurseSeine_Large";"N";"08/08/2024 13:05:43";"07/02/2024 15:57:48";"Ecuador";"Purse Seine Large";"PurseSeine_Large";"Y";"IATTC";"Y";"Y";"Y";"Y";"Y";"Y";"Y";"Y";"D";"Y"
"512";"KOO'S 101";"9348120";"IMO#";"MH";"PurseSeine";"PurseSeine_Large";"N";"06/09/2026 16:45:30";"06/09/2026 16:45:17";"Marshall Islands, Republic of";"Purse Seine Large";"PurseSeine_Large";"Y";"WCPFC";"Y";"Y";"Y";"Y";"Y";"Y";"Y";"Y";"D";"Y"
"513";"KOO'S 102";"9349899";"IMO#";"MH";"PurseSeine";"PurseSeine_Large";"N";"06/06/2025 09:47:01";"07/05/2024 16:36:28";"Marshall Islands, Republic of";"Purse Seine Large";"PurseSeine_Large";"Y";"WCPFC";"Y";"Y";"Y";"Y";"Y";"Y";"Y";"Y";"D";"Y"
"15541";"KOO'S 103";"9953389";"IMO#";"MH";"PurseSeine";"PurseSeine_Large";"B";"06/09/2026 16:50:00";"06/09/2026 16:49:50";"Marshall Islands, Republic of";"Purse Seine Large";"PurseSeine_Large";"Y";"WCPFC";"Y";"Y";"Y";"Y";"Y";"Y";"Y";"Y";"D";"Y"
"515";"KOO'S 108";"9289219";"IMO#";"MH";"PurseSeine";"PurseSeine_Large";"N";"06/09/2026 16:51:18";"06/09/2026 16:51:06";"Marshall Islands, Republic of";"Purse Seine Large";"PurseSeine_Large";"Y";"WCPFC";"Y";"Y";"Y";"Y";"Y";"Y";"Y";"Y";"D";"Y"
"396";"KURTZIO";"7385461";"IMO#";"ES";"PurseSeine";"PurseSeine_Large";"N";"01/08/2026 08:41:48";"03/24/2022 18:14:33";"Spain";"Purse Seine Large";"PurseSeine_Large";"IP";"";"IP";"IP";"IP";"IP";"IP";"IP";"IP";"IP";"D";"IP"
"10619";"LAJABWIL";"9784491";"IMO#";"MH";"PurseSeine";"PurseSeine_Large";"N";"08/24/2026 15:43:24";"07/16/2024 10:01:40";"Marshall Islands, Republic of";"Purse Seine Large";"PurseSeine_Large";"Y";"WCPFC";"Y";"Y";"Y";"Y";"Y";"Y";"Y";"Y";"D";"Y"
"726";"LAUREN MARIE TAYLOR";"8748517";"IMO#";"PH";"PurseSeine";"PurseSeine_Large";"N";"06/07/2026 03:18:06";"06/07/2026 03:17:43";"Philippines";"Purse Seine Large";"PurseSeine_Large";"Y";"WCPFC";"Y";"Y";"Y";"Y";"Y";"Y";"Y";"Y";"D";"Y"
"310";"LAUTARO";"8134663";"IMO#";"PA";"PurseSeine";"PurseSeine_Large";"N";"07/16/2025 09:52:07";"04/28/2016 03:34:27";"Panama";"Purse Seine Large";"PurseSeine_Large";"Y";"IATTC";"Y";"Y";"Y";"Y";"Y";"Y";"Y";"Y";"D";"Y"
"132";"LAYLA";"9322669";"IMO#";"OM";"PurseSeine";"PurseSeine_Large";"N";"12/09/2025 08:56:26";"02/03/2025 11:00:54";"Oman";"Purse Seine Large";"PurseSeine_Large";"Y";"IOTC";"Y";"Y";"Y";"Y";"Y";"Y";"Y";"Y";"D";"Y"
"7901";"LIZANNY Z";"7311745";"IMO#";"EC";"PurseSeine";"PurseSeine_Large";"N";"12/11/2024 15:37:58";"04/10/2017 14:39:26";"Ecuador";"Purse Seine Large";"PurseSeine_Large";"Y";"IATTC";"Y";"Y";"Y";"Y";"Y";"Y";"Y";"Y";"D";"Y"
"210";"LIZI";"7366738";"IMO#";"EC";"PurseSeine";"PurseSeine_Large";"N";"04/16/2025 15:54:12";"07/10/2024 16:05:39";"Ecuador";"Purse Seine Large";"PurseSeine_Large";"Y";"IATTC";"Y";"Y";"Y";"Y";"Y";"Y";"Y";"Y";"D";"Y"
"568";"LJUBICA";"9681584";"IMO#";"PA";"PurseSeine";"PurseSeine_Large";"N";"04/16/2025 15:12:30";"07/01/2023 20:39:24";"Panama";"Purse Seine Large";"PurseSeine_Large";"Y";"IATTC";"Y";"Y";"Y";"Y";"Y";"Y";"Y";"Y";"D";"Y"
"486";"LOMALO";"9588665";"IMO#";"MH";"PurseSeine";"PurseSeine_Large";"N";"10/23/2025 17:05:27";"07/16/2024 09:59:22";"Marshall Islands, Republic of";"Purse Seine Large";"PurseSeine_Large";"Y";"WCPFC";"Y";"Y";"Y";"Y";"Y";"Y";"Y";"Y";"D";"Y"
"487";"LOMETO";"9583419";"IMO#";"MH";"PurseSeine";"PurseSeine_Large";"N";"03/27/2025 13:44:58";"07/16/2024 09:56:03";"Marshall Islands, Republic of";"Purse Seine Large";"PurseSeine_Large";"Y";"WCPFC";"Y";"Y";"Y";"Y";"Y";"Y";"Y";"Y";"D";"Y"
"413";"LOS ROQUES";"7713515";"IMO#";"VE";"PurseSeine";"PurseSeine_Large";"N";"07/16/2025 14:44:36";"03/18/2022 18:41:52";"Venezuela, Bolivarian Republic of";"Purse Seine Large";"PurseSeine_Large";"Y";"IATTC";"Y";"Y";"Y";"Y";"Y";"Y";"Y";"Y";"D";"Y"
"3390";"LU CHIO";"9753662";"IMO#";"PH";"PurseSeine";"PurseSeine_Large";"N";"08/20/2026 11:09:02";"10/22/2025 23:17:03";"Philippines";"Purse Seine Large";"PurseSeine_Large";"Y";"WCPFC";"Y";"Y";"Y";"Y";"Y";"Y";"Y";"Y";"D";"Y"
"730";"LUCIA T";"7383695";"IMO#";"EC";"PurseSeine";"PurseSeine_Large";"N";"10/08/2025 07:35:56";"04/28/2016 03:34:27";"Ecuador";"Purse Seine Large";"PurseSeine_Large";"Y";"IATTC";"Y";"Y";"Y";"Y";"Y";"Y";"Y";"Y";"D";"Y"
"258";"LUCILE";"8650784";"IMO#";"BZ";"PurseSeine";"PurseSeine_Large";"N";"04/15/2026 12:13:46";"08/10/2025 18:54:18";"Belize";"Purse Seine Large";"PurseSeine_Large";"IP";"";"IP";"IP";"IP";"IP";"IP";"IP";"IP";"IP";"D";"IP"
"352";"MALULA";"8212972";"IMO#";"EC";"PurseSeine";"PurseSeine_Large";"N";"08/25/2026 02:33:12";"08/25/2026 02:32:43";"Ecuador";"Purse Seine Large";"PurseSeine_Large";"Y";"IATTC";"Y";"Y";"Y";"Y";"Y";"Y";"Y";"Y";"D";"Y"
"569";"MALVA 888";"9761396";"IMO#";"NR";"PurseSeine";"PurseSeine_Large";"N";"08/24/2026 16:00:24";"06/20/2023 10:58:21";"Nauru";"Purse Seine Large";"PurseSeine_Large";"Y";"WCPFC";"Y";"Y";"Y";"Y";"Y";"Y";"Y";"Y";"D";"Y"
"700";"MAMA LINDA";"9676967";"IMO#";"PH";"PurseSeine";"PurseSeine_Large";"N";"10/01/2025 07:27:04";"05/05/2025 17:45:34";"Philippines";"Purse Seine Large";"PurseSeine_Large";"Y";"WCPFC";"Y";"Y";"Y";"Y";"Y";"Y";"Y";"Y";"D";"Y"
"627";"MAMAUTARI";"8003278";"IMO#";"KI";"PurseSeine";"PurseSeine_Large";"N";"07/31/2026 11:11:56";"06/28/2024 10:01:00";"Kiribati";"Purse Seine Large";"PurseSeine_Large";"N";"";"N";"N";"N";"N";"N";"N";"N";"N";"D";"N"
"10";"MAR DE SERGIO";"8212075";"IMO#";"ES";"PurseSeine";"PurseSeine_Large";"N";"05/19/2026 14:09:19";"06/25/2024 14:08:21";"Spain";"Purse Seine Large";"PurseSeine_Large";"Y";"IATTC, WCPFC";"Y";"Y";"Y";"Y";"Y";"Y";"Y";"Y";"D";"Y"
"251";"MARAWA 2";"7806491";"IMO#";"KI";"PurseSeine";"PurseSeine_Large";"N";"05/19/2026 13:53:46";"04/28/2016 03:34:27";"Kiribati";"Purse Seine Large";"PurseSeine_Large";"Y";"WCPFC";"Y";"Y";"Y";"Y";"Y";"Y";"Y";"Y";"D";"Y"
"701";"MARGARITA 8";"9278844";"IMO#";"PH";"PurseSeine";"PurseSeine_Large";"N";"08/22/2024 12:33:29";"07/20/2023 01:25:21";"Philippines";"Purse Seine Large";"PurseSeine_Large";"Y";"WCPFC";"Y";"Y";"Y";"Y";"Y";"Y";"Y";"Y";"D";"Y"
"98";"MARIA DEL MAR A";"7503142";"IMO#";"EC";"PurseSeine";"PurseSeine_Large";"N";"07/16/2025 09:41:06";"05/20/2022 12:36:41";"Ecuador";"Purse Seine Large";"PurseSeine_Large";"Y";"IATTC";"Y";"Y";"Y";"Y";"Y";"Y";"Y";"Y";"D";"Y"
"579";"MARIA EULOGIA";"8003254";"IMO#";"EC";"PurseSeine";"PurseSeine_Large";"N";"07/16/2025 11:08:07";"07/21/2022 00:15:17";"Ecuador";"Purse Seine Large";"PurseSeine_Large";"Y";"IATTC";"Y";"Y";"Y";"Y";"Y";"Y";"Y";"Y";"D";"Y"
"509";"MARIA JOSE";"8678451";"IMO#";"PE";"PurseSeine";"PurseSeine_Large";"N";"11/04/2024 10:06:47";"08/19/2024 09:36:57";"Peru";"Purse Seine Large";"PurseSeine_Large";"Y";"IATTC";"Y";"Y";"Y";"Y";"Y";"Y";"Y";"Y";"D";"Y"
"721";"MARIA JOSE";"7230745";"IMO#";"EC";"PurseSeine";"PurseSeine_Large";"N";"07/06/2026 15:37:45";"05/23/2022 09:37:41";"Ecuador";"Purse Seine Large";"PurseSeine_Large";"Y";"IATTC";"Y";"Y";"Y";"Y";"IP";"Y";"IP";"Y";"D";"Y"
"16";"MARIA JOSE J";"7403639";"IMO#";"EC";"PurseSeine";"PurseSeine_Large";"N";"08/10/2026 11:30:42";"01/16/2025 21:59:54";"Ecuador";"Purse Seine Large";"PurseSeine_Large";"Y";"IATTC";"Y";"Y";"Y";"Y";"Y";"Y";"Y";"Y";"D";"Y"
"18892";"MARIBO 61";"1071123";"IMO#";"KI";"PurseSeine";"PurseSeine_Large";"B";"08/24/2026 15:37:41";"04/09/2025 11:55:19";"Kiribati";"Purse Seine Large";"PurseSeine_Large";"Y";"WCPFC";"Y";"Y";"Y";"Y";"Y";"Y";"Y";"Y";"D";"Y"
"18897";"MARIBO 62";"1071135";"IMO#";"KI";"PurseSeine";"PurseSeine_Large";"B";"08/24/2026 15:38:30";"04/16/2025 07:12:35";"Kiribati";"Purse Seine Large";"PurseSeine_Large";"Y";"WCPFC";"Y";"Y";"Y";"Y";"Y";"Y";"Y";"Y";"D";"Y"
"19528";"MARIBO 63";"1126198";"IMO#";"KI";"PurseSeine";"PurseSeine_Large";"B";"08/24/2026 15:39:40";"01/26/2026 01:39:54";"Kiribati";"Purse Seine Large";"PurseSeine_Large";"Y";"WCPFC";"Y";"Y";"Y";"Y";"Y";"Y";"Y";"Y";"D";"Y"
"19527";"MARIBO 65";"1126203";"IMO#";"KI";"PurseSeine";"PurseSeine_Large";"B";"08/24/2026 15:39:06";"01/30/2026 14:52:31";"Kiribati";"Purse Seine Large";"PurseSeine_Large";"Y";"WCPFC";"Y";"Y";"Y";"Y";"Y";"Y";"Y";"Y";"D";"Y"
"533";"MARINE PIONEER";"8748490";"IMO#";"SB";"PurseSeine";"PurseSeine_Large";"N";"06/03/2026 23:43:16";"06/26/2023 11:28:29";"Solomon Islands";"Purse Seine Large";"PurseSeine_Large";"N";"";"N";"N";"N";"N";"N";"N";"N";"N";"D";"N"
"630";"MARIRAOI";"8003230";"IMO#";"KI";"PurseSeine";"PurseSeine_Large";"N";"03/05/2026 19:09:57";"06/28/2024 09:58:03";"Kiribati";"Purse Seine Large";"PurseSeine_Large";"Y";"WCPFC";"Y";"Y";"Y";"Y";"Y";"Y";"Y";"Y";"D";"Y"
"276";"MARITA 88";"9720354";"IMO#";"PH";"PurseSeine";"PurseSeine_Large";"N";"08/20/2026 10:56:16";"07/17/2024 15:02:39";"Philippines";"Purse Seine Large";"PurseSeine_Large";"Y";"WCPFC";"Y";"Y";"Y";"Y";"Y";"Y";"Y";"Y";"D";"Y"
"628";"MARORAOI";"8103080";"IMO#";"KI";"PurseSeine";"PurseSeine_Large";"N";"06/26/2026 10:14:16";"03/29/2022 14:56:04";"Kiribati";"Purse Seine Large";"PurseSeine_Large";"N";"";"N";"N";"N";"N";"N";"N";"N";"N";"D";"N"
"19863";"MARSHALLS 106";"1152408";"IMO#";"MH";"PurseSeine";"PurseSeine_Large";"B";"07/08/2026 12:15:44";"05/29/2026 08:26:25";"Marshall Islands, Republic of";"Purse Seine Large";"PurseSeine_Large";"Y";"WCPFC";"Y";"Y";"Y";"Y";"Y";"Y";"Y";"Y";"D";"Y"
"213";"MARTINA C";"7396836";"IMO#";"EC";"PurseSeine";"PurseSeine_Large";"N";"04/16/2025 15:44:50";"05/13/2022 18:20:06";"Ecuador";"Purse Seine Large";"PurseSeine_Large";"Y";"IATTC";"Y";"Y";"Y";"Y";"Y";"Y";"Y";"Y";"D";"Y"
"460";"MARTINA ELIZABETH";"7403732";"IMO#";"PH";"PurseSeine";"PurseSeine_Large";"N";"06/01/2026 17:05:17";"06/29/2023 13:58:54";"Philippines";"Purse Seine Large";"PurseSeine_Large";"IP";"";"IP";"IP";"IP";"IP";"IP";"IP";"IP";"IP";"D";"IP"
"461";"MARTINA MARIE";"8122799";"IMO#";"PH";"PurseSeine";"PurseSeine_Large";"N";"06/01/2026 16:34:40";"06/29/2023 13:55:26";"Philippines";"Purse Seine Large";"PurseSeine_Large";"IP";"";"IP";"IP";"IP";"IP";"IP";"IP";"IP";"IP";"D";"IP"
"10724";"MARYLIN II";"8693231";"IMO#";"PE";"PurseSeine";"PurseSeine_Large";"N";"07/30/2025 17:56:21";"05/28/2024 11:00:43";"Peru";"Purse Seine Large";"PurseSeine_Large";"IP";"";"IP";"IP";"IP";"IP";"IP";"IP";"IP";"IP";"D";"IP"
"629";"MATAIKA";"7514842";"IMO#";"KI";"PurseSeine";"PurseSeine_Large";"N";"10/31/2025 07:21:23";"06/28/2024 09:50:26";"Kiribati";"Purse Seine Large";"PurseSeine_Large";"N";"";"N";"N";"N";"N";"N";"N";"N";"N";"D";"N"
"415";"MATHAWMARFACH";"8119651";"IMO#";"FM";"PurseSeine";"PurseSeine_Large";"N";"06/17/2026 03:25:35";"06/17/2026 03:25:17";"Micronesia, Federated States of";"Purse Seine Large";"PurseSeine_Large";"Y";"WCPFC";"Y";"Y";"Y";"Y";"Y";"Y";"Y";"Y";"D";"Y"
"505";"MATTEO T C";"9206982";"IMO#";"PH";"PurseSeine";"PurseSeine_Large";"N";"06/07/2026 03:22:54";"06/07/2026 03:22:32";"Philippines";"Purse Seine Large";"PurseSeine_Large";"Y";"WCPFC";"Y";"Y";"Y";"Y";"Y";"Y";"Y";"Y";"D";"Y"
"878";"MAVIENNE";"8122529";"IMO#";"PH";"PurseSeine";"PurseSeine_Large";"N";"05/19/2026 14:07:03";"08/11/2025 15:59:05";"Philippines";"Purse Seine Large";"PurseSeine_Large";"Y";"WCPFC";"Y";"Y";"Y";"Y";"Y";"Y";"Y";"Y";"D";"Y"
"367";"MAZATUN";"8125129";"IMO#";"MX";"PurseSeine";"PurseSeine_Large";"N";"08/23/2026 18:23:54";"08/23/2026 18:23:41";"Mexico";"Purse Seine Large";"PurseSeine_Large";"Y";"IATTC";"Y";"Y";"Y";"Y";"Y";"Y";"Y";"Y";"D";"Y"
"374";"MAZPESCA 2";"7435266";"IMO#";"MX";"PurseSeine";"PurseSeine_Large";"N";"08/08/2024 14:53:15";"01/11/2024 00:09:30";"Mexico";"Purse Seine Large";"PurseSeine_Large";"Y";"IATTC";"Y";"Y";"Y";"Y";"Y";"Y";"Y";"Y";"D";"Y"
"292";"MELISSA";"8030453";"IMO#";"FM";"PurseSeine";"PurseSeine_Large";"N";"06/10/2026 11:22:41";"06/10/2026 11:22:17";"Micronesia, Federated States of";"Purse Seine Large";"PurseSeine_Large";"Y";"WCPFC";"Y";"Y";"Y";"Y";"Y";"Y";"Y";"Y";"D";"Y"
"506";"MICRONESIA 101";"9587037";"IMO#";"FM";"PurseSeine";"PurseSeine_Large";"N";"12/02/2025 12:40:01";"07/04/2024 15:44:06";"Micronesia, Federated States of";"Purse Seine Large";"PurseSeine_Large";"Y";"WCPFC";"Y";"Y";"Y";"Y";"Y";"Y";"Y";"Y";"D";"Y"
"507";"MICRONESIA 102";"9587544";"IMO#";"FM";"PurseSeine";"PurseSeine_Large";"N";"06/10/2026 11:25:34";"06/10/2026 11:25:22";"Micronesia, Federated States of";"Purse Seine Large";"PurseSeine_Large";"Y";"WCPFC";"Y";"Y";"Y";"Y";"Y";"Y";"Y";"Y";"D";"Y"
"7773";"MICRONESIA 103";"9817054";"IMO#";"FM";"PurseSeine";"PurseSeine_Large";"N";"08/24/2026 15:45:36";"06/10/2026 11:28:08";"Micronesia, Federated States of";"Purse Seine Large";"PurseSeine_Large";"Y";"WCPFC";"Y";"Y";"Y";"Y";"Y";"Y";"Y";"Y";"D";"Y"
"7935";"MICRONESIA 106";"9817224";"IMO#";"FM";"PurseSeine";"PurseSeine_Large";"N";"08/24/2026 15:46:02";"05/05/2025 18:46:07";"Micronesia, Federated States of";"Purse Seine Large";"PurseSeine_Large";"Y";"WCPFC";"Y";"Y";"Y";"Y";"Y";"Y";"Y";"Y";"D";"Y"
"99";"MILAGROS A";"7806312";"IMO#";"EC";"PurseSeine";"PurseSeine_Large";"N";"07/20/2026 23:29:13";"08/11/2025 16:20:17";"Ecuador";"Purse Seine Large";"PurseSeine_Large";"Y";"IATTC";"Y";"Y";"Y";"Y";"Y";"Y";"Y";"Y";"D";"Y"
"100";"MILENA A";"7342287";"IMO#";"EC";"PurseSeine";"PurseSeine_Large";"N";"07/16/2025 09:42:25";"05/13/2022 18:21:56";"Ecuador";"Purse Seine Large";"PurseSeine_Large";"Y";"IATTC";"Y";"Y";"Y";"Y";"Y";"Y";"Y";"Y";"D";"Y"
"394";"MILENKA C";"8669606";"IMO#";"EC";"PurseSeine";"PurseSeine_Large";"N";"04/16/2025 15:54:47";"07/04/2024 15:38:37";"Ecuador";"Purse Seine Large";"PurseSeine_Large";"Y";"IATTC";"Y";"Y";"Y";"Y";"Y";"Y";"Y";"Y";"D";"Y"
"759";"MILFLORES 888";"8648030";"IMO#";"PG";"PurseSeine";"PurseSeine_Large";"N";"06/26/2026 11:25:18";"06/26/2026 11:24:03";"Papua New Guinea";"Purse Seine Large";"PurseSeine_Large";"Y";"WCPFC";"Y";"Y";"Y";"Y";"Y";"Y";"Y";"Y";"D";"Y"
"331";"MIRAERO";"9713985";"IMO#";"KR";"PurseSeine";"PurseSeine_Large";"N";"06/17/2026 00:56:51";"06/17/2026 00:56:28";"Korea, Republic of";"Purse Seine Large";"PurseSeine_Large";"Y";"WCPFC";"Y";"Y";"Y";"Y";"Y";"Y";"Y";"Y";"D";"Y"
"881";"MIRANDA";"9020182";"IMO#";"US";"PurseSeine";"PurseSeine_Large";"N";"05/19/2026 14:22:23";"01/14/2026 17:42:11";"United States of America";"Purse Seine Large";"PurseSeine_Large";"Y";"IATTC";"Y";"Y";"Y";"Y";"Y";"Y";"Y";"Y";"D";"Y"
"191";"MIRY ANN D";"7048130";"IMO#";"EC";"PurseSeine";"PurseSeine_Large";"N";"07/17/2025 13:48:40";"05/01/2025 10:41:10";"Ecuador";"Purse Seine Large";"PurseSeine_Large";"Y";"IATTC";"Y";"Y";"Y";"Y";"Y";"Y";"Y";"Y";"D";"Y"
"6964";"MIYA MARU 18";"9634749";"IMO#";"JP";"PurseSeine";"PurseSeine_Large";"N";"08/23/2026 18:26:07";"08/23/2026 18:25:49";"Japan";"Purse Seine Large";"PurseSeine_Large";"Y";"WCPFC";"Y";"Y";"Y";"Y";"Y";"Y";"Y";"Y";"D";"Y"
"454";"MOAKONA";"9699581";"IMO#";"KI";"PurseSeine";"PurseSeine_Large";"N";"08/24/2026 15:57:43";"07/14/2024 09:07:24";"Kiribati";"Purse Seine Large";"PurseSeine_Large";"Y";"WCPFC";"Y";"Y";"Y";"Y";"Y";"Y";"Y";"Y";"D";"Y"
"456";"MOAMARI";"8120533";"IMO#";"KI";"PurseSeine";"PurseSeine_Large";"N";"10/23/2025 16:22:10";"07/14/2024 09:02:12";"Kiribati";"Purse Seine Large";"PurseSeine_Large";"Y";"WCPFC";"Y";"Y";"Y";"Y";"Y";"Y";"Y";"Y";"D";"Y"
"516";"MONALINDA 72";"7825203";"IMO#";"PH";"PurseSeine";"PurseSeine_Large";"N";"06/11/2024 11:33:23";"03/24/2022 09:40:52";"Philippines";"Purse Seine Large";"PurseSeine_Large";"IP";"";"IP";"IP";"IP";"IP";"IP";"IP";"IP";"IP";"D";"IP"
"10271";"MONICA";"7008817";"IMO#";"EC";"PurseSeine";"PurseSeine_Large";"N";"07/17/2025 13:56:01";"11/07/2017 14:33:19";"Ecuador";"Purse Seine Large";"PurseSeine_Large";"Y";"IATTC";"Y";"Y";"Y";"Y";"Y";"Y";"Y";"Y";"D";"Y"
"44";"MONTECELO";"7409152";"IMO#";"SV";"PurseSeine";"PurseSeine_Large";"N";"04/04/2025 11:50:44";"07/14/2024 15:29:08";"El Salvador";"Purse Seine Large";"PurseSeine_Large";"Y";"ICCAT";"Y";"Y";"Y";"Y";"Y";"Y";"Y";"Y";"D";"Y"
"45";"MONTEFRISA NUEVE";"7409176";"IMO#";"SV";"PurseSeine";"PurseSeine_Large";"N";"04/04/2025 11:52:28";"03/31/2022 17:07:31";"El Salvador";"Purse Seine Large";"PurseSeine_Large";"Y";"ICCAT";"Y";"Y";"Y";"Y";"Y";"Y";"Y";"Y";"D";"Y"
"41";"MONTELAPE";"8021775";"IMO#";"SV";"PurseSeine";"PurseSeine_Large";"N";"05/19/2026 13:57:19";"10/31/2017 19:49:55";"El Salvador";"Purse Seine Large";"PurseSeine_Large";"Y";"IATTC";"Y";"Y";"Y";"Y";"Y";"Y";"Y";"Y";"D";"Y"
"42";"MONTELUCIA";"9232668";"IMO#";"SV";"PurseSeine";"PurseSeine_Large";"N";"05/29/2026 11:23:18";"03/31/2017 15:33:47";"El Salvador";"Purse Seine Large";"PurseSeine_Large";"Y";"IATTC";"Y";"Y";"Y";"Y";"Y";"Y";"Y";"Y";"D";"Y"
"14207";"MONTERAIOLA";"9882009";"IMO#";"ES";"PurseSeine";"PurseSeine_Large";"B";"04/04/2025 11:55:29";"11/13/2020 04:30:27";"Spain";"Purse Seine Large";"PurseSeine_Large";"Y";"ICCAT";"Y";"Y";"Y";"Y";"Y";"Y";"Y";"Y";"D";"Y"
"43";"MONTEROCIO";"8919453";"IMO#";"SV";"PurseSeine";"PurseSeine_Large";"N";"05/19/2026 14:19:08";"04/28/2017 17:42:08";"El Salvador";"Purse Seine Large";"PurseSeine_Large";"Y";"IATTC";"Y";"Y";"Y";"Y";"Y";"Y";"Y";"Y";"D";"Y"
"381";"NAIR";"7435280";"IMO#";"MX";"PurseSeine";"PurseSeine_Large";"N";"08/13/2025 08:19:55";"08/13/2025 08:19:29";"Mexico";"Purse Seine Large";"PurseSeine_Large";"Y";"IATTC";"Y";"Y";"Y";"Y";"Y";"Y";"Y";"Y";"D";"Y"
"382";"NAIR II";"8102347";"IMO#";"MX";"PurseSeine";"PurseSeine_Large";"N";"01/15/2024 15:49:02";"01/11/2024 00:09:30";"Mexico";"Purse Seine Large";"PurseSeine_Large";"Y";"IATTC";"Y";"Y";"Y";"Y";"Y";"Y";"Y";"Y";"D";"Y"
"543";"NANMADOL";"8215493";"IMO#";"FM";"PurseSeine";"PurseSeine_Large";"N";"12/02/2025 12:45:22";"06/29/2023 12:28:49";"Micronesia, Federated States of";"Purse Seine Large";"PurseSeine_Large";"Y";"WCPFC";"Y";"Y";"Y";"Y";"Y";"Y";"Y";"Y";"D";"Y"
"452";"NAOERO STAR";"8813477";"IMO#";"NR";"PurseSeine";"PurseSeine_Large";"N";"12/02/2025 12:45:53";"07/14/2024 09:00:24";"Nauru";"Purse Seine Large";"PurseSeine_Large";"Y";"WCPFC";"Y";"Y";"Y";"Y";"Y";"Y";"Y";"Y";"D";"Y"
"449";"NAOERO SUN";"8812203";"IMO#";"NR";"PurseSeine";"PurseSeine_Large";"N";"12/02/2025 12:46:23";"07/14/2024 08:54:54";"Nauru";"Purse Seine Large";"PurseSeine_Large";"Y";"WCPFC";"Y";"Y";"Y";"Y";"Y";"Y";"Y";"Y";"D";"Y"
"605";"NATALY";"8113401";"IMO#";"EC";"PurseSeine";"PurseSeine_Large";"N";"05/23/2024 08:41:03";"06/30/2023 11:13:19";"Ecuador";"Purse Seine Large";"PurseSeine_Large";"Y";"IATTC";"Y";"Y";"Y";"Y";"Y";"Y";"Y";"Y";"D";"Y"
"19097";"NAURU MANZAI 707";"1068669";"IMO#";"NR";"PurseSeine";"PurseSeine_Large";"B";"08/24/2026 15:49:21";"05/04/2025 10:10:43";"Nauru";"Purse Seine Large";"PurseSeine_Large";"Y";"WCPFC";"Y";"Y";"Y";"Y";"Y";"Y";"Y";"Y";"D";"Y"
"496";"NEW CANOE";"9746281";"IMO#";"NR";"PurseSeine";"PurseSeine_Large";"N";"08/24/2026 15:59:47";"03/30/2022 11:51:26";"Nauru";"Purse Seine Large";"PurseSeine_Large";"Y";"WCPFC";"Y";"Y";"Y";"Y";"Y";"Y";"Y";"Y";"D";"Y"
"642";"NEW FAIR DISCOVERY 707";"9669079";"IMO#";"TW";"PurseSeine";"PurseSeine_Large";"N";"08/01/2026 18:28:30";"05/05/2025 17:40:51";"Chinese Taipei";"Purse Seine Large";"PurseSeine_Large";"Y";"WCPFC";"Y";"Y";"Y";"Y";"Y";"Y";"Y";"Y";"D";"Y"
"19182";"NEW PROSPERITY";"1130163";"IMO#";"TW";"PurseSeine";"PurseSeine_Large";"B";"05/19/2026 13:48:34";"08/07/2025 14:48:06";"Chinese Taipei";"Purse Seine Large";"PurseSeine_Large";"Y";"WCPFC";"Y";"Y";"Y";"Y";"Y";"Y";"Y";"Y";"D";"Y"
"557";"NEW SPLENDOR";"9771951";"IMO#";"NR";"PurseSeine";"PurseSeine_Large";"N";"08/24/2026 16:00:07";"06/09/2026 17:29:51";"Nauru";"Purse Seine Large";"PurseSeine_Large";"Y";"WCPFC";"Y";"Y";"Y";"Y";"Y";"Y";"Y";"Y";"D";"Y"
"6983";"NITTO MARU 31";"9668439";"IMO#";"JP";"PurseSeine";"PurseSeine_Large";"N";"08/25/2026 02:08:09";"06/05/2023 15:25:14";"Japan";"Purse Seine Large";"PurseSeine_Large";"Y";"WCPFC";"Y";"Y";"Y";"Y";"NA";"Y";"Y";"Y";"D";"Y"
"497";"NIUPELALIP 8";"8520185";"IMO#";"PG";"PurseSeine";"PurseSeine_Large";"N";"06/26/2026 10:51:55";"06/26/2026 10:49:56";"Papua New Guinea";"Purse Seine Large";"PurseSeine_Large";"Y";"WCPFC";"Y";"Y";"Y";"Y";"Y";"Y";"Y";"Y";"D";"Y"
"131";"NOUR";"9359703";"IMO#";"OM";"PurseSeine";"PurseSeine_Large";"N";"12/03/2025 16:39:22";"08/13/2025 09:38:52";"Oman";"Purse Seine Large";"PurseSeine_Large";"Y";"IOTC";"Y";"Y";"Y";"Y";"Y";"Y";"Y";"Y";"D";"Y"
"242";"OCEAN ACE";"9386665";"IMO#";"KR";"PurseSeine";"PurseSeine_Large";"N";"05/29/2026 11:27:38";"04/28/2016 03:34:27";"Korea, Republic of";"Purse Seine Large";"PurseSeine_Large";"Y";"WCPFC";"Y";"Y";"Y";"Y";"Y";"Y";"Y";"Y";"D";"Y"
"420";"OCEAN CHALLENGER";"9517264";"IMO#";"NR";"PurseSeine";"PurseSeine_Large";"N";"09/11/2025 18:32:05";"07/02/2023 09:24:20";"Nauru";"Purse Seine Large";"PurseSeine_Large";"Y";"WCPFC";"Y";"Y";"Y";"Y";"Y";"Y";"Y";"Y";"D";"Y"
"418";"OCEAN CONQUEST";"9097343";"IMO#";"NR";"PurseSeine";"PurseSeine_Large";"N";"09/11/2025 18:32:36";"08/12/2024 16:35:31";"Nauru";"Purse Seine Large";"PurseSeine_Large";"Y";"WCPFC";"Y";"Y";"Y";"Y";"Y";"Y";"Y";"Y";"D";"Y"
"417";"OCEAN ENCOUNTER";"8996281";"IMO#";"NR";"PurseSeine";"PurseSeine_Large";"N";"09/11/2025 18:33:02";"07/02/2023 09:27:01";"Nauru";"Purse Seine Large";"PurseSeine_Large";"Y";"WCPFC";"Y";"Y";"Y";"Y";"Y";"Y";"Y";"Y";"D";"Y"
"399";"OCEAN EXPEDITION";"9097367";"IMO#";"NR";"PurseSeine";"PurseSeine_Large";"N";"07/25/2026 02:26:09";"06/20/2023 09:03:36";"Nauru";"Purse Seine Large";"PurseSeine_Large";"Y";"WCPFC";"Y";"Y";"Y";"Y";"Y";"Y";"Y";"Y";"D";"Y"
"421";"OCEAN GALAXY";"8996310";"IMO#";"NR";"PurseSeine";"PurseSeine_Large";"N";"09/11/2025 18:34:03";"07/02/2023 09:33:52";"Nauru";"Purse Seine Large";"PurseSeine_Large";"Y";"WCPFC";"Y";"Y";"Y";"Y";"Y";"Y";"Y";"Y";"D";"Y"
"248";"OCEAN MASTER";"8812227";"IMO#";"KR";"PurseSeine";"PurseSeine_Large";"N";"05/19/2026 14:16:48";"07/02/2024 11:52:18";"Korea, Republic of";"Purse Seine Large";"PurseSeine_Large";"Y";"WCPFC";"Y";"Y";"Y";"Y";"Y";"Y";"Y";"Y";"D";"Y"
"398";"OCEAN WARRIOR";"9097317";"IMO#";"NR";"PurseSeine";"PurseSeine_Large";"N";"09/11/2025 18:34:31";"07/02/2023 09:36:43";"Nauru";"Purse Seine Large";"PurseSeine_Large";"Y";"WCPFC";"Y";"Y";"Y";"Y";"Y";"Y";"Y";"Y";"D";"Y"
"245";"ORIENTAL KIM";"7827495";"IMO#";"SN";"PurseSeine";"PurseSeine_Large";"N";"06/02/2026 10:48:15";"08/12/2024 11:06:01";"Senegal";"Purse Seine Large";"PurseSeine_Large";"Y";"ICCAT";"Y";"Y";"Y";"Y";"Y";"Y";"Y";"Y";"D";"Y"
"323";"ORIENTAL MARINE";"9217357";"IMO#";"NR";"PurseSeine";"PurseSeine_Large";"N";"07/25/2026 02:28:21";"06/29/2023 12:20:57";"Nauru";"Purse Seine Large";"PurseSeine_Large";"Y";"WCPFC";"Y";"Y";"Y";"Y";"Y";"Y";"Y";"Y";"D";"Y"
"714";"ORINOCO II";"7333250";"IMO#";"VE";"PurseSeine";"PurseSeine_Large";"N";"08/16/2025 09:08:37";"05/28/2024 13:32:07";"Venezuela, Bolivarian Republic of";"Purse Seine Large";"PurseSeine_Large";"Y";"IATTC";"Y";"Y";"Y";"Y";"Y";"Y";"Y";"Y";"D";"Y"
"19828";"PACIFIC ENTERPRISE 108";"1117874";"IMO#";"FM";"PurseSeine";"PurseSeine_Large";"B";"08/06/2026 14:34:50";"07/14/2026 07:17:41";"Micronesia, Federated States of";"Purse Seine Large";"PurseSeine_Large";"Y";"WCPFC";"Y";"Y";"Y";"Y";"Y";"Y";"Y";"Y";"D";"Y"
"18997";"PACIFIC ENTERPRISE 7";"1066790";"IMO#";"FM";"PurseSeine";"PurseSeine_Large";"B";"08/24/2026 15:48:10";"06/10/2025 15:11:01";"Micronesia, Federated States of";"Purse Seine Large";"PurseSeine_Large";"Y";"WCPFC";"Y";"Y";"Y";"Y";"Y";"Y";"Y";"Y";"D";"Y"
"296";"PACIFIC JOURNEY 101";"9720550";"IMO#";"FM";"PurseSeine";"PurseSeine_Large";"N";"09/11/2025 18:35:24";"04/12/2022 12:22:48";"Micronesia, Federated States of";"Purse Seine Large";"PurseSeine_Large";"Y";"WCPFC";"Y";"Y";"Y";"Y";"Y";"Y";"Y";"Y";"D";"Y"
"314";"PACIFIC JOURNEY 8";"9720562";"IMO#";"FM";"PurseSeine";"PurseSeine_Large";"N";"09/11/2025 18:35:52";"05/16/2023 15:09:56";"Micronesia, Federated States of";"Purse Seine Large";"PurseSeine_Large";"Y";"WCPFC";"Y";"Y";"Y";"Y";"Y";"Y";"Y";"Y";"D";"Y"
"46";"PACIFIC PRINCESS";"7806271";"IMO#";"US";"PurseSeine";"PurseSeine_Large";"N";"06/17/2026 03:20:58";"06/17/2026 03:20:34";"United States of America";"Purse Seine Large";"PurseSeine_Large";"Y";"IATTC, WCPFC";"Y";"Y";"Y";"Y";"Y";"Y";"Y";"Y";"D";"Y"
"14203";"PACIFIC PURSUIT 107";"9887073";"IMO#";"FM";"PurseSeine";"PurseSeine_Large";"B";"09/11/2025 18:36:18";"04/11/2022 14:30:02";"Micronesia, Federated States of";"Purse Seine Large";"PurseSeine_Large";"Y";"WCPFC";"Y";"Y";"Y";"Y";"Y";"Y";"Y";"Y";"D";"Y"
"15030";"PACIFIC PURSUIT 777";"9899595";"IMO#";"FM";"PurseSeine";"PurseSeine_Large";"B";"09/11/2025 18:36:43";"07/07/2021 15:56:28";"Micronesia, Federated States of";"Purse Seine Large";"PurseSeine_Large";"Y";"WCPFC";"Y";"Y";"Y";"Y";"Y";"Y";"Y";"Y";"D";"Y"
"9";"PACIFIC STAR";"8716837";"IMO#";"TZ";"PurseSeine";"PurseSeine_Large";"N";"09/24/2025 10:23:02";"10/05/2017 10:50:12";"Tanzania, United Republic of";"Purse Seine Large";"PurseSeine_Large";"Y";"IOTC";"Y";"Y";"Y";"Y";"Y";"Y";"Y";"Y";"D";"Y"
"769";"PACIFIC TUNA";"8030465";"IMO#";"EC";"PurseSeine";"PurseSeine_Large";"N";"08/10/2026 11:25:33";"08/14/2025 06:45:55";"Ecuador";"Purse Seine Large";"PurseSeine_Large";"N";"";"N";"N";"N";"N";"N";"N";"N";"N";"D";"N"
"373";"PACO C";"9675535";"IMO#";"MX";"PurseSeine";"PurseSeine_Large";"N";"08/14/2025 06:48:06";"08/14/2025 06:47:52";"Mexico";"Purse Seine Large";"PurseSeine_Large";"Y";"IATTC";"Y";"Y";"Y";"Y";"Y";"Y";"Y";"Y";"D";"Y"
"13";"PANAMA TUNA";"9175028";"IMO#";"EC";"PurseSeine";"PurseSeine_Large";"N";"05/29/2026 15:10:04";"08/31/2017 21:18:37";"Ecuador";"Purse Seine Large";"PurseSeine_Large";"Y";"IATTC, WCPFC";"Y";"Y";"Y";"Y";"Y";"Y";"Y";"Y";"D";"Y"
"356";"PANCHITO L";"8212984";"IMO#";"EC";"PurseSeine";"PurseSeine_Large";"N";"08/23/2026 18:32:57";"08/23/2026 18:32:11";"Ecuador";"Purse Seine Large";"PurseSeine_Large";"Y";"IATTC";"Y";"Y";"Y";"Y";"Y";"Y";"Y";"Y";"D";"Y"
"427";"PANOFI COMMANDER";"9097379";"IMO#";"GH";"PurseSeine";"PurseSeine_Large";"N";"08/21/2025 16:29:55";"03/31/2022 16:45:19";"Ghana";"Purse Seine Large";"PurseSeine_Large";"Y";"ICCAT";"Y";"Y";"Y";"Y";"Y";"Y";"Y";"Y";"D";"Y"
"404";"PANOFI DISCOVERER";"9565352";"IMO#";"GH";"PurseSeine";"PurseSeine_Large";"N";"05/06/2024 07:35:35";"07/02/2023 09:47:11";"Ghana";"Purse Seine Large";"PurseSeine_Large";"Y";"ICCAT";"Y";"Y";"Y";"Y";"Y";"Y";"Y";"Y";"D";"Y"
"405";"PANOFI FORE-RUNNER";"9568859";"IMO#";"GH";"PurseSeine";"PurseSeine_Large";"N";"05/06/2024 07:35:13";"07/02/2023 09:50:42";"Ghana";"Purse Seine Large";"PurseSeine_Large";"Y";"ICCAT";"Y";"Y";"Y";"Y";"Y";"Y";"Y";"Y";"D";"Y"
"428";"PANOFI GRACE";"9517276";"IMO#";"GH";"PurseSeine";"PurseSeine_Large";"N";"08/21/2025 16:30:39";"06/13/2022 11:48:22";"Ghana";"Purse Seine Large";"PurseSeine_Large";"Y";"ICCAT";"Y";"Y";"Y";"Y";"Y";"Y";"Y";"Y";"D";"Y"
"403";"PANOFI MASTER";"8976815";"IMO#";"GH";"PurseSeine";"PurseSeine_Large";"N";"08/21/2025 16:28:47";"07/02/2023 09:56:34";"Ghana";"Purse Seine Large";"PurseSeine_Large";"Y";"ICCAT";"Y";"Y";"Y";"Y";"Y";"Y";"Y";"Y";"D";"Y"
"406";"PANOFI PATH FINDER";"9568861";"IMO#";"GH";"PurseSeine";"PurseSeine_Large";"N";"03/24/2025 14:22:13";"07/14/2024 14:39:58";"Ghana";"Purse Seine Large";"PurseSeine_Large";"Y";"ICCAT";"Y";"Y";"Y";"Y";"Y";"Y";"Y";"Y";"D";"Y"
"426";"PANOFI QUEEN";"9097329";"IMO#";"GH";"PurseSeine";"PurseSeine_Large";"N";"08/21/2025 16:29:26";"06/13/2022 09:26:03";"Ghana";"Purse Seine Large";"PurseSeine_Large";"Y";"ICCAT";"Y";"Y";"Y";"Y";"Y";"Y";"Y";"Y";"D";"Y"
"722";"PAPA RESTY";"9729295";"IMO#";"PH";"PurseSeine";"PurseSeine_Large";"N";"10/01/2025 07:28:11";"06/14/2023 01:58:14";"Philippines";"Purse Seine Large";"PurseSeine_Large";"Y";"WCPFC";"Y";"Y";"Y";"Y";"Y";"Y";"Y";"Y";"D";"Y"
"603";"PENDRUC";"9741102";"IMO#";"FR";"PurseSeine";"PurseSeine_Large";"N";"08/14/2025 07:18:20";"08/14/2025 07:17:47";"France";"Purse Seine Large";"PurseSeine_Large";"Y";"IOTC";"Y";"Y";"Y";"Y";"Y";"Y";"Y";"Y";"D";"Y"
"606";"PERLA DEL MAR";"7360277";"IMO#";"EC";"PurseSeine";"PurseSeine_Large";"N";"11/25/2025 14:20:44";"07/10/2024 15:58:36";"Ecuador";"Purse Seine Large";"PurseSeine_Large";"Y";"IATTC";"Y";"Y";"Y";"Y";"Y";"Y";"Y";"Y";"D";"Y"
"16239";"PERSEVERANCE 282";"9966283";"IMO#";"FM";"PurseSeine";"PurseSeine_Large";"B";"08/24/2026 15:46:52";"05/19/2025 20:34:12";"Micronesia, Federated States of";"Purse Seine Large";"PurseSeine_Large";"Y";"WCPFC";"Y";"Y";"Y";"Y";"Y";"Y";"Y";"Y";"D";"Y"
"18035";"PERSEVERANCE 768";"9966295";"IMO#";"FM";"PurseSeine";"PurseSeine_Large";"B";"08/24/2026 15:47:27";"05/19/2025 20:36:05";"Micronesia, Federated States of";"Purse Seine Large";"PurseSeine_Large";"Y";"WCPFC";"Y";"Y";"Y";"Y";"Y";"Y";"Y";"Y";"D";"Y"
"937";"PESCATUN 1";"7305409";"IMO#";"NI";"PurseSeine";"PurseSeine_Large";"N";"08/12/2026 11:32:29";"07/10/2024 15:55:21";"Nicaragua";"Purse Seine Large";"PurseSeine_Large";"Y";"IATTC";"Y";"Y";"Y";"Y";"Y";"Y";"Y";"Y";"D";"Y"
"514";"PINK CARNATION 888";"9206994";"IMO#";"PH";"PurseSeine";"PurseSeine_Large";"N";"06/26/2026 11:38:16";"05/07/2026 02:59:38";"Philippines";"Purse Seine Large";"PurseSeine_Large";"Y";"WCPFC";"Y";"Y";"Y";"Y";"Y";"Y";"Y";"Y";"D";"Y"
"205";"PLAYA DE ANZORAS";"9176917";"IMO#";"SC";"PurseSeine";"PurseSeine_Large";"N";"08/20/2025 08:43:38";"08/14/2025 07:33:50";"Seychelles";"Purse Seine Large";"PurseSeine_Large";"Y";"IOTC";"Y";"Y";"Y";"Y";"Y";"Y";"Y";"Y";"D";"Y"
"208";"PLAYA DE AZKORRI";"9476111";"IMO#";"SC";"PurseSeine";"PurseSeine_Large";"N";"08/17/2025 07:25:31";"08/17/2025 07:24:48";"Seychelles";"Purse Seine Large";"PurseSeine_Large";"Y";"IOTC";"Y";"Y";"Y";"Y";"Y";"Y";"Y";"Y";"D";"Y"
"393";"PLAYA DE LAGA";"9719800";"IMO#";"BZ";"PurseSeine";"PurseSeine_Large";"B";"12/11/2024 16:04:05";"03/29/2022 15:05:56";"Belize";"Purse Seine Large";"PurseSeine_Large";"Y";"ICCAT";"Y";"Y";"Y";"Y";"Y";"Y";"Y";"Y";"D";"Y"
"544";"PLAYA DE LAIDA";"9719812";"IMO#";"SC";"PurseSeine";"PurseSeine_Large";"B";"12/03/2025 16:41:49";"03/29/2022 15:09:22";"Seychelles";"Purse Seine Large";"PurseSeine_Large";"Y";"IOTC";"Y";"Y";"Y";"Y";"Y";"Y";"Y";"Y";"D";"Y"
"209";"PLAYA DE RIS";"9684548";"IMO#";"ES";"PurseSeine";"PurseSeine_Large";"N";"06/30/2026 10:33:44";"06/30/2026 10:32:46";"Spain";"Purse Seine Large";"PurseSeine_Large";"Y";"IOTC";"Y";"Y";"Y";"Y";"Y";"Y";"Y";"Y";"D";"Y"
"990";"PONT SAINT LOUIS";"8222422";"IMO#";"SN";"PurseSeine";"PurseSeine_Large";"N";"07/25/2026 02:14:21";"08/17/2025 07:28:44";"Senegal";"Purse Seine Large";"PurseSeine_Large";"Y";"ICCAT";"Y";"Y";"Y";"Y";"Y";"Y";"Y";"Y";"D";"Y"
"284";"PRINCESS JANICE 168";"7930723";"IMO#";"PH";"PurseSeine";"PurseSeine_Large";"N";"03/05/2026 19:13:28";"08/17/2025 08:00:37";"Philippines";"Purse Seine Large";"PurseSeine_Large";"Y";"WCPFC";"Y";"Y";"Y";"Y";"Y";"Y";"Y";"Y";"D";"Y"
"290";"PS-1";"9719082";"IMO#";"EC";"PurseSeine";"PurseSeine_Large";"N";"08/17/2025 08:52:11";"08/17/2025 08:51:39";"Ecuador";"Purse Seine Large";"PurseSeine_Large";"Y";"IATTC";"Y";"Y";"Y";"Y";"Y";"Y";"Y";"Y";"D";"Y"
"755";"PURPLE BEAUTY 888";"8648016";"IMO#";"PH";"PurseSeine";"PurseSeine_Large";"N";"07/02/2026 11:33:04";"07/02/2026 11:32:46";"Philippines";"Purse Seine Large";"PurseSeine_Large";"Y";"WCPFC";"Y";"Y";"Y";"Y";"Y";"Y";"Y";"Y";"D";"Y"
"179";"PURPLE LILAC 888";"7820722";"IMO#";"PG";"PurseSeine";"PurseSeine_Large";"N";"06/26/2026 11:28:14";"06/26/2026 11:27:49";"Papua New Guinea";"Purse Seine Large";"PurseSeine_Large";"Y";"WCPFC";"Y";"Y";"Y";"Y";"Y";"Y";"Y";"Y";"D";"Y"
"277";"QUEEN ALEXANDRA 959";"9703253";"IMO#";"FM";"PurseSeine";"PurseSeine_Large";"N";"08/06/2026 16:00:25";"08/06/2026 16:00:04";"Micronesia, Federated States of";"Purse Seine Large";"PurseSeine_Large";"Y";"WCPFC";"Y";"Y";"Y";"Y";"Y";"Y";"Y";"Y";"D";"Y"
"6266";"QUEEN ANNE 959";"9268899";"IMO#";"FM";"PurseSeine";"PurseSeine_Large";"N";"04/04/2025 13:09:47";"07/09/2024 10:09:21";"Micronesia, Federated States of";"Purse Seine Large";"PurseSeine_Large";"Y";"WCPFC";"Y";"Y";"Y";"Y";"Y";"Y";"Y";"Y";"D";"Y"
"744";"QUEEN ELLICE";"8648494";"IMO#";"TV";"PurseSeine";"PurseSeine_Large";"N";"12/02/2025 12:56:53";"06/27/2024 15:47:03";"Tuvalu";"Purse Seine Large";"PurseSeine_Large";"Y";"WCPFC";"Y";"Y";"Y";"Y";"Y";"Y";"Y";"Y";"D";"Y"
"388";"QUEEN EVELYN 101";"8747238";"IMO#";"PH";"PurseSeine";"PurseSeine_Large";"N";"03/05/2026 19:14:39";"06/29/2024 10:20:12";"Philippines";"Purse Seine Large";"PurseSeine_Large";"Y";"WCPFC";"Y";"Y";"Y";"Y";"Y";"Y";"Y";"Y";"D";"Y"
"6265";"QUEEN ISABELLA 88";"9803479";"IMO#";"FM";"PurseSeine";"PurseSeine_Large";"N";"08/06/2026 16:02:04";"08/06/2026 16:01:43";"Micronesia, Federated States of";"Purse Seine Large";"PurseSeine_Large";"Y";"WCPFC";"Y";"Y";"Y";"Y";"Y";"Y";"Y";"Y";"D";"Y"
"531";"QUEEN JANICE 101 ";"8748567";"IMO#";"PH";"PurseSeine";"PurseSeine_Large";"N";"03/05/2026 19:15:25";"08/12/2024 16:25:36";"Philippines";"Purse Seine Large";"PurseSeine_Large";"Y";"WCPFC";"Y";"Y";"Y";"Y";"Y";"Y";"Y";"Y";"D";"Y"
"283";"QUEEN JENNY 138";"8214322";"IMO#";"PH";"PurseSeine";"PurseSeine_Large";"N";"03/05/2026 19:16:23";"07/31/2025 15:41:30";"Philippines";"Purse Seine Large";"PurseSeine_Large";"Y";"WCPFC";"Y";"Y";"Y";"Y";"Y";"Y";"Y";"Y";"D";"Y"
"537";"QUEEN JINA 101";"9016545";"IMO#";"PH";"PurseSeine";"PurseSeine_Large";"N";"03/05/2026 19:17:06";"06/29/2024 09:36:38";"Philippines";"Purse Seine Large";"PurseSeine_Large";"Y";"WCPFC";"Y";"Y";"Y";"Y";"Y";"Y";"Y";"Y";"D";"Y"
"675";"QUEEN MARILOU 777";"9109342";"IMO#";"PH";"PurseSeine";"PurseSeine_Large";"N";"07/03/2026 08:36:38";"02/20/2024 00:14:49";"Philippines";"Purse Seine Large";"PurseSeine_Large";"IP";"";"IP";"IP";"IP";"IP";"IP";"IP";"IP";"IP";"D";"IP"
"674";"QUEEN MARILOU 888";"9009736";"IMO#";"PH";"PurseSeine";"PurseSeine_Large";"N";"05/19/2026 14:20:54";"04/17/2023 09:48:01";"Philippines";"Purse Seine Large";"PurseSeine_Large";"Y";"WCPFC";"Y";"Y";"Y";"Y";"Y";"Y";"Y";"Y";"D";"Y"
"877";"QUEEN MARILOU 999";"9033282";"IMO#";"PH";"PurseSeine";"PurseSeine_Large";"N";"07/03/2026 08:36:58";"09/03/2024 05:19:25";"Philippines";"Purse Seine Large";"PurseSeine_Large";"IP";"";"IP";"IP";"IP";"IP";"IP";"IP";"IP";"IP";"D";"IP"
"101";"RAFA A";"8818348";"IMO#";"EC";"PurseSeine";"PurseSeine_Large";"N";"07/20/2026 23:03:25";"08/17/2025 10:46:02";"Ecuador";"Purse Seine Large";"PurseSeine_Large";"Y";"IATTC";"Y";"Y";"Y";"Y";"Y";"Y";"Y";"Y";"D";"Y"
"422";"RAFFAELLO";"7212377";"IMO#";"US";"PurseSeine";"PurseSeine_Large";"N";"08/19/2026 01:37:53";"08/17/2025 11:06:26";"United States of America";"Purse Seine Large";"PurseSeine_Large";"Y";"IATTC";"Y";"Y";"Y";"Y";"Y";"Y";"Y";"Y";"D";"Y"
"699";"RED ROBIN 88";"8628614";"IMO#";"PH";"PurseSeine";"PurseSeine_Large";"N";"06/26/2026 11:31:59";"06/03/2025 12:07:26";"Philippines";"Purse Seine Large";"PurseSeine_Large";"Y";"WCPFC";"Y";"Y";"Y";"Y";"Y";"Y";"Y";"Y";"D";"Y"
"177";"RED TULIP 888";"7409267";"IMO#";"PG";"PurseSeine";"PurseSeine_Large";"N";"05/30/2026 14:07:42";"07/17/2024 11:53:39";"Papua New Guinea";"Purse Seine Large";"PurseSeine_Large";"N";"NA(EEZ)";"N";"N";"N";"N";"N";"N";"N";"N";"D";"N"
"306";"REINA DE LA PAZ";"9545792";"IMO#";"PA";"PurseSeine";"PurseSeine_Large";"N";"07/16/2025 09:39:24";"05/24/2022 10:27:52";"Panama";"Purse Seine Large";"PurseSeine_Large";"Y";"IATTC";"Y";"Y";"Y";"Y";"Y";"Y";"Y";"Y";"D";"Y"
"576";"RELL & RENN 888";"8618592";"IMO#";"PH";"PurseSeine";"PurseSeine_Large";"N";"06/22/2026 03:13:31";"06/17/2025 21:02:01";"Philippines";"Purse Seine Large";"PurseSeine_Large";"IP";"";"NA";"IP";"IP";"IP";"IP";"IP";"IP";"IP";"D";"IP"
"462";"RESTY B.T.";"7303724";"IMO#";"PH";"PurseSeine";"PurseSeine_Large";"N";"06/01/2026 17:14:42";"06/22/2017 17:42:13";"Philippines";"Purse Seine Large";"PurseSeine_Large";"IP";"";"IP";"IP";"IP";"IP";"IP";"IP";"IP";"IP";"D";"IP"
"146";"RIA DE ALDAN";"9476238";"IMO#";"EC";"PurseSeine";"PurseSeine_Large";"N";"10/09/2025 12:14:26";"04/29/2024 17:06:09";"Ecuador";"Purse Seine Large";"PurseSeine_Large";"Y";"IATTC";"Y";"Y";"Y";"Y";"Y";"Y";"Y";"Y";"D";"Y"
"102";"RICKY A";"7347926";"IMO#";"EC";"PurseSeine";"PurseSeine_Large";"N";"04/16/2025 15:48:23";"08/12/2024 10:58:45";"Ecuador";"Purse Seine Large";"PurseSeine_Large";"Y";"IATTC";"Y";"Y";"Y";"Y";"Y";"Y";"Y";"Y";"D";"Y"
"104";"ROBERTO A";"9007427";"IMO#";"EC";"PurseSeine";"PurseSeine_Large";"N";"07/20/2026 23:10:03";"08/18/2025 10:26:59";"Ecuador";"Purse Seine Large";"PurseSeine_Large";"Y";"IATTC";"Y";"Y";"Y";"Y";"Y";"Y";"Y";"Y";"D";"Y"
"77";"ROCIO";"7367495";"IMO#";"EC";"PurseSeine";"PurseSeine_Large";"N";"07/25/2026 16:52:15";"08/18/2025 10:35:30";"Ecuador";"Purse Seine Large";"PurseSeine_Large";"Y";"IATTC";"Y";"Y";"Y";"Y";"Y";"Y";"Y";"Y";"D";"Y"
"536";"ROSA F";"7383712";"IMO#";"EC";"PurseSeine";"PurseSeine_Large";"N";"04/16/2025 15:50:26";"08/12/2024 10:51:21";"Ecuador";"Purse Seine Large";"PurseSeine_Large";"Y";"IATTC";"Y";"Y";"Y";"Y";"Y";"Y";"Y";"Y";"D";"Y"
"463";"ROSE MARIE";"8210780";"IMO#";"PH";"PurseSeine";"PurseSeine_Large";"N";"06/01/2026 17:30:01";"08/19/2024 16:15:46";"Philippines";"Purse Seine Large";"PurseSeine_Large";"IP";"";"IP";"IP";"IP";"IP";"IP";"IP";"IP";"IP";"D";"IP"
"21";"ROSITA C";"9210969";"IMO#";"ES";"PurseSeine";"PurseSeine_Large";"N";"05/29/2026 15:14:29";"04/28/2016 03:34:27";"Spain";"Purse Seine Large";"PurseSeine_Large";"Y";"IATTC, WCPFC";"Y";"Y";"Y";"Y";"Y";"Y";"Y";"Y";"D";"Y"
"354";"ROSSANA L";"7930735";"IMO#";"EC";"PurseSeine";"PurseSeine_Large";"N";"07/21/2026 00:02:37";"05/24/2022 10:34:37";"Ecuador";"Purse Seine Large";"PurseSeine_Large";"Y";"IATTC";"Y";"Y";"Y";"Y";"Y";"Y";"Y";"Y";"D";"Y"
"464";"SAGARA BABYLYN";"7903952";"IMO#";"PH";"PurseSeine";"PurseSeine_Large";"N";"06/01/2026 19:51:01";"08/19/2024 16:13:09";"Philippines";"Purse Seine Large";"PurseSeine_Large";"IP";"";"IP";"IP";"IP";"IP";"IP";"IP";"IP";"IP";"D";"IP"
"631";"SAJO ALEXANDRIA";"9683635";"IMO#";"KR";"PurseSeine";"PurseSeine_Large";"N";"05/29/2026 11:34:18";"08/19/2025 21:54:05";"Korea, Republic of";"Purse Seine Large";"PurseSeine_Large";"Y";"WCPFC";"Y";"Y";"Y";"Y";"Y";"Y";"Y";"Y";"D";"Y"
"632";"SAJO COLUMBIA";"9618379";"IMO#";"KR";"PurseSeine";"PurseSeine_Large";"N";"05/29/2026 15:31:37";"06/27/2024 15:41:57";"Korea, Republic of";"Purse Seine Large";"PurseSeine_Large";"Y";"WCPFC";"Y";"Y";"Y";"Y";"Y";"Y";"Y";"Y";"D";"Y"
"7984";"SAJO CONCORDIA";"9699593";"IMO#";"KR";"PurseSeine";"PurseSeine_Large";"N";"05/29/2026 11:35:45";"06/27/2024 15:33:32";"Korea, Republic of";"Purse Seine Large";"PurseSeine_Large";"Y";"WCPFC";"Y";"Y";"Y";"Y";"Y";"Y";"Y";"Y";"D";"Y"
"633";"SAJO FAMILIA";"9619323";"IMO#";"KR";"PurseSeine";"PurseSeine_Large";"N";"05/29/2026 11:32:17";"04/05/2022 20:46:27";"Korea, Republic of";"Purse Seine Large";"PurseSeine_Large";"Y";"WCPFC";"Y";"Y";"Y";"Y";"Y";"Y";"Y";"Y";"D";"Y"
"636";"SAJO POSEDONIA";"9683623";"IMO#";"KR";"PurseSeine";"PurseSeine_Large";"N";"05/29/2026 11:33:53";"06/27/2024 15:26:57";"Korea, Republic of";"Purse Seine Large";"PurseSeine_Large";"Y";"WCPFC";"Y";"Y";"Y";"Y";"Y";"Y";"Y";"Y";"D";"Y"
"635";"SAJO POTENTIA";"9587063";"IMO#";"KR";"PurseSeine";"PurseSeine_Large";"N";"05/29/2026 11:31:08";"06/27/2024 15:22:53";"Korea, Republic of";"Purse Seine Large";"PurseSeine_Large";"Y";"WCPFC";"Y";"Y";"Y";"Y";"Y";"Y";"Y";"Y";"D";"Y"
"762";"SAJO THETISIA";"9157466";"IMO#";"KR";"PurseSeine";"PurseSeine_Large";"N";"05/29/2026 15:08:59";"06/27/2024 15:20:26";"Korea, Republic of";"Purse Seine Large";"PurseSeine_Large";"Y";"WCPFC";"Y";"Y";"Y";"Y";"Y";"Y";"Y";"Y";"D";"Y"
"23";"SAN ANDRES";"8909252";"IMO#";"EC";"PurseSeine";"PurseSeine_Large";"N";"05/19/2026 14:17:52";"05/24/2022 10:38:53";"Ecuador";"Purse Seine Large";"PurseSeine_Large";"Y";"IATTC, WCPFC";"Y";"Y";"Y";"Y";"Y";"Y";"Y";"Y";"D";"Y"
"520";"SANSUN RANGER";"7120201";"IMO#";"EC";"PurseSeine";"PurseSeine_Large";"N";"07/07/2026 13:22:55";"07/07/2026 13:22:13";"Ecuador";"Purse Seine Large";"PurseSeine_Large";"Y";"IATTC";"Y";"Y";"Y";"Y";"Y";"Y";"Y";"Y";"D";"Y"
"274";"SANT YAGO TRES";"8919427";"IMO#";"GT";"PurseSeine";"PurseSeine_Large";"N";"11/27/2025 17:10:28";"04/28/2016 03:34:27";"Guatemala";"Purse Seine Large";"PurseSeine_Large";"IP";"";"NA";"IP";"IP";"IP";"IP";"IP";"IP";"IP";"D";"IP"
"68";"SANT YAGO UNO";"8919439";"IMO#";"GT";"PurseSeine";"PurseSeine_Large";"N";"08/08/2025 11:17:12";"04/18/2017 02:03:56";"Guatemala";"Purse Seine Large";"PurseSeine_Large";"Y";"IATTC";"Y";"Y";"Y";"Y";"Y";"Y";"Y";"Y";"D";"Y"
"197";"SEA BREEZE";"7817323";"IMO#";"SN";"PurseSeine";"PurseSeine_Large";"N";"10/01/2025 07:32:05";"08/21/2025 15:42:18";"Senegal";"Purse Seine Large";"PurseSeine_Large";"Y";"ICCAT";"Y";"Y";"Y";"Y";"Y";"Y";"Y";"Y";"D";"Y"
"425";"SEA DEFENDER";"8996190";"IMO#";"SN";"PurseSeine";"PurseSeine_Large";"N";"06/02/2026 10:48:26";"05/15/2025 15:14:10";"Senegal";"Purse Seine Large";"PurseSeine_Large";"Y";"ICCAT";"Y";"Y";"Y";"Y";"Y";"Y";"Y";"Y";"D";"Y"
"359";"SEA ENCOUNTER";"7823360";"IMO#";"US";"PurseSeine";"PurseSeine_Large";"N";"05/19/2026 13:54:50";"05/05/2025 13:08:10";"United States of America";"Purse Seine Large";"PurseSeine_Large";"Y";"IATTC, WCPFC";"Y";"Y";"Y";"Y";"Y";"Y";"Y";"Y";"D";"Y"
"401";"SEA FRONTIER";"8988806";"IMO#";"GN";"PurseSeine";"PurseSeine_Large";"N";"10/01/2025 07:33:53";"08/21/2025 15:42:49";"Guinea";"Purse Seine Large";"PurseSeine_Large";"Y";"ICCAT";"Y";"Y";"Y";"Y";"Y";"Y";"Y";"Y";"D";"Y"
"268";"SEA TUNA 1";"7123473";"IMO#";"NI";"PurseSeine";"PurseSeine_Large";"N";"08/12/2026 11:30:50";"05/13/2022 18:29:32";"Nicaragua";"Purse Seine Large";"PurseSeine_Large";"Y";"IATTC";"Y";"Y";"Y";"Y";"Y";"Y";"Y";"Y";"D";"Y"
"302";"SEGYERO";"9713973";"IMO#";"KR";"PurseSeine";"PurseSeine_Large";"N";"05/30/2026 14:08:21";"06/29/2024 09:26:54";"Korea, Republic of";"Purse Seine Large";"PurseSeine_Large";"Y";"WCPFC";"Y";"Y";"Y";"Y";"Y";"Y";"Y";"Y";"D";"Y"
"741";"SERENA 1";"9220299";"IMO#";"VU";"PurseSeine";"PurseSeine_Large";"N";"05/29/2026 11:17:38";"06/27/2024 15:17:22";"Vanuatu";"Purse Seine Large";"PurseSeine_Large";"Y";"WCPFC";"Y";"Y";"Y";"Y";"Y";"Y";"Y";"Y";"D";"Y"
"740";"SERENA 2";"8996102";"IMO#";"VU";"PurseSeine";"PurseSeine_Large";"N";"06/30/2026 14:13:08";"06/30/2026 14:07:09";"Vanuatu";"Purse Seine Large";"PurseSeine_Large";"Y";"WCPFC";"Y";"Y";"Y";"Y";"Y";"Y";"Y";"Y";"D";"Y"
"448";"SHILLA CHALLENGER";"8813489";"IMO#";"KR";"PurseSeine";"PurseSeine_Large";"N";"10/23/2025 17:12:52";"07/16/2024 12:06:12";"Korea, Republic of";"Purse Seine Large";"PurseSeine_Large";"Y";"WCPFC";"Y";"Y";"Y";"Y";"Y";"Y";"Y";"Y";"D";"Y"
"510";"SHILLA EXPLORER";"9699567";"IMO#";"KR";"PurseSeine";"PurseSeine_Large";"N";"10/23/2025 16:25:51";"07/16/2024 11:58:16";"Korea, Republic of";"Purse Seine Large";"PurseSeine_Large";"Y";"WCPFC";"Y";"Y";"Y";"Y";"Y";"Y";"Y";"Y";"D";"Y"
"450";"SHILLA HARVESTER";"9634919";"IMO#";"KR";"PurseSeine";"PurseSeine_Large";"N";"10/23/2025 17:13:28";"07/16/2024 11:56:39";"Korea, Republic of";"Purse Seine Large";"PurseSeine_Large";"Y";"WCPFC";"Y";"Y";"Y";"Y";"Y";"Y";"Y";"Y";"D";"Y"
"451";"SHILLA JUPITER";"9199220";"IMO#";"KR";"PurseSeine";"PurseSeine_Large";"N";"10/23/2025 16:23:39";"07/16/2024 11:54:49";"Korea, Republic of";"Purse Seine Large";"PurseSeine_Large";"Y";"WCPFC";"Y";"Y";"Y";"Y";"Y";"Y";"Y";"Y";"D";"Y"
"511";"SHILLA PIONEER";"9699579";"IMO#";"KR";"PurseSeine";"PurseSeine_Large";"N";"10/23/2025 17:14:09";"07/16/2024 11:53:32";"Korea, Republic of";"Purse Seine Large";"PurseSeine_Large";"Y";"WCPFC";"Y";"Y";"Y";"Y";"Y";"Y";"Y";"Y";"D";"Y"
"453";"SHILLA SPRINTER";"9634945";"IMO#";"KR";"PurseSeine";"PurseSeine_Large";"N";"10/23/2025 16:24:56";"07/16/2024 11:51:59";"Korea, Republic of";"Purse Seine Large";"PurseSeine_Large";"Y";"WCPFC";"Y";"Y";"Y";"Y";"Y";"Y";"Y";"Y";"D";"Y"
"326";"SHUN FA 8";"9289221";"IMO#";"CN";"PurseSeine";"PurseSeine_Large";"N";"02/04/2026 17:34:57";"05/03/2022 09:04:37";"China, People's Republic of";"Purse Seine Large";"PurseSeine_Large";"Y";"WCPFC";"Y";"Y";"Y";"Y";"Y";"Y";"Y";"Y";"D";"Y"
"508";"SISARGAS";"9698551";"IMO#";"SV";"PurseSeine";"PurseSeine_Large";"N";"07/17/2025 13:52:15";"07/02/2023 17:33:58";"El Salvador";"Purse Seine Large";"PurseSeine_Large";"Y";"IATTC";"Y";"Y";"Y";"Y";"Y";"Y";"Y";"Y";"D";"Y"
"19096";"SKIPJACK MANZAI 707";"1067744";"IMO#";"NR";"PurseSeine";"PurseSeine_Large";"B";"05/19/2026 17:43:17";"05/04/2025 09:00:15";"Nauru";"Purse Seine Large";"PurseSeine_Large";"Y";"WCPFC";"Y";"Y";"Y";"Y";"Y";"Y";"Y";"Y";"D";"Y"
"6955";"SOHO MARU 63";"9606235";"IMO#";"JP";"PurseSeine";"PurseSeine_Large";"N";"08/03/2026 04:15:38";"06/05/2023 16:22:33";"Japan";"Purse Seine Large";"PurseSeine_Large";"IP";"";"NA";"IP";"IP";"IP";"IP";"IP";"IP";"IP";"D";"IP"
"6957";"SOHO MARU 83";"9474187";"IMO#";"JP";"PurseSeine";"PurseSeine_Large";"N";"08/03/2026 04:10:11";"08/03/2026 04:09:54";"Japan";"Purse Seine Large";"PurseSeine_Large";"Y";"WCPFC";"Y";"Y";"Y";"Y";"NA";"Y";"Y";"Y";"D";"Y"
"6956";"SOHO MARU 88";"9346392";"IMO#";"JP";"PurseSeine";"PurseSeine_Large";"N";"08/25/2026 02:10:56";"06/05/2023 16:33:37";"Japan";"Purse Seine Large";"PurseSeine_Large";"Y";"WCPFC";"Y";"Y";"Y";"Y";"NA";"Y";"Y";"Y";"D";"Y"
"254";"SOKEHS";"7827469";"IMO#";"FM";"PurseSeine";"PurseSeine_Large";"N";"08/06/2026 16:54:53";"08/06/2026 16:54:21";"Micronesia, Federated States of";"Purse Seine Large";"PurseSeine_Large";"Y";"WCPFC";"Y";"Y";"Y";"Y";"Y";"Y";"Y";"Y";"D";"Y"
"657";"SOLOMON AMBER";"8748361";"IMO#";"SB";"PurseSeine";"PurseSeine_Large";"N";"05/19/2026 14:13:34";"06/25/2023 09:24:49";"Solomon Islands";"Purse Seine Large";"PurseSeine_Large";"Y";"WCPFC";"Y";"Y";"Y";"Y";"Y";"Y";"Y";"Y";"D";"Y"
"61";"SOLOMON EMERALD";"9212292";"IMO#";"SB";"PurseSeine";"PurseSeine_Large";"N";"05/29/2026 11:16:14";"05/15/2025 14:44:34";"Solomon Islands";"Purse Seine Large";"PurseSeine_Large";"Y";"WCPFC";"Y";"Y";"Y";"Y";"Y";"Y";"Y";"Y";"D";"Y"
"65";"SOLOMON JADE";"9211183";"IMO#";"SB";"PurseSeine";"PurseSeine_Large";"N";"05/29/2026 15:15:49";"05/15/2025 14:54:32";"Solomon Islands";"Purse Seine Large";"PurseSeine_Large";"Y";"WCPFC";"Y";"Y";"Y";"Y";"Y";"Y";"Y";"Y";"D";"Y"
"66";"SOLOMON OPAL";"9212319";"IMO#";"SB";"PurseSeine";"PurseSeine_Large";"N";"05/29/2026 11:17:08";"05/15/2025 14:55:13";"Solomon Islands";"Purse Seine Large";"PurseSeine_Large";"Y";"WCPFC";"Y";"Y";"Y";"Y";"Y";"Y";"Y";"Y";"D";"Y"
"64";"SOLOMON PEARL";"9211171";"IMO#";"SB";"PurseSeine";"PurseSeine_Large";"N";"05/29/2026 11:15:20";"05/15/2025 14:54:06";"Solomon Islands";"Purse Seine Large";"PurseSeine_Large";"Y";"WCPFC";"Y";"Y";"Y";"Y";"Y";"Y";"Y";"Y";"D";"Y"
"67";"SOLOMON RUBY";"9212307";"IMO#";"SB";"PurseSeine";"PurseSeine_Large";"N";"05/29/2026 11:16:41";"05/15/2025 14:56:28";"Solomon Islands";"Purse Seine Large";"PurseSeine_Large";"Y";"WCPFC";"Y";"Y";"Y";"Y";"Y";"Y";"Y";"Y";"D";"Y"
"465";"SOPHIA MARTINA";"8748696";"IMO#";"PH";"PurseSeine";"PurseSeine_Large";"N";"05/19/2026 14:15:52";"06/28/2023 12:04:36";"Philippines";"Purse Seine Large";"PurseSeine_Large";"Y";"WCPFC";"Y";"Y";"Y";"Y";"Y";"Y";"Y";"Y";"D";"Y"
"540";"SOUTHERN SEAS 301";"9764415";"IMO#";"SB";"PurseSeine";"PurseSeine_Large";"N";"08/01/2026 17:40:20";"07/24/2026 01:32:40";"Solomon Islands";"Purse Seine Large";"PurseSeine_Large";"Y";"WCPFC";"Y";"Y";"Y";"Y";"Y";"Y";"Y";"Y";"D";"Y"
"541";"SOUTHERN SEAS 302";"9764427";"IMO#";"SB";"PurseSeine";"PurseSeine_Large";"N";"05/29/2026 11:39:29";"06/02/2025 18:14:11";"Solomon Islands";"Purse Seine Large";"PurseSeine_Large";"Y";"WCPFC";"Y";"Y";"Y";"Y";"Y";"Y";"Y";"Y";"D";"Y"
"542";"SOUTHERN SEAS 303";"9764439";"IMO#";"SB";"PurseSeine";"PurseSeine_Large";"N";"05/29/2026 11:39:52";"07/02/2023 17:36:09";"Solomon Islands";"Purse Seine Large";"PurseSeine_Large";"Y";"WCPFC";"Y";"Y";"Y";"Y";"Y";"Y";"Y";"Y";"D";"Y"
"130";"STERENN";"9225548";"IMO#";"FR";"PurseSeine";"PurseSeine_Large";"N";"12/11/2024 16:19:05";"08/20/2024 09:20:40";"France";"Purse Seine Large";"PurseSeine_Large";"Y";"ICCAT";"Y";"Y";"Y";"Y";"Y";"Y";"Y";"Y";"D";"Y"
"792";"SUNFLOWER 8";"8648004";"IMO#";"PH";"PurseSeine";"PurseSeine_Large";"N";"06/26/2026 11:11:48";"06/26/2026 11:11:27";"Philippines";"Purse Seine Large";"PurseSeine_Large";"Y";"WCPFC";"Y";"Y";"Y";"Y";"Y";"Y";"Y";"Y";"D";"Y"
"477";"TA CHING 666";"8628559";"IMO#";"TW";"PurseSeine";"PurseSeine_Large";"N";"05/29/2026 11:58:42";"05/05/2025 13:12:10";"Chinese Taipei";"Purse Seine Large";"PurseSeine_Large";"IP";"";"IP";"IP";"IP";"IP";"IP";"IP";"IP";"IP";"D";"IP"
"6932";"TAIKEI MARU 1";"9037953";"IMO#";"JP";"PurseSeine";"PurseSeine_Large";"N";"08/25/2026 02:15:57";"08/12/2024 15:05:00";"Japan";"Purse Seine Large";"PurseSeine_Large";"Y";"WCPFC";"Y";"Y";"Y";"Y";"NA";"Y";"Y";"Y";"D";"Y"
"634";"TAINA";"8102921";"IMO#";"TV";"PurseSeine";"PurseSeine_Large";"N";"07/24/2026 13:21:27";"07/24/2026 13:18:56";"Tuvalu";"Purse Seine Large";"PurseSeine_Large";"Y";"WCPFC";"Y";"Y";"Y";"Y";"Y";"Y";"Y";"Y";"D";"Y"
"780";"TAIYO CHUUK";"9567465";"IMO#";"FM";"PurseSeine";"PurseSeine_Large";"N";"07/02/2026 03:51:34";"08/21/2025 16:15:26";"Micronesia, Federated States of";"Purse Seine Large";"PurseSeine_Large";"IP";"";"IP";"IP";"IP";"IP";"IP";"IP";"IP";"IP";"D";"IP"
"885";"TAIYO MARU 2";"9565364";"IMO#";"JP";"PurseSeine";"PurseSeine_Large";"B";"08/25/2026 02:16:44";"06/17/2021 03:19:59";"Japan";"Purse Seine Large";"PurseSeine_Large";"Y";"WCPFC";"Y";"Y";"Y";"Y";"NA";"Y";"Y";"Y";"D";"Y"
"812";"TAIYO POHNPEI";"8603755";"IMO#";"FM";"PurseSeine";"PurseSeine_Large";"N";"07/02/2026 03:51:13";"08/21/2025 16:22:24";"Micronesia, Federated States of";"Purse Seine Large";"PurseSeine_Large";"IP";"";"IP";"IP";"IP";"IP";"IP";"IP";"IP";"IP";"D";"IP"
"875";"TAIYO WAAB";"9234173";"IMO#";"FM";"PurseSeine";"PurseSeine_Large";"N";"07/02/2026 03:50:33";"08/21/2025 16:23:20";"Micronesia, Federated States of";"Purse Seine Large";"PurseSeine_Large";"IP";"";"IP";"IP";"IP";"IP";"IP";"IP";"IP";"IP";"D";"IP"
"135";"TALENDUIC";"8919465";"IMO#";"VE";"PurseSeine";"PurseSeine_Large";"N";"07/17/2025 13:25:16";"05/02/2024 14:22:53";"Venezuela, Bolivarian Republic of";"Purse Seine Large";"PurseSeine_Large";"Y";"IATTC";"Y";"Y";"Y";"Y";"Y";"Y";"Y";"Y";"D";"Y"
"371";"TAMARA";"9675523";"IMO#";"MX";"PurseSeine";"PurseSeine_Large";"N";"08/21/2025 16:25:13";"08/21/2025 16:25:04";"Mexico";"Purse Seine Large";"PurseSeine_Large";"Y";"IATTC";"Y";"Y";"Y";"Y";"Y";"Y";"Y";"Y";"D";"Y"
"412";"TAURUS TUNA";"7230422";"IMO#";"VE";"PurseSeine";"PurseSeine_Large";"N";"08/08/2024 13:25:29";"07/02/2023 17:53:07";"Venezuela, Bolivarian Republic of";"Purse Seine Large";"PurseSeine_Large";"Y";"ICCAT, IATTC";"Y";"Y";"Y";"Y";"Y";"Y";"Y";"Y";"D";"Y"
"639";"TEMPLARIO I";"8003216";"IMO#";"PA";"PurseSeine";"PurseSeine_Large";"N";"08/10/2026 12:07:24";"08/10/2026 12:06:49";"Panama";"Purse Seine Large";"PurseSeine_Large";"Y";"IATTC";"Y";"Y";"Y";"Y";"Y";"Y";"Y";"Y";"D";"Y"
"7770";"TERAAKA";"9743423";"IMO#";"KR";"PurseSeine";"PurseSeine_Large";"N";"05/29/2026 11:38:04";"06/29/2024 09:12:36";"Korea, Republic of";"Purse Seine Large";"PurseSeine_Large";"Y";"WCPFC";"Y";"Y";"Y";"Y";"Y";"Y";"Y";"Y";"D";"Y"
"311";"TIUNA";"8102892";"IMO#";"PA";"PurseSeine";"PurseSeine_Large";"N";"08/19/2026 01:43:35";"08/19/2026 01:42:16";"Panama";"Purse Seine Large";"PurseSeine_Large";"Y";"IATTC";"Y";"Y";"Y";"Y";"Y";"Y";"Y";"Y";"D";"Y"
"466";"TOBIAS MIGUEL";"8748658";"IMO#";"PH";"PurseSeine";"PurseSeine_Large";"N";"05/19/2026 14:15:02";"06/28/2023 10:43:53";"Philippines";"Purse Seine Large";"PurseSeine_Large";"Y";"WCPFC";"Y";"Y";"Y";"Y";"Y";"Y";"Y";"Y";"D";"Y"
"136";"TORRE ITALIA";"9151084";"IMO#";"IT";"PurseSeine";"PurseSeine_Large";"N";"08/21/2025 16:31:06";"08/21/2025 16:30:52";"Italy";"Purse Seine Large";"PurseSeine_Large";"Y";"IOTC";"Y";"Y";"Y";"Y";"Y";"Y";"Y";"Y";"D";"Y"
"648";"TRESKA";"7727920";"IMO#";"PH";"PurseSeine";"PurseSeine_Large";"N";"03/05/2026 19:18:50";"06/28/2023 09:30:33";"Philippines";"Purse Seine Large";"PurseSeine_Large";"IP";"";"IP";"IP";"IP";"IP";"IP";"IP";"IP";"IP";"D";"IP"
"525";"TUNA I";"7015585";"IMO#";"EC";"PurseSeine";"PurseSeine_Large";"N";"07/16/2025 11:12:44";"06/23/2024 10:43:10";"Ecuador";"Purse Seine Large";"PurseSeine_Large";"Y";"IATTC";"Y";"Y";"Y";"Y";"Y";"Y";"Y";"Y";"D";"Y"
"538";"TUNA II";"7043908";"IMO#";"EC";"PurseSeine";"PurseSeine_Large";"N";"08/21/2025 16:36:34";"08/21/2025 16:36:14";"Ecuador";"Purse Seine Large";"PurseSeine_Large";"Y";"IATTC";"Y";"Y";"Y";"Y";"Y";"Y";"Y";"Y";"D";"Y"
"19095";"TUNA MANZAI 707";"1068607";"IMO#";"NR";"PurseSeine";"PurseSeine_Large";"B";"08/24/2026 15:48:55";"05/04/2025 10:00:00";"Nauru";"Purse Seine Large";"PurseSeine_Large";"Y";"WCPFC";"Y";"Y";"Y";"Y";"Y";"Y";"Y";"Y";"D";"Y"
"570";"TUNAMAR";"7409138";"IMO#";"PA";"PurseSeine";"PurseSeine_Large";"N";"08/12/2026 11:31:20";"05/05/2025 13:13:45";"Panama";"Purse Seine Large";"PurseSeine_Large";"Y";"IATTC";"Y";"Y";"Y";"Y";"Y";"Y";"Y";"Y";"D";"Y"
"535";"TUNAPESCA";"7395375";"IMO#";"PA";"PurseSeine";"PurseSeine_Large";"N";"08/12/2026 11:31:46";"05/28/2025 09:22:24";"Panama";"Purse Seine Large";"PurseSeine_Large";"Y";"IATTC";"Y";"Y";"Y";"Y";"Y";"Y";"Y";"Y";"D";"Y"
"62";"TXOPITUNA";"8719310";"IMO#";"PA";"PurseSeine";"PurseSeine_Large";"N";"07/30/2025 12:12:54";"06/06/2024 11:10:07";"Panama";"Purse Seine Large";"PurseSeine_Large";"Y";"IATTC";"Y";"Y";"Y";"Y";"Y";"Y";"Y";"Y";"D";"Y"
"377";"TXOPITUNA DOS";"7805966";"IMO#";"PA";"PurseSeine";"PurseSeine_Large";"N";"07/30/2025 12:12:59";"04/11/2022 18:06:04";"Panama";"Purse Seine Large";"PurseSeine_Large";"Y";"IATTC";"Y";"Y";"Y";"Y";"Y";"Y";"Y";"Y";"D";"Y"
"221";"TXORI ARGI";"9286724";"IMO#";"ES";"PurseSeine";"PurseSeine_Large";"N";"06/30/2026 10:47:42";"06/30/2026 10:45:16";"Spain";"Purse Seine Large";"PurseSeine_Large";"Y";"IOTC";"Y";"Y";"Y";"Y";"Y";"Y";"Y";"Y";"D";"Y"
"223";"TXORI AUNDI";"8208531";"IMO#";"SC";"PurseSeine";"PurseSeine_Large";"N";"06/30/2026 10:58:00";"06/30/2026 10:55:37";"Seychelles";"Purse Seine Large";"PurseSeine_Large";"Y";"IOTC";"Y";"Y";"Y";"Y";"Y";"Y";"Y";"Y";"D";"Y"
"224";"TXORI BERRI";"9006033";"IMO#";"OM";"PurseSeine";"PurseSeine_Large";"N";"06/30/2026 11:01:44";"06/30/2026 10:59:59";"Oman";"Purse Seine Large";"PurseSeine_Large";"Y";"IOTC";"Y";"Y";"Y";"Y";"Y";"Y";"Y";"Y";"D";"Y"
"220";"TXORI GORRI";"9383156";"IMO#";"ES";"PurseSeine";"PurseSeine_Large";"N";"08/23/2026 17:14:38";"06/30/2026 11:17:11";"Spain";"Purse Seine Large";"PurseSeine_Large";"Y";"IOTC";"Y";"Y";"Y";"Y";"Y";"Y";"Y";"Y";"D";"Y"
"222";"TXORI TOKI";"9196682";"IMO#";"SC";"PurseSeine";"PurseSeine_Large";"N";"06/30/2026 11:25:36";"06/30/2026 11:21:56";"Seychelles";"Purse Seine Large";"PurseSeine_Large";"Y";"IOTC";"Y";"Y";"Y";"Y";"Y";"Y";"Y";"Y";"D";"Y"
"577";"TXORI ZURI";"9741085";"IMO#";"ES";"PurseSeine";"PurseSeine_Large";"N";"08/01/2024 09:28:22";"06/21/2024 16:14:43";"Spain";"Purse Seine Large";"PurseSeine_Large";"Y";"IOTC";"Y";"Y";"Y";"Y";"Y";"Y";"Y";"Y";"D";"Y"
"18";"UGAVI";"7910682";"IMO#";"EC";"PurseSeine";"PurseSeine_Large";"N";"08/22/2025 17:27:47";"08/22/2025 17:27:07";"Ecuador";"Purse Seine Large";"PurseSeine_Large";"Y";"IATTC";"Y";"Y";"Y";"Y";"Y";"Y";"Y";"Y";"D";"Y"
"19";"UGAVI DOS";"8206301";"IMO#";"EC";"PurseSeine";"PurseSeine_Large";"N";"08/24/2025 16:14:00";"08/24/2025 16:13:04";"Ecuador";"Purse Seine Large";"PurseSeine_Large";"Y";"IATTC";"Y";"Y";"Y";"Y";"Y";"Y";"Y";"Y";"D";"Y"
"10618";"UNAAK";"9784489";"IMO#";"MH";"PurseSeine";"PurseSeine_Large";"N";"08/24/2026 15:42:59";"07/15/2024 16:27:16";"Marshall Islands, Republic of";"Purse Seine Large";"PurseSeine_Large";"Y";"WCPFC";"Y";"Y";"Y";"Y";"Y";"Y";"Y";"Y";"D";"Y"
"1001";"UPAR";"7342304";"IMO#";"PA";"PurseSeine";"PurseSeine_Large";"N";"07/16/2025 09:43:32";"05/28/2024 13:23:16";"Panama";"Purse Seine Large";"PurseSeine_Large";"Y";"IATTC";"Y";"Y";"Y";"Y";"Y";"Y";"Y";"Y";"D";"Y"
"17";"VALENTINA C";"7409140";"IMO#";"PA";"PurseSeine";"PurseSeine_Large";"N";"05/07/2026 13:38:27";"07/06/2022 22:54:01";"Panama";"Purse Seine Large";"PurseSeine_Large";"Y";"IATTC";"Y";"Y";"Y";"Y";"Y";"Y";"Y";"Y";"D";"Y"
"206";"VASCO";"9010345";"IMO#";"KR";"PurseSeine";"PurseSeine_Large";"N";"01/27/2026 10:44:21";"10/28/2024 03:50:46";"Korea, Republic of";"Purse Seine Large";"PurseSeine_Large";"Y";"IOTC";"Y";"Y";"Y";"Y";"Y";"Y";"Y";"Y";"D";"Y"
"869";"VEERA";"9009748";"IMO#";"PH";"PurseSeine";"PurseSeine_Large";"N";"05/19/2026 14:21:24";"07/15/2024 16:24:14";"Philippines";"Purse Seine Large";"PurseSeine_Large";"Y";"WCPFC";"Y";"Y";"Y";"Y";"Y";"Y";"Y";"Y";"D";"Y"
"715";"VENTUARI";"7407908";"IMO#";"VE";"PurseSeine";"PurseSeine_Large";"N";"08/16/2025 09:09:35";"05/24/2022 13:56:55";"Venezuela, Bolivarian Republic of";"Purse Seine Large";"PurseSeine_Large";"Y";"IATTC";"Y";"Y";"Y";"Y";"Y";"Y";"Y";"Y";"D";"Y"
"12491";"VIA ALIZE";"9877365";"IMO#";"FR";"PurseSeine";"PurseSeine_Large";"B";"04/24/2025 17:53:39";"06/26/2022 10:02:20";"France";"Purse Seine Large";"PurseSeine_Large";"IP";"";"IP";"IP";"IP";"IP";"IP";"IP";"IP";"IP";"D";"IP"
"138";"VIA AVENIR";"8812186";"IMO#";"VE";"PurseSeine";"PurseSeine_Large";"N";"02/11/2026 09:02:15";"02/02/2026 19:07:00";"Venezuela, Bolivarian Republic of";"Purse Seine Large";"PurseSeine_Large";"Y";"IATTC";"Y";"Y";"Y";"Y";"Y";"Y";"Y";"Y";"D";"Y"
"141";"VIA MISTRAL";"9017850";"IMO#";"VE";"PurseSeine";"PurseSeine_Large";"N";"11/25/2025 16:04:08";"11/21/2025 15:51:24";"Venezuela, Bolivarian Republic of";"Purse Seine Large";"PurseSeine_Large";"Y";"IATTC";"Y";"Y";"Y";"Y";"Y";"Y";"Y";"Y";"D";"Y"
"107";"VIA SIMOUN";"7809285";"IMO#";"EC";"PurseSeine";"PurseSeine_Large";"N";"07/20/2026 23:19:27";"08/19/2025 21:43:33";"Ecuador";"Purse Seine Large";"PurseSeine_Large";"Y";"IATTC";"Y";"Y";"Y";"Y";"Y";"Y";"Y";"Y";"D";"Y"
"271";"VICTORIA";"6711687";"IMO#";"MX";"PurseSeine";"PurseSeine_Large";"N";"03/17/2026 10:18:30";"07/05/2024 16:02:17";"Mexico";"Purse Seine Large";"PurseSeine_Large";"Y";"IATTC";"Y";"Y";"Y";"Y";"Y";"Y";"Y";"Y";"D";"Y"
"1010";"VIVA BEAR 707";"9400265";"IMO#";"PG";"PurseSeine";"PurseSeine_Large";"N";"05/29/2026 15:28:03";"05/05/2023 06:19:34";"Papua New Guinea";"Purse Seine Large";"PurseSeine_Large";"Y";"WCPFC";"Y";"Y";"Y";"Y";"Y";"Y";"Y";"Y";"D";"Y"
"585";"VIVA EAGLE 707";"8974398";"IMO#";"PG";"PurseSeine";"PurseSeine_Large";"B";"05/19/2026 14:19:36";"07/02/2023 18:26:11";"Papua New Guinea";"Purse Seine Large";"PurseSeine_Large";"Y";"WCPFC";"Y";"Y";"Y";"Y";"Y";"Y";"Y";"Y";"D";"Y"
"743";"VIVA FAFA 707";"9035254";"IMO#";"TW";"PurseSeine";"PurseSeine_Large";"N";"10/23/2025 17:30:11";"06/29/2024 08:58:40";"Chinese Taipei";"Purse Seine Large";"PurseSeine_Large";"Y";"WCPFC";"Y";"Y";"Y";"Y";"Y";"Y";"Y";"Y";"D";"Y"
"738";"VIVA GOGO 707";"9220287";"IMO#";"VU";"PurseSeine";"PurseSeine_Large";"N";"08/01/2026 18:29:54";"06/29/2024 08:41:41";"Vanuatu";"Purse Seine Large";"PurseSeine_Large";"Y";"WCPFC";"Y";"Y";"Y";"Y";"Y";"Y";"Y";"Y";"D";"Y"
"586";"VIVA WANTWANT 707";"9294628";"IMO#";"PG";"PurseSeine";"PurseSeine_Large";"N";"05/29/2026 11:25:18";"10/11/2022 05:59:47";"Papua New Guinea";"Purse Seine Large";"PurseSeine_Large";"Y";"WCPFC";"Y";"Y";"Y";"Y";"Y";"Y";"Y";"Y";"D";"Y"
"15512";"WAKABA MARU 11";"9951214";"IMO#";"JP";"PurseSeine";"PurseSeine_Large";"B";"05/29/2026 15:41:37";"06/04/2024 09:31:22";"Japan";"Purse Seine Large";"PurseSeine_Large";"Y";"WCPFC";"Y";"Y";"Y";"Y";"Y";"Y";"Y";"Y";"D";"Y"
"892";"WAKABA MARU 5";"9281097";"IMO#";"JP";"PurseSeine";"PurseSeine_Large";"N";"05/29/2026 15:21:34";"08/12/2024 08:30:25";"Japan";"Purse Seine Large";"PurseSeine_Large";"Y";"WCPFC";"Y";"Y";"Y";"Y";"Y";"Y";"Y";"Y";"D";"Y"
"893";"WAKABA MARU 6";"9062635";"IMO#";"JP";"PurseSeine";"PurseSeine_Large";"N";"05/19/2026 18:24:30";"08/12/2024 10:49:32";"Japan";"Purse Seine Large";"PurseSeine_Large";"Y";"WCPFC";"Y";"Y";"Y";"Y";"Y";"Y";"Y";"Y";"D";"Y"
"894";"WAKABA MARU 7";"9524865";"IMO#";"JP";"PurseSeine";"PurseSeine_Large";"N";"05/29/2026 15:29:12";"07/14/2024 08:40:07";"Japan";"Purse Seine Large";"PurseSeine_Large";"Y";"WCPFC";"Y";"Y";"Y";"Y";"Y";"Y";"Y";"Y";"D";"Y"
"252";"WESTERN KIM";"8003242";"IMO#";"SN";"PurseSeine";"PurseSeine_Large";"N";"08/17/2026 13:27:27";"08/17/2026 13:26:58";"Senegal";"Purse Seine Large";"PurseSeine_Large";"Y";"ICCAT";"Y";"Y";"Y";"Y";"Y";"Y";"Y";"Y";"D";"Y"
"680";"WESTERN PACIFIC";"7508893";"IMO#";"US";"PurseSeine";"PurseSeine_Large";"N";"05/19/2026 13:52:33";"06/27/2024 14:41:44";"United States of America";"Purse Seine Large";"PurseSeine_Large";"Y";"IATTC, WCPFC";"Y";"Y";"Y";"Y";"Y";"Y";"Y";"Y";"D";"Y"
"442";"WESTERN RANGER";"7926394";"IMO#";"NZ";"PurseSeine";"PurseSeine_Large";"N";"06/03/2025 14:50:37";"06/20/2024 20:02:08";"New Zealand";"Purse Seine Large";"PurseSeine_Large";"IP";"";"NA";"IP";"IP";"IP";"IP";"IP";"IP";"IP";"D";"IP"
"644";"WIN BEST 707";"8996293";"IMO#";"PG";"PurseSeine";"PurseSeine_Large";"N";"08/20/2026 10:54:48";"06/28/2024 15:07:14";"Papua New Guinea";"Purse Seine Large";"PurseSeine_Large";"Y";"WCPFC";"Y";"Y";"Y";"Y";"Y";"Y";"Y";"Y";"D";"Y"
"14210";"WIN FAR 618";"9922354";"IMO#";"TW";"PurseSeine";"PurseSeine_Large";"B";"11/21/2025 12:46:00";"05/16/2022 11:33:17";"Chinese Taipei";"Purse Seine Large";"PurseSeine_Large";"Y";"WCPFC";"Y";"Y";"Y";"Y";"Y";"Y";"Y";"Y";"D";"Y"
"389";"WIN FAR 626";"8747240";"IMO#";"TW";"PurseSeine";"PurseSeine_Large";"N";"11/21/2025 12:46:50";"06/20/2024 19:47:55";"Chinese Taipei";"Purse Seine Large";"PurseSeine_Large";"Y";"WCPFC";"Y";"Y";"Y";"Y";"Y";"Y";"Y";"Y";"D";"Y"
"15928";"WIN FAR 628";"8597669";"IMO#";"TW";"PurseSeine";"PurseSeine_Large";"B";"11/21/2025 12:47:40";"02/27/2023 12:18:12";"Chinese Taipei";"Purse Seine Large";"PurseSeine_Large";"Y";"WCPFC";"Y";"Y";"Y";"Y";"Y";"Y";"Y";"Y";"D";"Y"
"390";"WIN FAR 636";"8747252";"IMO#";"TW";"PurseSeine";"PurseSeine_Large";"N";"11/21/2025 12:48:10";"06/20/2024 19:42:46";"Chinese Taipei";"Purse Seine Large";"PurseSeine_Large";"Y";"WCPFC";"Y";"Y";"Y";"Y";"Y";"Y";"Y";"Y";"D";"Y"
"10596";"WIN FOREVER 707";"9870862";"IMO#";"TW";"PurseSeine";"PurseSeine_Large";"N";"08/01/2026 18:29:12";"06/28/2024 15:04:06";"Chinese Taipei";"Purse Seine Large";"PurseSeine_Large";"Y";"WCPFC";"Y";"Y";"Y";"Y";"Y";"Y";"Y";"Y";"D";"Y"
"567";"WIN HAPPY 707";"9745469";"IMO#";"TW";"PurseSeine";"PurseSeine_Large";"N";"02/26/2026 17:41:32";"01/15/2026 02:54:55";"Chinese Taipei";"Purse Seine Large";"PurseSeine_Large";"Y";"WCPFC";"Y";"Y";"Y";"Y";"Y";"Y";"Y";"Y";"D";"Y"
"643";"WIN HARVEST 707";"9215000";"IMO#";"VU";"PurseSeine";"PurseSeine_Large";"N";"08/01/2026 18:30:36";"06/28/2024 15:01:34";"Vanuatu";"Purse Seine Large";"PurseSeine_Large";"Y";"WCPFC";"Y";"Y";"Y";"Y";"Y";"Y";"Y";"Y";"D";"Y"
"15055";"WIN HOPE 707";"9945368";"IMO#";"VU";"PurseSeine";"PurseSeine_Large";"B";"10/23/2025 16:32:14";"08/31/2021 07:58:20";"Vanuatu";"Purse Seine Large";"PurseSeine_Large";"Y";"WCPFC";"Y";"Y";"Y";"Y";"Y";"Y";"Y";"Y";"D";"Y"
"16173";"WIN POWER 707";"1024118";"IMO#";"TW";"PurseSeine";"PurseSeine_Large";"B";"07/27/2026 19:05:23";"08/14/2023 07:21:48";"Chinese Taipei";"Purse Seine Large";"PurseSeine_Large";"Y";"WCPFC";"Y";"Y";"Y";"Y";"Y";"Y";"Y";"Y";"D";"Y"
"10595";"WIN RICH 707";"9868637";"IMO#";"TW";"PurseSeine";"PurseSeine_Large";"N";"10/23/2025 17:40:03";"06/28/2024 14:59:22";"Chinese Taipei";"Purse Seine Large";"PurseSeine_Large";"Y";"WCPFC";"Y";"Y";"Y";"Y";"Y";"Y";"Y";"Y";"D";"Y"
"474";"WIN THAISHUN 707";"8749236";"IMO#";"TW";"PurseSeine";"PurseSeine_Large";"N";"09/11/2025 18:46:56";"04/29/2024 08:55:22";"Chinese Taipei";"Purse Seine Large";"PurseSeine_Large";"Y";"WCPFC";"Y";"Y";"Y";"Y";"Y";"Y";"Y";"Y";"D";"Y"
"10756";"WIN WIN 707";"9887449";"IMO#";"VU";"PurseSeine";"PurseSeine_Large";"N";"10/23/2025 16:31:14";"06/28/2024 14:58:21";"Vanuatu";"Purse Seine Large";"PurseSeine_Large";"Y";"WCPFC";"Y";"Y";"Y";"Y";"Y";"Y";"Y";"Y";"D";"Y"
"328";"XIANG FA 8";"8996279";"IMO#";"CN";"PurseSeine";"PurseSeine_Large";"N";"02/04/2026 17:35:27";"06/10/2024 10:17:00";"China, People's Republic of";"Purse Seine Large";"PurseSeine_Large";"Y";"WCPFC";"Y";"Y";"Y";"Y";"Y";"Y";"Y";"Y";"D";"Y"
"562";"XIN SHI JI 111";"9781645";"IMO#";"CN";"PurseSeine";"PurseSeine_Large";"N";"02/04/2026 17:35:54";"03/24/2022 18:45:35";"China, People's Republic of";"Purse Seine Large";"PurseSeine_Large";"Y";"WCPFC";"Y";"Y";"Y";"Y";"Y";"Y";"Y";"Y";"D";"Y"
"546";"XIN SHI JI 112";"9774020";"IMO#";"CN";"PurseSeine";"PurseSeine_Large";"N";"02/04/2026 17:36:30";"06/21/2023 12:10:24";"China, People's Republic of";"Purse Seine Large";"PurseSeine_Large";"Y";"WCPFC";"Y";"Y";"Y";"Y";"Y";"Y";"Y";"Y";"D";"Y"
"247";"XIXILI";"7413828";"IMO#";"SN";"PurseSeine";"PurseSeine_Large";"N";"08/17/2026 13:28:50";"08/17/2026 13:28:12";"Senegal";"Purse Seine Large";"PurseSeine_Large";"Y";"ICCAT";"Y";"Y";"Y";"Y";"Y";"Y";"Y";"Y";"D";"Y"
"10129";"YAGODA B";"9130092";"IMO#";"PE";"PurseSeine";"PurseSeine_Large";"N";"07/30/2025 17:58:01";"05/24/2024 09:50:54";"Peru";"Purse Seine Large";"PurseSeine_Large";"IP";"";"IP";"IP";"IP";"IP";"IP";"IP";"IP";"IP";"D";"IP"
"212";"YELISAVA";"6928577";"IMO#";"EC";"PurseSeine";"PurseSeine_Large";"N";"12/19/2025 07:31:39";"07/08/2024 15:56:56";"Ecuador";"Purse Seine Large";"PurseSeine_Large";"Y";"IATTC";"Y";"Y";"Y";"Y";"Y";"Y";"Y";"Y";"D";"Y"
"19098";"YELLOWFIN MANZAI 707";"1067770";"IMO#";"NR";"PurseSeine";"PurseSeine_Large";"B";"08/24/2026 15:49:43";"07/07/2025 22:41:40";"Nauru";"Purse Seine Large";"PurseSeine_Large";"Y";"WCPFC";"Y";"Y";"Y";"Y";"Y";"Y";"Y";"Y";"D";"Y"
"355";"YOLANDA L";"7407958";"IMO#";"EC";"PurseSeine";"PurseSeine_Large";"N";"07/20/2026 23:43:25";"07/03/2023 07:14:08";"Ecuador";"Purse Seine Large";"PurseSeine_Large";"Y";"IATTC";"Y";"Y";"Y";"Y";"Y";"Y";"Y";"Y";"D";"Y"
"110";"ZUBEROA";"8906456";"IMO#";"ES";"PurseSeine";"PurseSeine_Large";"N";"08/20/2025 15:29:09";"05/06/2022 10:06:24";"Spain";"Purse Seine Large";"PurseSeine_Large";"Y";"ICCAT";"Y";"Y";"Y";"Y";"Y";"Y";"Y";"Y";"D";"Y"
"18839";"AHKYAR MEUTUAH";"i7003251";"TUVI/ISSF";"ID";"PurseSeine";"PurseSeine_Small";"B";"05/11/2025 18:21:17";"04/09/2025 04:38:59";"Indonesia";"Purse Seine Small";"PurseSeine_Small";"Y";"NA(EEZ)";"NA";"Y";"Y";"Y";"NA";"Y";"Y";"Y";"D";"Y"
"18835";"ALIZA 01";"i7003247";"TUVI/ISSF";"ID";"PurseSeine";"PurseSeine_Small";"B";"05/11/2025 18:32:30";"04/09/2025 05:01:51";"Indonesia";"Purse Seine Small";"PurseSeine_Small";"Y";"NA(EEZ)";"NA";"Y";"Y";"Y";"NA";"Y";"Y";"Y";"D";"Y"
"604";"ANDREA";"5279022";"IMO#";"EC";"PurseSeine";"PurseSeine_Small";"N";"07/21/2025 21:27:33";"07/21/2025 21:27:07";"Ecuador";"Purse Seine Small";"PurseSeine_Small";"Y";"IATTC";"Y";"Y";"Y";"Y";"NA";"Y";"Y";"Y";"D";"Y"
"6564";"ATHA DROU";"i7000445";"TUVI/ISSF";"ID";"PurseSeine";"PurseSeine_Small";"N";"06/23/2026 16:37:26";"06/18/2025 10:54:33";"Indonesia";"Purse Seine Small";"PurseSeine_Small";"IP";"";"NA";"IP";"IP";"IP";"NA";"IP";"IP";"IP";"D";"IP"
"8290";"AYANNA ALEXIS";"8029143";"IMO#";"PH";"PurseSeine";"PurseSeine_Small";"N";"08/12/2026 13:13:05";"06/03/2026 12:40:33";"Philippines";"Purse Seine Small";"PurseSeine_Small";"Y";"WCPFC";"Y";"Y";"Y";"Y";"NA";"Y";"Y";"Y";"D";"Y"
"521";"BALBINA";"6928125";"IMO#";"EC";"PurseSeine";"PurseSeine_Small";"N";"06/03/2026 21:56:43";"07/04/2024 11:01:26";"Ecuador";"Purse Seine Small";"PurseSeine_Small";"N";"";"N";"N";"N";"N";"NA";"N";"N";"N";"D";"N"
"6178";"BALI PERMAI MAKMUR";"8523709";"IMO#";"ID";"PurseSeine";"PurseSeine_Small";"N";"06/23/2026 20:29:11";"08/16/2024 10:54:45";"Indonesia";"Purse Seine Small";"PurseSeine_Small";"Y";"NA(EEZ)";"NA";"Y";"Y";"Y";"NA";"Y";"Y";"Y";"D";"Y"
"16215";"BALIA";"i7002519";"TUVI/ISSF";"ID";"PurseSeine";"PurseSeine_Small";"B";"06/04/2026 12:37:33";"06/18/2025 14:34:31";"Indonesia";"Purse Seine Small";"PurseSeine_Small";"Y";"NA(EEZ)";"NA";"Y";"Y";"Y";"NA";"Y";"Y";"Y";"D";"N"
"16356";"BALIA 03";"i7002640";"TUVI/ISSF";"ID";"PurseSeine";"PurseSeine_Small";"B";"05/11/2025 18:48:51";"04/09/2025 06:57:19";"Indonesia";"Purse Seine Small";"PurseSeine_Small";"Y";"NA(EEZ)";"NA";"Y";"Y";"Y";"NA";"Y";"Y";"Y";"D";"Y"
"16179";"BALIA BARU";"i7002482";"TUVI/ISSF";"ID";"PurseSeine";"PurseSeine_Small";"B";"05/28/2026 11:22:56";"07/03/2025 13:40:23";"Indonesia";"Purse Seine Small";"PurseSeine_Small";"Y";"NA(EEZ)";"NA";"Y";"Y";"Y";"NA";"Y";"Y";"Y";"D";"N"
"3225";"BARBARA H";"8886498";"IMO#";"US";"PurseSeine";"PurseSeine_Small";"N";"11/28/2025 09:09:47";"06/20/2024 10:06:15";"United States of America";"Purse Seine Small";"PurseSeine_Small";"N";"";"N";"N";"N";"N";"NA";"N";"N";"N";"D";"N"
"6162";"BERINGIN BARU";"i7000300";"TUVI/ISSF";"ID";"PurseSeine";"PurseSeine_Small";"N";"09/12/2024 09:04:21";"07/08/2024 15:26:06";"Indonesia";"Purse Seine Small";"PurseSeine_Small";"Y";"NA(EEZ)";"NA";"Y";"Y";"Y";"NA";"Y";"Y";"Y";"D";"Y"
"15792";"BERINGIN JAYA 2";"i7002229";"TUVI/ISSF";"ID";"PurseSeine";"PurseSeine_Small";"B";"06/03/2026 21:58:17";"02/20/2023 09:39:39";"Indonesia";"Purse Seine Small";"PurseSeine_Small";"N";"";"NA";"N";"N";"N";"NA";"N";"N";"N";"D";"N"
"211";"BETTY ELIZABETH";"6924363";"IMO#";"EC";"PurseSeine";"PurseSeine_Small";"N";"08/18/2026 04:40:50";"08/18/2026 04:40:25";"Ecuador";"Purse Seine Small";"PurseSeine_Small";"Y";"IATTC";"Y";"Y";"Y";"Y";"NA";"Y";"Y";"Y";"D";"Y"
"15992";"BEUNA REZEKI 2";"i7002406";"TUVI/ISSF";"ID";"PurseSeine";"PurseSeine_Small";"B";"06/04/2026 12:39:43";"07/13/2025 11:58:50";"Indonesia";"Purse Seine Small";"PurseSeine_Small";"Y";"NA(EEZ)";"NA";"Y";"Y";"Y";"NA";"Y";"Y";"Y";"D";"N"
"10249";"BINA MAJU";"i7000571";"TUVI/ISSF";"ID";"PurseSeine";"PurseSeine_Small";"N";"10/05/2025 15:00:20";"07/23/2025 11:40:59";"Indonesia";"Purse Seine Small";"PurseSeine_Small";"Y";"NA(EEZ)";"NA";"Y";"Y";"Y";"NA";"Y";"Y";"Y";"D";"Y"
"14123";"BINTANG MAS JAYA";"i7001629";"TUVI/ISSF";"ID";"PurseSeine";"PurseSeine_Small";"B";"06/23/2026 16:39:10";"07/23/2025 17:33:09";"Indonesia";"Purse Seine Small";"PurseSeine_Small";"IP";"";"NA";"IP";"IP";"IP";"NA";"IP";"IP";"IP";"D";"IP"
"6238";"BINTANG TIMUR";"i7000373";"TUVI/ISSF";"ID";"PurseSeine";"PurseSeine_Small";"N";"06/04/2026 12:41:23";"07/28/2025 15:01:48";"Indonesia";"Purse Seine Small";"PurseSeine_Small";"Y";"NA(EEZ)";"NA";"Y";"Y";"N";"NA";"Y";"Y";"Y";"D";"N"
"15994";"CAHAYA REZEKI 2";"i7002408";"TUVI/ISSF";"ID";"PurseSeine";"PurseSeine_Small";"B";"06/04/2026 12:42:00";"07/28/2025 15:28:38";"Indonesia";"Purse Seine Small";"PurseSeine_Small";"IP";"";"NA";"IP";"IP";"IP";"NA";"IP";"IP";"IP";"D";"IP"
"16353";"CAKRA DONYA BAROUE";"i7002637";"TUVI/ISSF";"ID";"PurseSeine";"PurseSeine_Small";"B";"06/19/2026 01:59:57";"03/28/2025 07:57:16";"Indonesia";"Purse Seine Small";"PurseSeine_Small";"IP";"";"NA";"IP";"IP";"IP";"NA";"IP";"IP";"IP";"D";"IP"
"264";"CAP TINO B";"7025267";"IMO#";"EC";"PurseSeine";"PurseSeine_Small";"N";"07/28/2025 15:52:42";"07/28/2025 15:52:26";"Ecuador";"Purse Seine Small";"PurseSeine_Small";"Y";"IATTC";"Y";"Y";"Y";"Y";"NA";"Y";"Y";"Y";"D";"Y"
"3236";"CAPE BLANCO";"8886618";"IMO#";"US";"PurseSeine";"PurseSeine_Small";"N";"11/28/2025 09:09:24";"06/20/2024 09:52:28";"United States of America";"Purse Seine Small";"PurseSeine_Small";"N";"";"N";"N";"N";"N";"NA";"N";"N";"N";"D";"N"
"15993";"CENDRAWASIH 17";"i7002407";"TUVI/ISSF";"ID";"PurseSeine";"PurseSeine_Small";"B";"06/04/2026 12:42:42";"07/31/2025 11:42:55";"Indonesia";"Purse Seine Small";"PurseSeine_Small";"IP";"";"NA";"IP";"IP";"IP";"NA";"IP";"IP";"IP";"D";"IP"
"19623";"CHRISTINA";"i7003821";"TUVI/ISSF";"ID";"PurseSeine";"PurseSeine_Small";"B";"05/21/2026 16:05:44";"05/19/2026 09:45:00";"Indonesia";"Purse Seine Small";"PurseSeine_Small";"Y";"";"IP";"Y";"Y";"Y";"NA";"Y";"Y";"Y";"D";"Y"
"18318";"CITRA BARU";"i7002899";"TUVI/ISSF";"ID";"PurseSeine";"PurseSeine_Small";"B";"05/01/2025 08:45:25";"12/27/2024 08:11:55";"Indonesia";"Purse Seine Small";"PurseSeine_Small";"Y";"NA(EEZ)";"NA";"Y";"Y";"Y";"NA";"Y";"Y";"Y";"D";"N"
"16080";"CITRA MAJU 8";"8583577";"IMO#";"ID";"PurseSeine";"PurseSeine_Small";"B";"08/07/2026 16:03:17";"07/01/2026 06:31:00";"Indonesia";"Purse Seine Small";"PurseSeine_Small";"Y";"IOTC";"Y";"Y";"Y";"Y";"NA";"Y";"Y";"Y";"D";"Y"
"14126";"CITRA SEMANGAT";"i7001632";"TUVI/ISSF";"ID";"PurseSeine";"PurseSeine_Small";"B";"06/04/2026 12:43:36";"07/18/2024 16:31:01";"Indonesia";"Purse Seine Small";"PurseSeine_Small";"IP";"NA(EEZ)";"NA";"IP";"IP";"IP";"NA";"IP";"IP";"IP";"D";"IP"
"444";"COLUMBIA II";"8201167";"IMO#";"NZ";"PurseSeine";"PurseSeine_Small";"N";"06/07/2026 02:56:18";"06/07/2026 02:56:06";"New Zealand";"Purse Seine Small";"PurseSeine_Small";"Y";"NA(EEZ)";"NA";"Y";"Y";"Y";"NA";"Y";"Y";"Y";"D";"N"
"6335";"DIANA MARIA";"7112280";"IMO#";"EC";"PurseSeine";"PurseSeine_Small";"N";"05/16/2025 18:57:27";"05/16/2025 18:55:40";"Ecuador";"Purse Seine Small";"PurseSeine_Small";"Y";"IATTC";"Y";"Y";"Y";"Y";"NA";"Y";"Y";"Y";"D";"Y"
"79";"DON ANTONIO";"8647969";"IMO#";"EC";"PurseSeine";"PurseSeine_Small";"N";"08/01/2025 17:38:46";"08/01/2025 17:38:13";"Ecuador";"Purse Seine Small";"PurseSeine_Small";"Y";"IATTC";"Y";"Y";"Y";"Y";"NA";"Y";"Y";"Y";"D";"Y"
"719";"DOÑA NANCY";"8354483";"IMO#";"EC";"PurseSeine";"PurseSeine_Small";"N";"10/23/2025 15:38:08";"05/13/2025 14:32:43";"Ecuador";"Purse Seine Small";"PurseSeine_Small";"Y";"IATTC";"Y";"Y";"Y";"Y";"NA";"Y";"Y";"Y";"D";"Y"
"265";"EL CONDE";"7017777";"IMO#";"EC";"PurseSeine";"PurseSeine_Small";"N";"08/03/2025 08:59:24";"08/03/2025 08:59:11";"Ecuador";"Purse Seine Small";"PurseSeine_Small";"Y";"IATTC";"Y";"Y";"Y";"Y";"NA";"Y";"Y";"Y";"D";"Y"
"6164";"EXLUSIF STAR";"i7000302";"TUVI/ISSF";"ID";"PurseSeine";"PurseSeine_Small";"N";"06/04/2026 12:45:45";"08/03/2025 17:57:28";"Indonesia";"Purse Seine Small";"PurseSeine_Small";"IP";"NA(EEZ)";"NA";"IP";"IP";"IP";"NA";"IP";"IP";"IP";"D";"IP"
"10380";"FAK FAK JAYA 08";"8523711";"IMO#";"ID";"PurseSeine";"PurseSeine_Small";"N";"06/23/2026 20:18:44";"08/16/2024 08:56:28";"Indonesia";"Purse Seine Small";"PurseSeine_Small";"Y";"WCPFC, NA(EEZ)";"Y";"Y";"Y";"Y";"NA";"Y";"Y";"Y";"D";"Y"
"10381";"FAK FAK JAYA 18";"8523723";"IMO#";"ID";"PurseSeine";"PurseSeine_Small";"N";"06/23/2026 20:22:54";"08/16/2024 10:08:07";"Indonesia";"Purse Seine Small";"PurseSeine_Small";"Y";"NA(EEZ)";"NA";"Y";"Y";"Y";"NA";"Y";"Y";"Y";"D";"Y"
"8676";"FAK FAK JAYA 188";"8523747";"IMO#";"ID";"PurseSeine";"PurseSeine_Small";"N";"06/23/2026 20:25:22";"08/16/2024 10:06:12";"Indonesia";"Purse Seine Small";"PurseSeine_Small";"Y";"NA(EEZ)";"NA";"Y";"Y";"Y";"NA";"Y";"Y";"Y";"D";"Y"
"10383";"FAK FAK JAYA II";"8527676";"IMO#";"ID";"PurseSeine";"PurseSeine_Small";"N";"08/03/2025 18:00:03";"08/03/2025 17:59:47";"Indonesia";"Purse Seine Small";"PurseSeine_Small";"Y";"";"N";"Y";"Y";"Y";"NA";"N";"Y";"Y";"D";"N"
"15791";"FAKTA BARU 2";"i7002228";"TUVI/ISSF";"ID";"PurseSeine";"PurseSeine_Small";"B";"08/03/2025 18:06:39";"08/03/2025 18:06:22";"Indonesia";"Purse Seine Small";"PurseSeine_Small";"Y";"NA(EEZ)";"NA";"Y";"Y";"Y";"NA";"Y";"Y";"Y";"D";"N"
"522";"FERNANDITO";"8556407";"IMO#";"EC";"PurseSeine";"PurseSeine_Small";"N";"08/08/2024 13:11:42";"07/02/2024 16:25:58";"Ecuador";"Purse Seine Small";"PurseSeine_Small";"Y";"IATTC";"Y";"Y";"Y";"Y";"NA";"Y";"Y";"Y";"D";"Y"
"3255";"FERRIGNO BOY";"7940376";"IMO#";"US";"PurseSeine";"PurseSeine_Small";"N";"11/28/2025 09:07:29";"07/21/2025 21:19:51";"United States of America";"Purse Seine Small";"PurseSeine_Small";"N";"";"N";"N";"N";"N";"NA";"N";"N";"N";"D";"N"
"16180";"FORNIA";"i7002483";"TUVI/ISSF";"ID";"PurseSeine";"PurseSeine_Small";"B";"08/03/2025 18:20:14";"08/03/2025 18:19:59";"Indonesia";"Purse Seine Small";"PurseSeine_Small";"Y";"NA(EEZ)";"NA";"Y";"Y";"Y";"NA";"Y";"Y";"Y";"D";"N"
"214";"FORTICA";"7919860";"IMO#";"EC";"PurseSeine";"PurseSeine_Small";"N";"08/18/2026 04:48:18";"08/18/2026 04:47:41";"Ecuador";"Purse Seine Small";"PurseSeine_Small";"Y";"IATTC";"Y";"Y";"Y";"Y";"NA";"Y";"Y";"Y";"D";"Y"
"233";"GLORIA C";"7325174";"IMO#";"EC";"PurseSeine";"PurseSeine_Small";"N";"08/07/2025 14:57:18";"08/07/2025 14:56:41";"Ecuador";"Purse Seine Small";"PurseSeine_Small";"Y";"IATTC";"Y";"Y";"Y";"Y";"NA";"Y";"Y";"Y";"D";"Y"
"18837";"HARAPAN MAKMUR 1";"i7003249";"TUVI/ISSF";"ID";"PurseSeine";"PurseSeine_Small";"B";"06/23/2026 16:38:15";"04/09/2025 07:21:55";"Indonesia";"Purse Seine Small";"PurseSeine_Small";"IP";"";"NA";"IP";"IP";"IP";"NA";"IP";"IP";"IP";"D";"IP"
"6006";"HELSINKI";"8523759";"IMO#";"ID";"PurseSeine";"PurseSeine_Small";"N";"06/23/2026 20:26:42";"08/07/2025 15:25:33";"Indonesia";"Purse Seine Small";"PurseSeine_Small";"Y";"NA(EEZ)";"NA";"Y";"Y";"Y";"NA";"Y";"Y";"Y";"D";"Y"
"5948";"HIKMAH FAJAR";"i7000089";"TUVI/ISSF";"ID";"PurseSeine";"PurseSeine_Small";"N";"06/19/2026 01:54:49";"07/10/2024 16:06:53";"Indonesia";"Purse Seine Small";"PurseSeine_Small";"IP";"";"NA";"IP";"IP";"IP";"NA";"IP";"IP";"IP";"D";"IP"
"15789";"INKA MINA 554";"i7002226";"TUVI/ISSF";"ID";"PurseSeine";"PurseSeine_Small";"B";"06/23/2026 16:33:37";"08/07/2025 16:28:52";"Indonesia";"Purse Seine Small";"PurseSeine_Small";"IP";"";"NA";"IP";"IP";"IP";"NA";"IP";"IP";"IP";"D";"IP"
"11141";"JALA JAYA";"8526995";"IMO#";"ID";"PurseSeine";"PurseSeine_Small";"B";"12/03/2025 14:22:52";"09/18/2019 06:49:24";"Indonesia";"Purse Seine Small";"PurseSeine_Small";"IP";"";"IP";"IP";"IP";"IP";"NA";"IP";"IP";"IP";"D";"IP"
"11142";"JALA JAYA 2";"8526373";"IMO#";"ID";"PurseSeine";"PurseSeine_Small";"B";"05/01/2025 08:50:28";"09/18/2019 07:03:42";"Indonesia";"Purse Seine Small";"PurseSeine_Small";"Y";"IOTC";"Y";"Y";"Y";"N";"NA";"Y";"Y";"Y";"D";"N"
"11143";"JALA JAYA 3";"8527248";"IMO#";"ID";"PurseSeine";"PurseSeine_Small";"B";"06/18/2025 12:59:42";"09/18/2019 07:09:21";"Indonesia";"Purse Seine Small";"PurseSeine_Small";"Y";"IOTC";"Y";"Y";"Y";"N";"NA";"Y";"Y";"Y";"D";"N"
"6165";"JASA SUPER BARU";"i7000303";"TUVI/ISSF";"ID";"PurseSeine";"PurseSeine_Small";"N";"08/07/2025 16:39:34";"08/07/2025 16:39:17";"Indonesia";"Purse Seine Small";"PurseSeine_Small";"IP";"NA(EEZ)";"NA";"IP";"IP";"IP";"NA";"IP";"IP";"IP";"D";"IP"
"6878";"JOSELITO";"8212415";"IMO#";"EC";"PurseSeine";"PurseSeine_Small";"N";"10/08/2025 07:35:34";"07/03/2025 15:14:12";"Ecuador";"Purse Seine Small";"PurseSeine_Small";"Y";"IATTC";"Y";"Y";"Y";"Y";"NA";"Y";"Y";"Y";"D";"Y"
"15346";"KARYA JAYA MANDIRI";"8575702";"IMO#";"ID";"PurseSeine";"PurseSeine_Small";"B";"08/07/2026 15:56:24";"07/01/2026 09:58:55";"Indonesia";"Purse Seine Small";"PurseSeine_Small";"Y";"IOTC";"Y";"Y";"Y";"Y";"NA";"Y";"Y";"Y";"D";"Y"
"14124";"KARYA SEMANGAT";"i7001630";"TUVI/ISSF";"ID";"PurseSeine";"PurseSeine_Small";"B";"06/23/2026 16:55:06";"08/07/2025 17:55:22";"Indonesia";"Purse Seine Small";"PurseSeine_Small";"IP";"";"NA";"IP";"IP";"IP";"NA";"IP";"IP";"IP";"D";"IP"
"14128";"KARYA YAKIN";"i7001634";"TUVI/ISSF";"ID";"PurseSeine";"PurseSeine_Small";"B";"06/23/2026 16:54:39";"08/07/2025 17:56:29";"Indonesia";"Purse Seine Small";"PurseSeine_Small";"IP";"";"NA";"IP";"IP";"IP";"NA";"IP";"IP";"IP";"D";"IP"
"16351";"KHARISMA BARU";"i7002635";"TUVI/ISSF";"ID";"PurseSeine";"PurseSeine_Small";"B";"06/19/2026 01:58:48";"04/09/2025 07:30:48";"Indonesia";"Purse Seine Small";"PurseSeine_Small";"IP";"";"NA";"IP";"IP";"IP";"NA";"IP";"IP";"IP";"D";"IP"
"14179";"KILAT MAJU JAYA 26";"8563450";"IMO#";"ID";"PurseSeine";"PurseSeine_Small";"B";"08/07/2026 15:25:59";"07/01/2026 06:17:37";"Indonesia";"Purse Seine Small";"PurseSeine_Small";"Y";"IOTC";"Y";"Y";"Y";"Y";"NA";"Y";"Y";"Y";"D";"Y"
"14190";"KILAT MAJU JAYA 29";"8563462";"IMO#";"ID";"PurseSeine";"PurseSeine_Small";"B";"08/07/2026 15:44:51";"07/01/2026 06:17:37";"Indonesia";"Purse Seine Small";"PurseSeine_Small";"Y";"IOTC";"Y";"Y";"Y";"Y";"NA";"Y";"Y";"Y";"D";"Y"
"14192";"KILAT MAJU JAYA 65";"8566878";"IMO#";"ID";"PurseSeine";"PurseSeine_Small";"B";"08/14/2026 16:19:23";"08/11/2026 03:01:06";"Indonesia";"Purse Seine Small";"PurseSeine_Small";"Y";"IOTC";"Y";"Y";"Y";"Y";"NA";"Y";"Y";"Y";"D";"Y"
"6184";"KUPANG JAYA 6";"8523826";"IMO#";"ID";"PurseSeine";"PurseSeine_Small";"N";"08/09/2025 10:53:58";"08/09/2025 10:53:48";"Indonesia";"Purse Seine Small";"PurseSeine_Small";"IP";"";"NA";"IP";"IP";"IP";"NA";"IP";"IP";"IP";"D";"IP"
"16216";"LASKAR MINA BAHARI MALAHAJATI 1207 12";"i7002520";"TUVI/ISSF";"ID";"PurseSeine";"PurseSeine_Small";"B";"05/28/2026 10:39:22";"08/09/2025 10:56:36";"Indonesia";"Purse Seine Small";"PurseSeine_Small";"Y";"NA(EEZ)";"NA";"Y";"Y";"Y";"NA";"Y";"Y";"Y";"D";"N"
"16218";"LASKAR MINA BAHARI MALAHAJATI 1207 14";"i7002526";"TUVI/ISSF";"ID";"PurseSeine";"PurseSeine_Small";"B";"05/28/2026 10:40:37";"08/09/2025 11:00:22";"Indonesia";"Purse Seine Small";"PurseSeine_Small";"Y";"NA(EEZ)";"NA";"Y";"Y";"Y";"NA";"Y";"Y";"Y";"D";"N"
"11205";"LAUT SUBUR 5";"8526804";"IMO#";"ID";"PurseSeine";"PurseSeine_Small";"B";"06/09/2026 16:53:15";"06/09/2026 16:53:06";"Indonesia";"Purse Seine Small";"PurseSeine_Small";"IP";"";"IP";"IP";"IP";"IP";"NA";"IP";"IP";"IP";"D";"IP"
"11206";"LAUT SUBUR II";"8526816";"IMO#";"ID";"PurseSeine";"PurseSeine_Small";"B";"06/03/2026 23:27:47";"03/15/2022 16:11:59";"Indonesia";"Purse Seine Small";"PurseSeine_Small";"N";"";"N";"N";"N";"N";"NA";"N";"N";"N";"D";"N"
"15426";"MABRUR";"i7001977";"TUVI/ISSF";"ID";"PurseSeine";"PurseSeine_Small";"B";"05/28/2026 10:43:34";"08/11/2025 15:22:38";"Indonesia";"Purse Seine Small";"PurseSeine_Small";"IP";"NA(EEZ)";"NA";"IP";"IP";"IP";"NA";"IP";"IP";"IP";"D";"IP"
"6010";"MAKMUR JAYA";"i7000149";"TUVI/ISSF";"ID";"PurseSeine";"PurseSeine_Small";"N";"08/11/2025 15:24:13";"08/11/2025 15:23:58";"Indonesia";"Purse Seine Small";"PurseSeine_Small";"IP";"";"NA";"IP";"IP";"IP";"NA";"IP";"IP";"IP";"D";"IP"
"16350";"MAKMUR SEJAHTERA 1";"i7002634";"TUVI/ISSF";"ID";"PurseSeine";"PurseSeine_Small";"B";"06/23/2026 16:32:06";"04/09/2025 07:37:09";"Indonesia";"Purse Seine Small";"PurseSeine_Small";"IP";"";"NA";"IP";"IP";"IP";"NA";"IP";"IP";"IP";"D";"IP"
"193";"MARIA DE GRACIA";"7369754";"IMO#";"EC";"PurseSeine";"PurseSeine_Small";"N";"06/09/2026 17:23:40";"06/09/2026 17:23:06";"Ecuador";"Purse Seine Small";"PurseSeine_Small";"Y";"IATTC";"Y";"Y";"Y";"Y";"NA";"Y";"Y";"Y";"D";"Y"
"705";"MARIA FATIMA";"7325198";"IMO#";"EC";"PurseSeine";"PurseSeine_Small";"N";"06/09/2026 17:25:16";"06/09/2026 17:24:53";"Ecuador";"Purse Seine Small";"PurseSeine_Small";"Y";"IATTC";"Y";"Y";"Y";"Y";"NA";"Y";"Y";"Y";"D";"Y"
"7741";"MARIA ISABEL";"7113832";"IMO#";"EC";"PurseSeine";"PurseSeine_Small";"N";"07/04/2024 15:52:02";"07/04/2024 15:51:32";"Ecuador";"Purse Seine Small";"PurseSeine_Small";"Y";"IATTC";"Y";"Y";"Y";"Y";"NA";"Y";"Y";"Y";"D";"Y"
"6876";"MARY LYNN";"8949044";"IMO#";"EC";"PurseSeine";"PurseSeine_Small";"N";"08/25/2026 02:30:19";"08/25/2026 02:29:45";"Ecuador";"Purse Seine Small";"PurseSeine_Small";"Y";"IATTC";"Y";"Y";"Y";"Y";"NA";"Y";"Y";"Y";"D";"Y"
"18317";"MAS BANDAR II";"i7002898";"TUVI/ISSF";"ID";"PurseSeine";"PurseSeine_Small";"B";"05/01/2025 08:54:33";"12/27/2024 08:42:58";"Indonesia";"Purse Seine Small";"PurseSeine_Small";"Y";"";"NA";"Y";"Y";"Y";"NA";"Y";"Y";"Y";"D";"N"
"18682";"MAS BANDAR SUKSES";"i7003109";"TUVI/ISSF";"ID";"PurseSeine";"PurseSeine_Small";"B";"06/23/2026 16:48:12";"12/27/2024 08:57:50";"Indonesia";"Purse Seine Small";"PurseSeine_Small";"IP";"";"NA";"IP";"IP";"IP";"NA";"IP";"IP";"IP";"D";"IP"
"6795";"MASAI";"7410216";"IMO#";"EC";"PurseSeine";"PurseSeine_Small";"N";"07/07/2026 13:02:29";"08/11/2025 15:58:13";"Ecuador";"Purse Seine Small";"PurseSeine_Small";"IP";"";"IP";"IP";"IP";"IP";"NA";"IP";"IP";"IP";"D";"IP"
"19608";"MASKAPAI MAJU";"1177355";"IMO#";"ID";"PurseSeine";"PurseSeine_Small";"B";"05/18/2026 17:26:18";"05/11/2026 07:36:11";"Indonesia";"Purse Seine Small";"PurseSeine_Small";"Y";"";"IP";"Y";"Y";"Y";"NA";"Y";"Y";"Y";"D";"Y"
"6342";"MENEF'AT";"i7000437";"TUVI/ISSF";"ID";"PurseSeine";"PurseSeine_Small";"N";"05/28/2026 10:44:56";"08/11/2025 16:07:48";"Indonesia";"Purse Seine Small";"PurseSeine_Small";"IP";"";"NA";"IP";"IP";"IP";"NA";"IP";"IP";"IP";"D";"IP"
"10385";"MENTARI 888";"8523993";"IMO#";"ID";"PurseSeine";"PurseSeine_Small";"N";"08/13/2026 00:43:10";"08/11/2025 16:08:57";"Indonesia";"Purse Seine Small";"PurseSeine_Small";"Y";"WCPFC, NA(EEZ)";"Y";"Y";"Y";"Y";"NA";"Y";"Y";"Y";"D";"Y"
"6000";"MENTARI 8888";"8523838";"IMO#";"ID";"PurseSeine";"PurseSeine_Small";"N";"06/09/2026 00:42:10";"08/12/2024 17:04:01";"Indonesia";"Purse Seine Small";"PurseSeine_Small";"IP";"";"NA";"IP";"IP";"IP";"NA";"IP";"IP";"IP";"D";"IP"
"15423";"METEOR PLANET";"i7001974";"TUVI/ISSF";"ID";"PurseSeine";"PurseSeine_Small";"B";"05/28/2026 10:46:30";"08/11/2025 16:18:17";"Indonesia";"Purse Seine Small";"PurseSeine_Small";"IP";"NA(EEZ)";"NA";"IP";"IP";"IP";"NA";"IP";"IP";"IP";"D";"IP"
"19609";"MITRA BAHARI";"1177379";"IMO#";"ID";"PurseSeine";"PurseSeine_Small";"B";"05/18/2026 17:20:24";"05/11/2026 07:17:53";"Indonesia";"Purse Seine Small";"PurseSeine_Small";"Y";"";"IP";"Y";"Y";"Y";"NA";"Y";"Y";"Y";"D";"Y"
"10386";"MITRA SEJATI";"8527561";"IMO#";"ID";"PurseSeine";"PurseSeine_Small";"N";"08/13/2025 08:15:17";"08/13/2025 08:14:49";"Indonesia";"Purse Seine Small";"PurseSeine_Small";"Y";"WCPFC, NA(EEZ)";"Y";"Y";"Y";"Y";"NA";"Y";"Y";"Y";"D";"N"
"770";"MONALINDA 83";"7714246";"IMO#";"PH";"PurseSeine";"PurseSeine_Small";"N";"12/13/2022 15:17:55";"03/24/2022 10:04:39";"Philippines";"Purse Seine Small";"PurseSeine_Small";"IP";"";"IP";"IP";"IP";"IP";"NA";"IP";"IP";"IP";"D";"IP"
"16214";"MUDA BALIA";"i7002518";"TUVI/ISSF";"ID";"PurseSeine";"PurseSeine_Small";"B";"08/13/2025 08:13:33";"08/13/2025 08:13:17";"Indonesia";"Purse Seine Small";"PurseSeine_Small";"Y";"NA(EEZ)";"NA";"Y";"Y";"Y";"NA";"Y";"Y";"Y";"D";"N"
"6561";"MULIA BARO";"i7000442";"TUVI/ISSF";"ID";"PurseSeine";"PurseSeine_Small";"N";"05/28/2026 10:51:35";"08/13/2025 08:17:38";"Indonesia";"Purse Seine Small";"PurseSeine_Small";"IP";"NA(EEZ)";"NA";"IP";"IP";"IP";"NA";"IP";"IP";"IP";"D";"IP"
"16108";"NANDO JAYA 2";"8786296";"IMO#";"ID";"PurseSeine";"PurseSeine_Small";"B";"05/28/2026 10:52:14";"08/13/2025 08:24:01";"Indonesia";"Purse Seine Small";"PurseSeine_Small";"IP";"";"IP";"IP";"IP";"IP";"NA";"IP";"IP";"IP";"D";"IP"
"15790";"NEW KARUNIA";"i7002227";"TUVI/ISSF";"ID";"PurseSeine";"PurseSeine_Small";"B";"05/28/2026 10:52:42";"08/13/2025 09:38:22";"Indonesia";"Purse Seine Small";"PurseSeine_Small";"Y";"NA(EEZ)";"NA";"Y";"Y";"Y";"NA";"Y";"Y";"Y";"D";"N"
"720";"NORTH QUEEN";"7437604";"IMO#";"EC";"PurseSeine";"PurseSeine_Small";"N";"06/11/2025 07:20:41";"06/11/2025 07:18:35";"Ecuador";"Purse Seine Small";"PurseSeine_Small";"Y";"IATTC";"Y";"Y";"Y";"Y";"NA";"Y";"Y";"Y";"D";"Y"
"15453";"NOVIRA ABADI";"i7002004";"TUVI/ISSF";"ID";"PurseSeine";"PurseSeine_Small";"B";"05/28/2026 10:53:17";"08/13/2025 10:12:11";"Indonesia";"Purse Seine Small";"PurseSeine_Small";"IP";"NA(EEZ)";"NA";"IP";"IP";"IP";"NA";"IP";"IP";"IP";"D";"IP"
"10387";"NUSANTARA 88";"8524026";"IMO#";"ID";"PurseSeine";"PurseSeine_Small";"N";"08/13/2025 10:15:31";"08/13/2025 10:15:13";"Indonesia";"Purse Seine Small";"PurseSeine_Small";"Y";"NA(EEZ)";"NA";"Y";"Y";"Y";"NA";"Y";"Y";"Y";"D";"N"
"9503";"NUSANTARA II";"8524002";"IMO#";"ID";"PurseSeine";"PurseSeine_Small";"N";"08/13/2026 00:40:56";"08/12/2024 16:55:21";"Indonesia";"Purse Seine Small";"PurseSeine_Small";"Y";"WCPFC";"Y";"Y";"Y";"Y";"NA";"Y";"Y";"Y";"D";"Y"
"9505";"NUSANTARA JAYA 02";"8524301";"IMO#";"ID";"PurseSeine";"PurseSeine_Small";"N";"06/23/2026 20:38:04";"08/12/2024 16:51:04";"Indonesia";"Purse Seine Small";"PurseSeine_Small";"Y";"WCPFC";"Y";"Y";"Y";"Y";"NA";"Y";"Y";"Y";"D";"Y"
"15424";"NUSANTARA JAYA 16";"i7001975";"TUVI/ISSF";"ID";"PurseSeine";"PurseSeine_Small";"B";"05/28/2026 10:53:50";"08/13/2025 10:16:56";"Indonesia";"Purse Seine Small";"PurseSeine_Small";"IP";"NA(EEZ)";"NA";"IP";"IP";"IP";"NA";"IP";"IP";"IP";"D";"Y"
"10388";"NUSANTARA JAYA 5";"8527585";"IMO#";"ID";"PurseSeine";"PurseSeine_Small";"N";"05/01/2025 08:58:47";"08/12/2024 16:49:27";"Indonesia";"Purse Seine Small";"PurseSeine_Small";"Y";"NA(EEZ)";"NA";"Y";"Y";"Y";"NA";"Y";"Y";"Y";"D";"N"
"10403";"NUSANTARA JAYA 88";"8527573";"IMO#";"ID";"PurseSeine";"PurseSeine_Small";"N";"08/14/2025 06:30:41";"08/14/2025 06:30:23";"Indonesia";"Purse Seine Small";"PurseSeine_Small";"Y";"NA(EEZ)";"NA";"Y";"Y";"Y";"NA";"Y";"Y";"Y";"D";"N"
"10400";"NUSANTARA V";"8524014";"IMO#";"ID";"PurseSeine";"PurseSeine_Small";"N";"08/12/2026 23:56:37";"08/12/2024 16:46:40";"Indonesia";"Purse Seine Small";"PurseSeine_Small";"Y";"WCPFC";"Y";"Y";"Y";"Y";"NA";"Y";"Y";"Y";"D";"Y"
"216";"OCEAN LADY";"7927817";"IMO#";"EC";"PurseSeine";"PurseSeine_Small";"N";"06/09/2026 17:28:03";"06/09/2026 17:27:24";"Ecuador";"Purse Seine Small";"PurseSeine_Small";"Y";"IATTC";"Y";"Y";"Y";"Y";"NA";"Y";"Y";"Y";"D";"Y"
"11296";"OCEANIC BLUE";"2644599";"IMO#";"PH";"PurseSeine";"PurseSeine_Small";"B";"06/23/2026 11:03:54";"08/01/2024 08:40:39";"Philippines";"Purse Seine Small";"PurseSeine_Small";"IP";"";"IP";"IP";"IP";"IP";"NA";"IP";"IP";"IP";"D";"IP"
"18838";"PANGLIMA MUDA 1";"i7003250";"TUVI/ISSF";"ID";"PurseSeine";"PurseSeine_Small";"B";"05/24/2025 17:06:00";"04/09/2025 07:45:05";"Indonesia";"Purse Seine Small";"PurseSeine_Small";"Y";"NA(EEZ)";"NA";"Y";"Y";"Y";"NA";"Y";"Y";"Y";"D";"Y"
"14291";"PERINTIS NUSANTARA";"i7001731";"TUVI/ISSF";"ID";"PurseSeine";"PurseSeine_Small";"B";"05/28/2026 10:54:59";"08/14/2025 07:21:23";"Indonesia";"Purse Seine Small";"PurseSeine_Small";"Y";"NA(EEZ)";"NA";"Y";"Y";"Y";"NA";"Y";"Y";"Y";"D";"N"
"14288";"PERINTIS SAMUDRA";"i7001728";"TUVI/ISSF";"ID";"PurseSeine";"PurseSeine_Small";"B";"05/28/2026 10:55:34";"08/14/2025 07:22:27";"Indonesia";"Purse Seine Small";"PurseSeine_Small";"Y";"NA(EEZ)";"NA";"Y";"Y";"Y";"NA";"Y";"Y";"Y";"D";"N"
"19128";"PRINCESS KAMILAH 102";"8467113";"IMO#";"PH";"PurseSeine";"PurseSeine_Small";"B";"07/17/2025 17:23:02";"07/17/2025 17:18:19";"Philippines";"Purse Seine Small";"PurseSeine_Small";"Y";"NA(EEZ)";"NA";"Y";"Y";"Y";"NA";"Y";"Y";"Y";"D";"Y"
"19129";"PRINCESS KAMILAH 105";"8467101";"IMO#";"PH";"PurseSeine";"PurseSeine_Small";"B";"07/17/2025 17:35:34";"07/17/2025 17:33:45";"Philippines";"Purse Seine Small";"PurseSeine_Small";"Y";"NA(EEZ)";"NA";"Y";"Y";"Y";"NA";"Y";"Y";"Y";"D";"Y"
"3244";"PRINCESS MAVIE 101";"8811845";"IMO#";"PH";"PurseSeine";"PurseSeine_Small";"N";"08/12/2026 13:15:07";"08/06/2026 16:38:30";"Philippines";"Purse Seine Small";"PurseSeine_Small";"Y";"WCPFC";"Y";"Y";"Y";"Y";"NA";"Y";"Y";"Y";"D";"Y"
"6944";"PRINCESS MAVIE 888";"7935565";"IMO#";"PH";"PurseSeine";"PurseSeine_Small";"N";"08/12/2026 13:14:20";"09/18/2025 02:11:31";"Philippines";"Purse Seine Small";"PurseSeine_Small";"Y";"WCPFC";"Y";"Y";"Y";"Y";"NA";"Y";"Y";"Y";"D";"Y"
"10391";"PULAU PERMATA V";"8524313";"IMO#";"ID";"PurseSeine";"PurseSeine_Small";"N";"08/13/2026 00:51:25";"08/12/2024 16:32:41";"Indonesia";"Purse Seine Small";"PurseSeine_Small";"Y";"NA(EEZ)";"NA";"Y";"Y";"Y";"NA";"Y";"Y";"Y";"D";"Y"
"6339";"PUTRA KHALIFAH";"i7000434";"TUVI/ISSF";"ID";"PurseSeine";"PurseSeine_Small";"N";"06/19/2026 01:57:31";"08/17/2025 10:10:59";"Indonesia";"Purse Seine Small";"PurseSeine_Small";"IP";"";"NA";"IP";"IP";"IP";"NA";"IP";"IP";"IP";"D";"IP"
"18840";"PUTRA MONAS";"i7003252";"TUVI/ISSF";"ID";"PurseSeine";"PurseSeine_Small";"B";"06/05/2025 07:40:33";"04/09/2025 07:57:21";"Indonesia";"Purse Seine Small";"PurseSeine_Small";"Y";"NA(EEZ)";"NA";"Y";"Y";"Y";"NA";"Y";"Y";"Y";"D";"Y"
"15427";"PUTRA PIJAY";"i7001978";"TUVI/ISSF";"ID";"PurseSeine";"PurseSeine_Small";"B";"08/17/2025 10:33:55";"08/17/2025 10:33:43";"Indonesia";"Purse Seine Small";"PurseSeine_Small";"IP";"NA(EEZ)";"NA";"IP";"IP";"IP";"NA";"IP";"IP";"IP";"D";"IP"
"18836";"PUTRA RAJA 1";"i7003248";"TUVI/ISSF";"ID";"PurseSeine";"PurseSeine_Small";"B";"04/16/2025 06:48:55";"04/09/2025 08:03:09";"Indonesia";"Purse Seine Small";"PurseSeine_Small";"Y";"";"NA";"Y";"Y";"Y";"NA";"Y";"Y";"Y";"D";"Y"
"15785";"PUTRA RAJA 2";"i7002222";"TUVI/ISSF";"ID";"PurseSeine";"PurseSeine_Small";"B";"08/17/2025 10:17:52";"08/17/2025 10:17:41";"Indonesia";"Purse Seine Small";"PurseSeine_Small";"Y";"NA(EEZ)";"NA";"Y";"Y";"Y";"NA";"Y";"Y";"Y";"D";"N"
"5865";"PUTRA SARI";"i7000006";"TUVI/ISSF";"ID";"PurseSeine";"PurseSeine_Small";"N";"10/20/2025 09:10:39";"08/17/2025 10:25:13";"Indonesia";"Purse Seine Small";"PurseSeine_Small";"IP";"NA(EEZ)";"NA";"IP";"IP";"IP";"NA";"IP";"IP";"IP";"D";"IP"
"19626";"PUTRI INDAH 4";"1179224";"IMO#";"ID";"PurseSeine";"PurseSeine_Small";"B";"05/21/2026 16:13:28";"05/20/2026 04:40:00";"Indonesia";"Purse Seine Small";"PurseSeine_Small";"Y";"";"IP";"Y";"Y";"Y";"NA";"Y";"Y";"Y";"D";"Y"
"15425";"RAHMAT NELAYAN";"i7001976";"TUVI/ISSF";"ID";"PurseSeine";"PurseSeine_Small";"B";"04/30/2026 15:41:34";"04/14/2026 08:45:26";"Indonesia";"Purse Seine Small";"PurseSeine_Small";"Y";"NA(EEZ)";"NA";"Y";"Y";"Y";"NA";"Y";"Y";"Y";"D";"Y"
"11297";"RAJAWALI 1";"8791916";"IMO#";"ID";"PurseSeine";"PurseSeine_Small";"B";"05/28/2026 10:57:21";"08/18/2025 09:34:27";"Indonesia";"Purse Seine Small";"PurseSeine_Small";"IP";"";"NA";"IP";"IP";"IP";"NA";"IP";"IP";"IP";"D";"IP"
"14196";"RAJAWALI 5";"8791992";"IMO#";"ID";"PurseSeine";"PurseSeine_Small";"B";"05/28/2026 10:58:16";"08/17/2025 10:53:31";"Indonesia";"Purse Seine Small";"PurseSeine_Small";"IP";"";"NA";"IP";"IP";"IP";"NA";"IP";"IP";"IP";"D";"IP"
"15786";"RAJAWALI GROUP 4";"i7002223";"TUVI/ISSF";"ID";"PurseSeine";"PurseSeine_Small";"B";"08/17/2025 10:58:23";"08/17/2025 10:58:13";"Indonesia";"Purse Seine Small";"PurseSeine_Small";"IP";"NA(EEZ)";"NA";"IP";"IP";"IP";"NA";"IP";"IP";"IP";"D";"IP"
"5864";"RATNA SARI";"i7000005";"TUVI/ISSF";"ID";"PurseSeine";"PurseSeine_Small";"N";"10/20/2025 09:10:30";"08/17/2025 11:02:31";"Indonesia";"Purse Seine Small";"PurseSeine_Small";"IP";"NA(EEZ)";"NA";"IP";"IP";"IP";"NA";"IP";"IP";"IP";"D";"IP"
"752";"RELL & RENN";"TUVI-0015404";"TUVI/ISSF";"PH";"PurseSeine";"PurseSeine_Small";"N";"06/20/2025 15:44:02";"06/04/2025 19:53:43";"Philippines";"Purse Seine Small";"PurseSeine_Small";"IP";"";"NA";"IP";"IP";"IP";"NA";"IP";"IP";"IP";"D";"IP"
"7682";"RELL & RENN 10";"8696908";"IMO#";"PH";"PurseSeine";"PurseSeine_Small";"N";"08/12/2026 13:18:50";"06/16/2025 19:43:00";"Philippines";"Purse Seine Small";"PurseSeine_Small";"Y";"WCPFC";"Y";"Y";"Y";"Y";"NA";"Y";"Y";"Y";"D";"Y"
"748";"RELL & RENN 11";"TUVI-0036480";"TUVI/ISSF";"PH";"PurseSeine";"PurseSeine_Small";"N";"06/22/2026 03:09:28";"06/16/2025 19:47:55";"Philippines";"Purse Seine Small";"PurseSeine_Small";"IP";"";"NA";"IP";"IP";"IP";"NA";"IP";"IP";"IP";"D";"IP"
"1060";"RELL & RENN 15";"8696910";"IMO#";"PH";"PurseSeine";"PurseSeine_Small";"B";"06/16/2025 20:00:27";"06/16/2025 20:00:19";"Philippines";"Purse Seine Small";"PurseSeine_Small";"N";"";"N";"N";"N";"N";"NA";"N";"N";"N";"D";"N"
"7681";"RELL & RENN 20";"8696922";"IMO#";"PH";"PurseSeine";"PurseSeine_Small";"N";"06/16/2025 20:04:56";"06/16/2025 20:04:43";"Philippines";"Purse Seine Small";"PurseSeine_Small";"Y";"NA(EEZ)";"NA";"Y";"Y";"Y";"NA";"Y";"Y";"Y";"D";"Y"
"1062";"RELL & RENN 25";"8696996";"IMO#";"PH";"PurseSeine";"PurseSeine_Small";"N";"06/16/2025 20:10:06";"06/16/2025 20:09:56";"Philippines";"Purse Seine Small";"PurseSeine_Small";"Y";"NA(EEZ)";"NA";"Y";"Y";"Y";"NA";"Y";"Y";"Y";"D";"Y"
"754";"RELL & RENN 6";"TUVI-0036478";"TUVI/ISSF";"PH";"PurseSeine";"PurseSeine_Small";"N";"12/01/2025 17:57:04";"06/16/2025 20:19:12";"Philippines";"Purse Seine Small";"PurseSeine_Small";"IP";"";"NA";"IP";"IP";"IP";"NA";"IP";"IP";"IP";"D";"IP"
"750";"RELL & RENN 7";"TUVI-0036473";"TUVI/ISSF";"PH";"PurseSeine";"PurseSeine_Small";"N";"06/22/2026 03:09:53";"06/16/2025 20:53:06";"Philippines";"Purse Seine Small";"PurseSeine_Small";"IP";"";"NA";"IP";"IP";"IP";"NA";"IP";"IP";"IP";"D";"IP"
"753";"RELL & RENN 8";"TUVI-0036479";"TUVI/ISSF";"PH";"PurseSeine";"PurseSeine_Small";"N";"06/22/2026 03:12:07";"06/17/2025 20:55:54";"Philippines";"Purse Seine Small";"PurseSeine_Small";"IP";"";"NA";"IP";"IP";"IP";"NA";"IP";"IP";"IP";"D";"IP"
"7683";"RELL & RENN 9";"8696867";"IMO#";"PH";"PurseSeine";"PurseSeine_Small";"N";"06/23/2026 11:06:18";"06/17/2025 21:04:09";"Philippines";"Purse Seine Small";"PurseSeine_Small";"IP";"";"IP";"IP";"IP";"IP";"NA";"IP";"IP";"IP";"D";"IP"
"763";"RELL & RENN C V";"8692380";"IMO#";"PH";"PurseSeine";"PurseSeine_Small";"N";"06/22/2026 03:13:07";"06/17/2025 21:07:32";"Philippines";"Purse Seine Small";"PurseSeine_Small";"IP";"";"NA";"IP";"IP";"IP";"NA";"IP";"IP";"IP";"D";"IP"
"765";"RELL & RENN C-8";"8692392";"IMO#";"PH";"PurseSeine";"PurseSeine_Small";"N";"06/17/2025 21:11:26";"06/17/2025 21:11:15";"Philippines";"Purse Seine Small";"PurseSeine_Small";"Y";"NA(EEZ)";"NA";"Y";"Y";"Y";"NA";"Y";"Y";"Y";"D";"Y"
"749";"RELL & RENN C-II";"8795986";"IMO#";"PH";"PurseSeine";"PurseSeine_Small";"N";"08/12/2026 17:12:25";"06/17/2025 21:22:19";"Philippines";"Purse Seine Small";"PurseSeine_Small";"Y";"WCPFC";"Y";"Y";"Y";"Y";"NA";"Y";"IP";"Y";"D";"Y"
"751";"RELL & RENN V";"TUVI-0015408";"TUVI/ISSF";"PH";"PurseSeine";"PurseSeine_Small";"N";"06/22/2026 03:11:30";"06/17/2025 21:33:00";"Philippines";"Purse Seine Small";"PurseSeine_Small";"IP";"";"NA";"IP";"IP";"IP";"NA";"IP";"IP";"IP";"D";"IP"
"7676";"RRCS 15";"8696893";"IMO#";"PH";"PurseSeine";"PurseSeine_Small";"N";"08/12/2026 17:19:22";"06/18/2025 10:24:28";"Philippines";"Purse Seine Small";"PurseSeine_Small";"Y";"WCPFC";"Y";"Y";"Y";"Y";"NA";"Y";"Y";"Y";"D";"Y"
"7677";"RRCS 20";"8696879";"IMO#";"PH";"PurseSeine";"PurseSeine_Small";"N";"06/22/2026 03:08:30";"06/18/2025 10:29:19";"Philippines";"Purse Seine Small";"PurseSeine_Small";"IP";"";"IP";"IP";"IP";"IP";"NA";"IP";"IP";"IP";"D";"IP"
"7678";"RRCS 25";"8696881";"IMO#";"PH";"PurseSeine";"PurseSeine_Small";"N";"06/22/2026 14:38:47";"06/18/2025 10:33:10";"Philippines";"Purse Seine Small";"PurseSeine_Small";"IP";"";"IP";"IP";"IP";"IP";"NA";"IP";"IP";"IP";"D";"IP"
"766";"RRCS 9";"8692366";"IMO#";"PH";"PurseSeine";"PurseSeine_Small";"N";"06/22/2026 14:36:23";"06/18/2025 10:35:37";"Philippines";"Purse Seine Small";"PurseSeine_Small";"IP";"";"NA";"IP";"IP";"IP";"NA";"IP";"IP";"IP";"D";"IP"
"6943";"SAL NUEVE";"7823700";"IMO#";"PH";"PurseSeine";"PurseSeine_Small";"B";"08/12/2026 13:20:40";"08/19/2025 21:54:43";"Philippines";"Purse Seine Small";"PurseSeine_Small";"Y";"WCPFC";"Y";"Y";"Y";"Y";"NA";"Y";"Y";"Y";"D";"Y"
"9751";"SAL SIETE";"8002224";"IMO#";"PH";"PurseSeine";"PurseSeine_Small";"N";"08/12/2026 13:13:45";"04/07/2021 05:18:36";"Philippines";"Purse Seine Small";"PurseSeine_Small";"Y";"WCPFC";"Y";"Y";"Y";"Y";"NA";"Y";"Y";"Y";"D";"Y"
"18832";"SEMANGAT BARU BAHARI";"8460050";"IMO#";"ID";"PurseSeine";"PurseSeine_Small";"B";"05/01/2025 09:03:05";"01/31/2025 11:12:18";"Indonesia";"Purse Seine Small";"PurseSeine_Small";"Y";"";"NA";"Y";"Y";"Y";"NA";"Y";"Y";"Y";"D";"N"
"14125";"SEMANGAT JAYA";"i7001631";"TUVI/ISSF";"ID";"PurseSeine";"PurseSeine_Small";"B";"05/04/2026 08:23:21";"08/18/2025 10:58:49";"Indonesia";"Purse Seine Small";"PurseSeine_Small";"Y";"NA(EEZ)";"NA";"Y";"Y";"Y";"NA";"Y";"Y";"Y";"D";"Y"
"14127";"SEMANGAT MITRA BAHARI";"i7001633";"TUVI/ISSF";"ID";"PurseSeine";"PurseSeine_Small";"B";"05/04/2026 08:23:58";"08/18/2025 11:00:11";"Indonesia";"Purse Seine Small";"PurseSeine_Small";"Y";"NA(EEZ)";"NA";"Y";"Y";"Y";"NA";"Y";"Y";"Y";"D";"Y"
"18884";"SENTOSA";"8579124";"IMO#";"ID";"PurseSeine";"PurseSeine_Small";"B";"05/10/2025 17:32:45";"03/28/2025 08:10:35";"Indonesia";"Purse Seine Small";"PurseSeine_Small";"Y";"NA(EEZ)";"NA";"Y";"Y";"Y";"NA";"Y";"Y";"Y";"D";"Y"
"5860";"SETIA MAJU";"i7000001";"TUVI/ISSF";"ID";"PurseSeine";"PurseSeine_Small";"N";"05/04/2026 08:22:09";"08/18/2025 11:02:01";"Indonesia";"Purse Seine Small";"PurseSeine_Small";"Y";"NA(EEZ)";"NA";"Y";"Y";"Y";"NA";"Y";"Y";"Y";"D";"Y"
"6237";"SINAR BAHARI UTAMA";"i7000372";"TUVI/ISSF";"ID";"PurseSeine";"PurseSeine_Small";"N";"04/30/2026 16:33:17";"04/15/2026 07:07:57";"Indonesia";"Purse Seine Small";"PurseSeine_Small";"Y";"NA(EEZ)";"NA";"Y";"Y";"Y";"NA";"Y";"Y";"Y";"D";"Y"
"7764";"SINAR MAS 7";"i7000525";"TUVI/ISSF";"ID";"PurseSeine";"PurseSeine_Small";"N";"11/12/2025 10:38:40";"08/19/2025 20:21:22";"Indonesia";"Purse Seine Small";"PurseSeine_Small";"IP";"";"NA";"IP";"IP";"IP";"NA";"IP";"IP";"IP";"D";"IP"
"18834";"SINAR MENTARI 2";"i7003246";"TUVI/ISSF";"ID";"PurseSeine";"PurseSeine_Small";"B";"04/14/2025 10:53:47";"04/09/2025 08:10:37";"Indonesia";"Purse Seine Small";"PurseSeine_Small";"Y";"";"NA";"Y";"Y";"Y";"NA";"Y";"Y";"Y";"D";"Y"
"6013";"SINAR TERANG";"i7000152";"TUVI/ISSF";"ID";"PurseSeine";"PurseSeine_Small";"N";"08/17/2025 11:38:19";"08/17/2025 11:38:05";"Indonesia";"Purse Seine Small";"PurseSeine_Small";"IP";"NA(EEZ)";"NA";"IP";"IP";"IP";"NA";"IP";"IP";"IP";"D";"IP"
"263";"SOUTHERN QUEEN";"7309003";"IMO#";"EC";"PurseSeine";"PurseSeine_Small";"N";"08/21/2025 16:11:24";"08/21/2025 16:11:00";"Ecuador";"Purse Seine Small";"PurseSeine_Small";"Y";"IATTC";"Y";"Y";"Y";"Y";"NA";"Y";"Y";"Y";"D";"Y"
"9947";"ST. MICHAEL 138";"8535673";"IMO#";"PH";"PurseSeine";"PurseSeine_Small";"N";"08/12/2026 13:15:49";"08/19/2025 21:42:06";"Philippines";"Purse Seine Small";"PurseSeine_Small";"IP";"NA(EEZ)";"IP";"IP";"IP";"IP";"NA";"IP";"IP";"IP";"D";"IP"
"7717";"ST. MICHAEL 168";"2747573";"IMO#";"PH";"PurseSeine";"PurseSeine_Small";"N";"08/19/2025 21:42:50";"08/19/2025 21:42:37";"Philippines";"Purse Seine Small";"PurseSeine_Small";"IP";"NA(EEZ)";"NA";"IP";"IP";"IP";"NA";"IP";"IP";"IP";"D";"IP"
"9948";"ST. MICHAEL 808";"9812573";"IMO#";"PH";"PurseSeine";"PurseSeine_Small";"N";"08/12/2026 13:18:11";"08/19/2025 21:43:02";"Philippines";"Purse Seine Small";"PurseSeine_Small";"IP";"NA(EEZ)";"IP";"IP";"IP";"IP";"NA";"IP";"IP";"IP";"D";"IP"
"12492";"STO. NINO 777";"9894155";"IMO#";"PH";"PurseSeine";"PurseSeine_Small";"B";"08/12/2026 13:19:53";"08/19/2025 21:08:06";"Philippines";"Purse Seine Small";"PurseSeine_Small";"Y";"WCPFC";"Y";"Y";"Y";"Y";"NA";"Y";"Y";"Y";"D";"Y"
"5863";"SUKA MAJU";"i7000004";"TUVI/ISSF";"ID";"PurseSeine";"PurseSeine_Small";"N";"08/18/2025 09:38:09";"08/18/2025 09:37:40";"Indonesia";"Purse Seine Small";"PurseSeine_Small";"Y";"NA(EEZ)";"NA";"Y";"Y";"Y";"NA";"Y";"Y";"Y";"D";"Y"
"14289";"SUKSES MAJU";"i7001729";"TUVI/ISSF";"ID";"PurseSeine";"PurseSeine_Small";"B";"05/28/2026 10:59:19";"08/19/2025 20:24:31";"Indonesia";"Purse Seine Small";"PurseSeine_Small";"Y";"NA(EEZ)";"NA";"Y";"Y";"Y";"NA";"Y";"Y";"Y";"D";"N"
"19624";"SUMBER BARU";"i7003822";"TUVI/ISSF";"ID";"PurseSeine";"PurseSeine_Small";"B";"05/21/2026 16:04:41";"05/19/2026 09:36:30";"Indonesia";"Purse Seine Small";"PurseSeine_Small";"Y";"";"IP";"Y";"Y";"Y";"NA";"Y";"Y";"Y";"D";"Y"
"5861";"SUMBER JAYA";"i7000002";"TUVI/ISSF";"ID";"PurseSeine";"PurseSeine_Small";"N";"08/18/2025 09:41:56";"08/18/2025 09:41:35";"Indonesia";"Purse Seine Small";"PurseSeine_Small";"IP";"NA(EEZ)";"NA";"IP";"IP";"IP";"NA";"IP";"IP";"IP";"D";"IP"
"14129";"SUMBER KASIH";"i7001635";"TUVI/ISSF";"ID";"PurseSeine";"PurseSeine_Small";"B";"06/23/2026 16:47:38";"04/09/2025 08:17:36";"Indonesia";"Purse Seine Small";"PurseSeine_Small";"IP";"";"NA";"IP";"IP";"IP";"NA";"IP";"IP";"IP";"D";"IP"
"18340";"SURYA INDAH";"i7002916";"TUVI/ISSF";"ID";"PurseSeine";"PurseSeine_Small";"B";"05/01/2025 09:06:25";"12/27/2024 09:14:00";"Indonesia";"Purse Seine Small";"PurseSeine_Small";"Y";"";"NA";"Y";"Y";"Y";"NA";"Y";"Y";"Y";"D";"N"
"11213";"TERATAI 1";"8526828";"IMO#";"ID";"PurseSeine";"PurseSeine_Small";"B";"04/10/2026 10:50:32";"05/03/2022 13:21:14";"Indonesia";"Purse Seine Small";"PurseSeine_Small";"IP";"";"IP";"IP";"IP";"IP";"NA";"IP";"IP";"IP";"D";"IP"
"16355";"TETAP FIRAS";"i7002639";"TUVI/ISSF";"ID";"PurseSeine";"PurseSeine_Small";"B";"04/12/2025 11:12:40";"04/09/2025 08:23:39";"Indonesia";"Purse Seine Small";"PurseSeine_Small";"Y";"";"NA";"Y";"Y";"Y";"NA";"Y";"Y";"Y";"D";"Y"
"5866";"TIGA SAUDARA";"i7000007";"TUVI/ISSF";"ID";"PurseSeine";"PurseSeine_Small";"N";"05/28/2026 11:01:21";"08/18/2025 09:44:10";"Indonesia";"Purse Seine Small";"PurseSeine_Small";"Y";"NA(EEZ)";"NA";"Y";"Y";"N";"NA";"Y";"Y";"Y";"D";"N"
"10392";"TIP 102";"8527597";"IMO#";"ID";"PurseSeine";"PurseSeine_Small";"N";"08/13/2026 00:34:23";"08/21/2025 16:28:49";"Indonesia";"Purse Seine Small";"PurseSeine_Small";"Y";"NA(EEZ)";"NA";"Y";"Y";"Y";"NA";"Y";"Y";"Y";"D";"Y"
"10393";"TIRTA MAKMUR II";"8524337";"IMO#";"ID";"PurseSeine";"PurseSeine_Small";"N";"08/21/2025 16:31:22";"08/21/2025 16:31:12";"Indonesia";"Purse Seine Small";"PurseSeine_Small";"IP";"";"NA";"IP";"IP";"IP";"NA";"IP";"IP";"IP";"D";"IP"
"443";"TORTUGAS";"7922336";"IMO#";"NZ";"PurseSeine";"PurseSeine_Small";"N";"08/25/2026 03:02:10";"08/25/2026 03:01:57";"New Zealand";"Purse Seine Small";"PurseSeine_Small";"Y";"NA(EEZ)";"NA";"Y";"Y";"Y";"NA";"Y";"Y";"Y";"D";"N"
"5990";"TRI BUKIT";"i7000131";"TUVI/ISSF";"ID";"PurseSeine";"PurseSeine_Small";"N";"05/04/2026 08:22:43";"08/19/2025 20:26:13";"Indonesia";"Purse Seine Small";"PurseSeine_Small";"Y";"NA(EEZ)";"NA";"Y";"Y";"Y";"NA";"Y";"Y";"Y";"D";"Y"
"6012";"TRI SAKTI";"i7000151";"TUVI/ISSF";"ID";"PurseSeine";"PurseSeine_Small";"N";"08/18/2025 09:46:29";"08/18/2025 09:46:15";"Indonesia";"Purse Seine Small";"PurseSeine_Small";"IP";"NA(EEZ)";"NA";"IP";"IP";"IP";"NA";"IP";"IP";"IP";"D";"IP"
"5988";"TRI STAR";"i7000129";"TUVI/ISSF";"ID";"PurseSeine";"PurseSeine_Small";"N";"09/03/2025 08:24:28";"08/18/2025 09:47:23";"Indonesia";"Purse Seine Small";"PurseSeine_Small";"IP";"NA(EEZ)";"NA";"IP";"IP";"IP";"NA";"IP";"IP";"IP";"D";"IP"
"5949";"USAHA BERSAMA";"i7000090";"TUVI/ISSF";"ID";"PurseSeine";"PurseSeine_Small";"N";"05/01/2025 09:08:39";"12/27/2024 09:40:11";"Indonesia";"Purse Seine Small";"PurseSeine_Small";"Y";"";"NA";"Y";"Y";"Y";"NA";"Y";"Y";"Y";"D";"N"
"10083";"VIRGIN MARY OF CAYSASAY";"8698097";"IMO#";"PH";"PurseSeine";"PurseSeine_Small";"N";"08/12/2026 13:17:33";"08/19/2025 21:45:46";"Philippines";"Purse Seine Small";"PurseSeine_Small";"IP";"";"IP";"IP";"IP";"IP";"NA";"IP";"IP";"IP";"D";"IP"
"10598";"VIRGIN MARY OF CAYSASAY 1";"8785620";"IMO#";"PH";"PurseSeine";"PurseSeine_Small";"N";"08/12/2026 13:17:01";"08/19/2025 21:47:17";"Philippines";"Purse Seine Small";"PurseSeine_Small";"IP";"NA(EEZ)";"IP";"IP";"IP";"IP";"NA";"IP";"IP";"IP";"D";"IP"
"764";"VIRGIN MARY OF CAYSASAY 2";"8692378";"IMO#";"PH";"PurseSeine";"PurseSeine_Small";"N";"06/23/2026 11:05:09";"06/18/2025 10:42:04";"Philippines";"Purse Seine Small";"PurseSeine_Small";"IP";"";"IP";"IP";"IP";"IP";"NA";"IP";"IP";"IP";"D";"IP"
"7731";"VMC 138";"2392328";"IMO#";"PH";"PurseSeine";"PurseSeine_Small";"N";"05/13/2025 07:41:16";"01/30/2017 13:18:36";"Philippines";"Purse Seine Small";"PurseSeine_Small";"IP";"";"NA";"IP";"IP";"IP";"NA";"IP";"IP";"IP";"D";"IP"
"10603";"VMC 168";"8535843";"IMO#";"PH";"PurseSeine";"PurseSeine_Small";"N";"08/19/2025 21:48:23";"08/19/2025 21:48:06";"Philippines";"Purse Seine Small";"PurseSeine_Small";"IP";"NA(EEZ)";"NA";"IP";"IP";"IP";"NA";"IP";"IP";"IP";"D";"IP"
"11295";"VMC 188";"8786727";"IMO#";"PH";"PurseSeine";"PurseSeine_Small";"B";"08/12/2026 13:16:31";"08/01/2024 10:26:29";"Philippines";"Purse Seine Small";"PurseSeine_Small";"IP";"NA(EEZ)";"NA";"IP";"IP";"IP";"NA";"IP";"IP";"IP";"D";"IP"
"6236";"YAKIN MAJU";"i7000371";"TUVI/ISSF";"ID";"PurseSeine";"PurseSeine_Small";"N";"06/23/2026 16:46:44";"04/09/2025 08:32:07";"Indonesia";"Purse Seine Small";"PurseSeine_Small";"IP";"";"NA";"IP";"IP";"IP";"NA";"IP";"IP";"IP";"D";"IP"
"5862";"YAKIN MAJU 2";"i7000003";"TUVI/ISSF";"ID";"PurseSeine";"PurseSeine_Small";"N";"06/23/2026 16:45:51";"06/05/2026 08:51:52";"Indonesia";"Purse Seine Small";"PurseSeine_Small";"IP";"";"NA";"IP";"IP";"IP";"NA";"IP";"IP";"IP";"D";"IP"
"5989";"YAKIN MAJU 3";"i7000130";"TUVI/ISSF";"ID";"PurseSeine";"PurseSeine_Small";"N";"06/23/2026 16:45:20";"08/18/2025 10:29:50";"Indonesia";"Purse Seine Small";"PurseSeine_Small";"IP";"";"NA";"IP";"IP";"IP";"NA";"IP";"IP";"IP";"D";"IP"
"18114";"AHKYAR BAHTERA";"i7002735";"TUVI/ISSF";"ID";"PurseSeine";"PurseSeine_VerySmall";"B";"07/14/2025 22:10:48";"06/25/2025 03:05:25";"Indonesia";"Purse Seine VerySmall";"PurseSeine_VerySmall";"Y";"NA(EEZ)";"NA";"Y";"Y";"Y";"NA";"Y";"Y";"Y";"D";"Y"
"16349";"FORTUNA BARU";"i7002633";"TUVI/ISSF";"ID";"PurseSeine";"PurseSeine_VerySmall";"B";"06/19/2026 01:55:45";"04/09/2025 07:09:01";"Indonesia";"Purse Seine VerySmall";"PurseSeine_VerySmall";"IP";"";"NA";"IP";"IP";"IP";"NA";"IP";"IP";"IP";"D";"IP"
"7735";"JASA KAKAP MERAH";"i7000500";"TUVI/ISSF";"ID";"PurseSeine";"PurseSeine_VerySmall";"N";"08/07/2025 16:38:26";"08/07/2025 16:38:10";"Indonesia";"Purse Seine VerySmall";"PurseSeine_VerySmall";"IP";"";"NA";"IP";"IP";"IP";"NA";"IP";"IP";"IP";"D";"IP"
"16354";"PUTRA ACEH 4";"i7002638";"TUVI/ISSF";"ID";"PurseSeine";"PurseSeine_VerySmall";"B";"11/12/2025 10:32:26";"04/09/2025 07:51:28";"Indonesia";"Purse Seine VerySmall";"PurseSeine_VerySmall";"IP";"";"NA";"IP";"IP";"IP";"NA";"IP";"IP";"IP";"D";"IP"
"6167";"RAHMAD NELAYAN";"i7000305";"TUVI/ISSF";"ID";"PurseSeine";"PurseSeine_VerySmall";"N";"06/03/2026 23:46:11";"08/17/2025 10:39:11";"Indonesia";"Purse Seine VerySmall";"PurseSeine_VerySmall";"N";"";"NA";"N";"N";"N";"NA";"N";"N";"N";"D";"N"
"1025";"ALAKRANTXU";"9156929";"IMO#";"ES";"SupplyAndTender";"SupplyAndTender";"N";"08/21/2025 11:52:30";"05/01/2025 10:46:06";"Spain";"Supply And Tender";"SupplyAndTender";"Y";"ICCAT, IOTC";"Y";"Y";"Y";"Y";"D";"D";"D";"Y";"D";"Y"
"1026";"ARCHANDA";"9324033";"IMO#";"ES";"SupplyAndTender";"SupplyAndTender";"N";"09/09/2025 17:46:50";"05/05/2025 17:56:43";"Spain";"Supply And Tender";"SupplyAndTender";"N";"";"N";"N";"N";"N";"D";"D";"D";"N";"D";"N"
"8254";"ARTIKE";"9808120";"IMO#";"CW";"SupplyAndTender";"SupplyAndTender";"N";"08/18/2026 03:59:51";"08/18/2026 03:59:43";"Curaçao";"Supply And Tender";"SupplyAndTender";"N";"";"N";"N";"Y";"Y";"D";"D";"D";"N";"D";"Y"
"7949";"BALBAYA";"9097185";"IMO#";"MU";"SupplyAndTender";"SupplyAndTender";"N";"06/03/2026 21:54:44";"04/11/2022 14:11:54";"Mauritius";"Supply And Tender";"SupplyAndTender";"N";"";"N";"N";"N";"N";"D";"D";"D";"N";"D";"N"
"1024";"DICHA BALLENA";"8733445";"IMO#";"BZ";"SupplyAndTender";"SupplyAndTender";"N";"08/14/2026 08:56:38";"08/11/2026 09:53:42";"Belize";"Supply And Tender";"SupplyAndTender";"Y";"ICCAT";"Y";"Y";"Y";"Y";"D";"D";"D";"Y";"D";"Y"
"2320";"DONGWON 121";"8827600";"IMO#";"KR";"SupplyAndTender";"SupplyAndTender";"N";"02/19/2026 11:05:54";"06/29/2023 11:09:45";"Korea, Republic of";"Supply And Tender";"SupplyAndTender";"Y";"IOTC";"Y";"Y";"Y";"Y";"D";"D";"D";"Y";"D";"Y"
"1950";"FARO DE LIBERTAD";"8829452";"IMO#";"SV";"SupplyAndTender";"SupplyAndTender";"N";"06/07/2026 03:46:10";"06/07/2026 03:45:53";"El Salvador";"Supply And Tender";"SupplyAndTender";"Y";"ICCAT";"Y";"Y";"Y";"Y";"D";"D";"D";"Y";"D";"Y"
"7948";"GARBOLA";"9747560";"IMO#";"ES";"SupplyAndTender";"SupplyAndTender";"N";"08/18/2026 04:01:22";"08/18/2026 04:01:11";"Spain";"Supply And Tender";"SupplyAndTender";"N";"";"N";"N";"N";"Y";"D";"D";"D";"N";"D";"Y"
"1309";"GOLFO DE FONSECA";"8829440";"IMO#";"SV";"SupplyAndTender";"SupplyAndTender";"N";"04/04/2025 12:28:12";"08/19/2024 13:20:41";"El Salvador";"Supply And Tender";"SupplyAndTender";"Y";"ICCAT";"Y";"Y";"Y";"Y";"D";"D";"D";"Y";"D";"Y"
"8880";"HAIZEA BAT";"9717943";"IMO#";"CW";"SupplyAndTender";"SupplyAndTender";"N";"07/21/2025 20:58:34";"07/21/2025 20:58:23";"Curaçao";"Supply And Tender";"SupplyAndTender";"Y";"ICCAT";"Y";"Y";"Y";"Y";"D";"D";"D";"Y";"D";"Y"
"7941";"HAIZEA BOST";"9808089";"IMO#";"ES";"SupplyAndTender";"SupplyAndTender";"N";"07/21/2025 20:57:19";"07/21/2025 20:57:04";"Spain";"Supply And Tender";"SupplyAndTender";"Y";"IOTC";"Y";"Y";"Y";"Y";"D";"D";"D";"Y";"D";"Y"
"7939";"HAIZEA HIRU";"9717955";"IMO#";"MU";"SupplyAndTender";"SupplyAndTender";"N";"05/05/2025 08:19:59";"05/01/2025 08:27:19";"Mauritius";"Supply And Tender";"SupplyAndTender";"Y";"IOTC";"Y";"Y";"Y";"Y";"D";"D";"D";"Y";"D";"Y"
"7940";"HAIZEA LAU";"9784805";"IMO#";"TZ";"SupplyAndTender";"SupplyAndTender";"N";"07/21/2025 20:50:18";"07/21/2025 20:50:07";"Tanzania, United Republic of";"Supply And Tender";"SupplyAndTender";"Y";"IOTC";"Y";"Y";"Y";"Y";"D";"D";"D";"Y";"D";"Y"
"10291";"HAIZEA SEI";"9808091";"IMO#";"SC";"SupplyAndTender";"SupplyAndTender";"N";"07/21/2025 20:36:50";"07/21/2025 20:36:40";"Seychelles";"Supply And Tender";"SupplyAndTender";"Y";"IOTC";"Y";"Y";"Y";"Y";"D";"D";"D";"Y";"D";"Y"
"8982";"IRENE";"8304749";"IMO#";"PA";"SupplyAndTender";"SupplyAndTender";"N";"06/09/2026 02:17:28";"06/07/2026 03:03:34";"Panama";"Supply And Tender";"SupplyAndTender";"IP";"";"IP";"IP";"IP";"IP";"D";"D";"D";"IP";"D";"IP"
"815";"JANVIER LOUIS RAPHAEL";"9293026";"IMO#";"FR";"SupplyAndTender";"SupplyAndTender";"N";"09/06/2025 18:09:09";"08/07/2025 16:35:43";"France";"Supply And Tender";"SupplyAndTender";"Y";"IOTC";"Y";"Y";"Y";"Y";"D";"D";"D";"Y";"D";"Y"
"7947";"KERSAINT";"9747572";"IMO#";"FR";"SupplyAndTender";"SupplyAndTender";"N";"08/09/2025 08:44:51";"08/09/2025 08:44:30";"France";"Supply And Tender";"SupplyAndTender";"Y";"IOTC";"Y";"Y";"Y";"Y";"D";"D";"D";"Y";"D";"Y"
"15053";"KILAT MAJU JAYA 21";"8574837";"IMO#";"ID";"SupplyAndTender";"SupplyAndTender";"B";"08/07/2026 15:36:25";"07/01/2026 06:17:37";"Indonesia";"Supply And Tender";"SupplyAndTender";"Y";"IOTC";"Y";"Y";"Y";"Y";"D";"D";"D";"Y";"D";"Y"
"3521";"PATUDO";"9276092";"IMO#";"CW";"SupplyAndTender";"SupplyAndTender";"N";"06/09/2026 16:09:13";"05/05/2025 08:25:26";"Curaçao";"Supply And Tender";"SupplyAndTender";"IP";"";"IP";"IP";"IP";"IP";"D";"D";"D";"IP";"D";"IP"
"3515";"TXORI BAT";"9324019";"IMO#";"SC";"SupplyAndTender";"SupplyAndTender";"N";"06/02/2025 18:01:16";"06/02/2025 18:00:55";"Seychelles";"Supply And Tender";"SupplyAndTender";"Y";"IOTC";"Y";"Y";"Y";"Y";"D";"D";"D";"Y";"D";"Y"
"1028";"TXORI BI";"9319789";"IMO#";"OM";"SupplyAndTender";"SupplyAndTender";"N";"01/27/2026 13:10:29";"01/12/2026 08:30:03";"Oman";"Supply And Tender";"SupplyAndTender";"Y";"IOTC";"Y";"Y";"Y";"Y";"D";"D";"D";"Y";"D";"Y"
"7944";"TXORI HIRU";"9324007";"IMO#";"KE";"SupplyAndTender";"SupplyAndTender";"N";"01/27/2026 13:21:27";"01/13/2026 09:14:41";"Kenya";"Supply And Tender";"SupplyAndTender";"Y";"IOTC";"Y";"Y";"Y";"Y";"D";"D";"D";"Y";"D";"Y"
